tedarikci,marka,ebat,urun_kodu,sezon,alici,donem,adet,fabrika,uretim_bas,uretim_bit,liste
BRISA,LASSA,205/55R16,214800,KIS,KRB,1,800,,,,6087
BRISA,LASSA,205/55R16,214800,KIS,KRB,2,400,,,,6087
BRISA,LASSA,205/55R16,214800,KIS,MUTAFLAR,1,800,,,,6087
BRISA,LASSA,205/55R16,214800,KIS,MUTAFLAR,2,450,,,,6087
BRISA,LASSA,205/55R16,214800,KIS,YEDI_OTO,2,2000,,,,6087
BRISA,LASSA,235/65R16C,243889,KIS,KRB,1,600,,,,12841
BRISA,LASSA,235/65R16C,243889,KIS,KRB,2,300,,,,12841
BRISA,LASSA,235/65R16C,243889,KIS,MUTAFLAR,1,200,,,,12841
BRISA,LASSA,235/65R16C,243889,KIS,MUTAFLAR,2,60,,,,12841
BRISA,LASSA,235/65R16C,243889,KIS,YEDI_OTO,2,400,,,,12841
BRISA,LASSA,175/65R14,212007,KIS,KRB,1,4,,,,4682
BRISA,LASSA,175/65R15,214874,KIS,KRB,1,12,,,,5725
BRISA,LASSA,175/65R15,214874,KIS,KRB,2,8,,,,5725
BRISA,BRIDGESTONE,205/55R16,610569,KIS,KRB,1,300,,,,7069
BRISA,BRIDGESTONE,205/55R16,610569,KIS,KRB,2,100,,,,7069
BRISA,BRIDGESTONE,205/55R16,610569,KIS,MUTAFLAR,1,400,,,,7069
BRISA,BRIDGESTONE,205/55R16,610569,KIS,MUTAFLAR,2,600,,,,7069
BRISA,BRIDGESTONE,205/55R16,610569,KIS,YEDI_OTO,2,200,,,,7069
BRISA,LASSA,175/70R13,212033,KIS,KRB,1,4,,,,4424
BRISA,LASSA,175/70R14,214877,KIS,KRB,1,12,,,,5007
BRISA,LASSA,175/70R14,214877,KIS,KRB,2,8,,,,5007
BRISA,LASSA,175/70R14,214877,KIS,YEDI_OTO,2,8,,,,5007
BRISA,LASSA,185/55R15,224873,KIS,KRB,1,8,,,,6964
BRISA,LASSA,185/55R15,224873,KIS,KRB,2,4,,,,6964
BRISA,LASSA,185/55R15,224873,KIS,MUTAFLAR,2,4,,,,6964
BRISA,BRIDGESTONE,185/55R15,511463,KIS,KRB,1,4,,,,7993
BRISA,BRIDGESTONE,185/55R15,511463,KIS,KRB,2,4,,,,7993
BRISA,BRIDGESTONE,185/55R16,517891,KIS,KRB,1,4,,,,9625
BRISA,BRIDGESTONE,185/55R16,517891,KIS,KRB,2,4,,,,9625
BRISA,LASSA,185/60R14,214879,KIS,KRB,1,20,,,,4944
BRISA,LASSA,185/60R14,214879,KIS,KRB,2,8,,,,4944
BRISA,LASSA,185/60R14,214879,KIS,MUTAFLAR,2,8,,,,4944
BRISA,LASSA,185/60R14,214879,KIS,YEDI_OTO,2,8,,,,4944
BRISA,LASSA,185/60R14,212009,KIS,KRB,1,8,,,,5191
BRISA,LASSA,185/60R15,214853,KIS,MUTAFLAR,1,60,,,,5529
BRISA,LASSA,185/60R15,214853,KIS,MUTAFLAR,2,20,,,,5529
BRISA,LASSA,185/60R15,214853,KIS,YEDI_OTO,2,40,,,,5529
BRISA,LASSA,185/65R15,214885,KIS,KRB,1,400,,,,5009
BRISA,LASSA,185/65R15,214885,KIS,KRB,2,200,,,,5009
BRISA,LASSA,185/65R15,214885,KIS,MUTAFLAR,1,260,,,,5009
BRISA,LASSA,185/65R15,214885,KIS,MUTAFLAR,2,240,,,,5009
BRISA,LASSA,185/65R15,214885,KIS,YEDI_OTO,2,900,,,,5009
BRISA,BRIDGESTONE,185/60R15,612605,KIS,KRB,1,12,,,,6179
BRISA,BRIDGESTONE,185/60R15,612605,KIS,KRB,2,8,,,,6179
BRISA,BRIDGESTONE,185/60R15,612605,KIS,MUTAFLAR,2,8,,,,6179
BRISA,LASSA,185/60R15,212024,KIS,KRB,1,4,,,,5787
BRISA,LASSA,195/55R16,214854,KIS,KRB,1,400,,,,7149
BRISA,LASSA,195/55R16,214854,KIS,KRB,2,200,,,,7149
BRISA,LASSA,195/55R16,214854,KIS,MUTAFLAR,1,200,,,,7149
BRISA,LASSA,195/55R16,214854,KIS,MUTAFLAR,2,200,,,,7149
BRISA,LASSA,195/55R16,214854,KIS,YEDI_OTO,2,80,,,,7149
BRISA,LASSA,185/65R14,212036,KIS,KRB,1,4,,,,5155
BRISA,LASSA,215/75R16C,243880,KIS,KRB,1,400,,,,10006
BRISA,LASSA,215/75R16C,243880,KIS,KRB,2,200,,,,10006
BRISA,LASSA,215/75R16C,243880,KIS,MUTAFLAR,1,200,,,,10006
BRISA,LASSA,215/75R16C,243880,KIS,MUTAFLAR,2,180,,,,10006
BRISA,LASSA,215/75R16C,243880,KIS,YEDI_OTO,2,400,,,,10006
BRISA,BRIDGESTONE,185/65R15,612601,KIS,KRB,1,150,,,,5661
BRISA,BRIDGESTONE,185/65R15,612601,KIS,KRB,2,150,,,,5661
BRISA,BRIDGESTONE,185/65R15,612601,KIS,MUTAFLAR,2,48,,,,5661
BRISA,BRIDGESTONE,185/65R15,612601,KIS,YEDI_OTO,2,100,,,,5661
BRISA,LASSA,195/65R15,214857,KIS,KRB,1,300,,,,5009
BRISA,LASSA,195/65R15,214857,KIS,KRB,2,200,,,,5009
BRISA,LASSA,195/65R15,214857,KIS,MUTAFLAR,1,200,,,,5009
BRISA,LASSA,195/65R15,214857,KIS,MUTAFLAR,2,200,,,,5009
BRISA,LASSA,195/65R15,214857,KIS,YEDI_OTO,2,500,,,,5009
BRISA,BRIDGESTONE,185/65R15,511672,KIS,KRB,1,24,,,,5926
BRISA,BRIDGESTONE,185/65R15,511672,KIS,KRB,2,16,,,,5926
BRISA,LASSA,185/65R15,212005,KIS,KRB,1,12,,,,5365
BRISA,LASSA,185/65R15,212005,KIS,KRB,2,12,,,,5365
BRISA,LASSA,185/70R14,212902,KIS,KRB,1,12,,,,5859
BRISA,LASSA,185/70R14,212902,KIS,KRB,2,8,,,,5859
BRISA,LASSA,185/70R14,212902,KIS,MUTAFLAR,2,12,,,,5859
BRISA,LASSA,185/70R14,212902,KIS,YEDI_OTO,2,4,,,,5859
BRISA,LASSA,185/70R14,212019,KIS,KRB,1,8,,,,6153
BRISA,LASSA,185/75R16C,243831,KIS,KRB,1,20,,,,8485
BRISA,LASSA,185/75R16C,243831,KIS,MUTAFLAR,2,12,,,,8485
BRISA,LASSA,185/75R16C,243831,KIS,YEDI_OTO,2,8,,,,8485
BRISA,LASSA,225/45R17,214848,KIS,KRB,1,200,,,,6827
BRISA,LASSA,225/45R17,214848,KIS,KRB,2,100,,,,6827
BRISA,LASSA,225/45R17,214848,KIS,MUTAFLAR,1,240,,,,6827
BRISA,LASSA,225/45R17,214848,KIS,MUTAFLAR,2,160,,,,6827
BRISA,LASSA,225/45R17,214848,KIS,YEDI_OTO,2,100,,,,6827
BRISA,LASSA,195/45R16,212955,KIS,KRB,1,12,,,,7808
BRISA,LASSA,195/45R16,212955,KIS,MUTAFLAR,2,12,,,,7808
BRISA,LASSA,195/45R16,212955,KIS,YEDI_OTO,2,4,,,,7808
BRISA,LASSA,205/60R16,214806,KIS,KRB,1,200,,,,7483
BRISA,LASSA,205/60R16,214806,KIS,KRB,2,120,,,,7483
BRISA,LASSA,205/60R16,214806,KIS,MUTAFLAR,1,200,,,,7483
BRISA,LASSA,205/60R16,214806,KIS,MUTAFLAR,2,200,,,,7483
BRISA,LASSA,205/60R16,214806,KIS,YEDI_OTO,2,40,,,,7483
BRISA,BRIDGESTONE,235/50R19,610568,KIS,KRB,1,100,,,,17375
BRISA,BRIDGESTONE,235/50R19,610568,KIS,KRB,2,20,,,,17375
BRISA,BRIDGESTONE,235/50R19,610568,KIS,MUTAFLAR,1,160,,,,17375
BRISA,BRIDGESTONE,235/50R19,610568,KIS,MUTAFLAR,2,80,,,,17375
BRISA,BRIDGESTONE,235/50R19,610568,KIS,YEDI_OTO,2,40,,,,17375
BRISA,BRIDGESTONE,195/50R16,517175,KIS,KRB,1,8,,,,9785
BRISA,BRIDGESTONE,195/50R16,517175,KIS,KRB,2,12,,,,9785
BRISA,LASSA,195/55R15,214824,KIS,KRB,1,8,,,,7678
BRISA,LASSA,195/55R15,214824,KIS,MUTAFLAR,2,8,,,,7678
BRISA,BRIDGESTONE,195/55R15,511662,KIS,KRB,2,4,,,,8708
BRISA,BRIDGESTONE,215/55R17,610547,KIS,KRB,1,60,,,,11863
BRISA,BRIDGESTONE,215/55R17,610547,KIS,KRB,2,40,,,,11863
BRISA,BRIDGESTONE,215/55R17,610547,KIS,MUTAFLAR,1,200,,,,11863
BRISA,BRIDGESTONE,215/55R17,610547,KIS,MUTAFLAR,2,20,,,,11863
BRISA,BRIDGESTONE,215/55R17,610547,KIS,YEDI_OTO,2,20,,,,11863
BRISA,BRIDGESTONE,235/65R16C,643342,KIS,KRB,1,100,,,,12960
BRISA,BRIDGESTONE,235/65R16C,643342,KIS,KRB,2,100,,,,12960
BRISA,BRIDGESTONE,235/65R16C,643342,KIS,MUTAFLAR,1,148,,,,12960
BRISA,BRIDGESTONE,235/65R16C,643342,KIS,MUTAFLAR,2,52,,,,12960
BRISA,BRIDGESTONE,235/65R16C,643342,KIS,YEDI_OTO,2,100,,,,12960
BRISA,LASSA,195/55R16,212026,KIS,KRB,1,8,,,,7493
BRISA,BRIDGESTONE,195/55R20,511676,KIS,KRB,2,4,,,,13822
BRISA,LASSA,195/60R15,214834,KIS,MUTAFLAR,1,32,,,,5997
BRISA,LASSA,195/60R15,214834,KIS,MUTAFLAR,2,36,,,,5997
BRISA,LASSA,195/60R15,214834,KIS,YEDI_OTO,2,20,,,,5997
BRISA,LASSA,195/60R16,214835,KIS,KRB,1,40,,,,7983
BRISA,LASSA,195/60R16,214835,KIS,KRB,2,20,,,,7983
BRISA,LASSA,195/60R16,214835,KIS,MUTAFLAR,1,200,,,,7983
BRISA,LASSA,195/60R16,214835,KIS,MUTAFLAR,2,200,,,,7983
BRISA,LASSA,195/60R16,214835,KIS,YEDI_OTO,2,8,,,,7983
BRISA,BRIDGESTONE,195/60R16,517178,KIS,KRB,1,8,,,,8888
BRISA,BRIDGESTONE,195/60R16,517178,KIS,KRB,2,12,,,,8888
BRISA,BRIDGESTONE,195/60R16,517178,KIS,MUTAFLAR,2,20,,,,8888
BRISA,LASSA,185/65R14,214826,KIS,KRB,1,100,,,,4907
BRISA,LASSA,185/65R14,214826,KIS,KRB,2,100,,,,4907
BRISA,LASSA,185/65R14,214826,KIS,MUTAFLAR,1,140,,,,4907
BRISA,LASSA,185/65R14,214826,KIS,MUTAFLAR,2,120,,,,4907
BRISA,LASSA,185/65R14,214826,KIS,YEDI_OTO,2,80,,,,4907
BRISA,BRIDGESTONE,195/60R16C,643330,KIS,KRB,1,20,,,,9782
BRISA,BRIDGESTONE,195/60R16C,643330,KIS,KRB,2,20,,,,9782
BRISA,LASSA,215/55R17,214852,KIS,KRB,1,100,,,,9813
BRISA,LASSA,215/55R17,214852,KIS,KRB,2,60,,,,9813
BRISA,LASSA,215/55R17,214852,KIS,MUTAFLAR,1,140,,,,9813
BRISA,LASSA,215/55R17,214852,KIS,MUTAFLAR,2,100,,,,9813
BRISA,LASSA,215/55R17,214852,KIS,YEDI_OTO,2,100,,,,9813
BRISA,LASSA,175/65R14,214865,KIS,KRB,1,120,,,,4467
BRISA,LASSA,175/65R14,214865,KIS,KRB,2,80,,,,4467
BRISA,LASSA,175/65R14,214865,KIS,MUTAFLAR,1,100,,,,4467
BRISA,LASSA,175/65R14,214865,KIS,MUTAFLAR,2,160,,,,4467
BRISA,LASSA,175/65R14,214865,KIS,YEDI_OTO,2,400,,,,4467
BRISA,LASSA,205/50R17,214839,KIS,KRB,1,100,,,,9299
BRISA,LASSA,205/50R17,214839,KIS,KRB,2,100,,,,9299
BRISA,LASSA,205/50R17,214839,KIS,MUTAFLAR,1,120,,,,9299
BRISA,LASSA,205/50R17,214839,KIS,MUTAFLAR,2,80,,,,9299
BRISA,LASSA,205/50R17,214839,KIS,YEDI_OTO,2,40,,,,9299
BRISA,LASSA,205/55R17,214844,KIS,KRB,1,100,,,,9596
BRISA,LASSA,205/55R17,214844,KIS,KRB,2,60,,,,9596
BRISA,LASSA,205/55R17,214844,KIS,MUTAFLAR,1,100,,,,9596
BRISA,LASSA,205/55R17,214844,KIS,MUTAFLAR,2,100,,,,9596
BRISA,LASSA,205/55R17,214844,KIS,YEDI_OTO,2,60,,,,9596
BRISA,BRIDGESTONE,195/55R16,610570,KIS,KRB,1,120,,,,7983
BRISA,BRIDGESTONE,195/55R16,610570,KIS,KRB,2,80,,,,7983
BRISA,BRIDGESTONE,195/55R16,610570,KIS,MUTAFLAR,1,80,,,,7983
BRISA,BRIDGESTONE,195/55R16,610570,KIS,MUTAFLAR,2,100,,,,7983
BRISA,BRIDGESTONE,195/55R16,610570,KIS,YEDI_OTO,2,8,,,,7983
BRISA,BRIDGESTONE,195/65R15,612509,KIS,KRB,1,40,,,,5926
BRISA,BRIDGESTONE,195/65R15,612509,KIS,KRB,2,20,,,,5926
BRISA,LASSA,195/65R15,212018,KIS,KRB,1,8,,,,5365
BRISA,LASSA,195/65R16C,245260,KIS,KRB,1,20,,,,9506
BRISA,BRIDGESTONE,195/65R16C,643328,KIS,KRB,1,12,,,,9540
BRISA,LASSA,225/75R16C,243887,KIS,KRB,1,60,,,,11162
BRISA,LASSA,225/75R16C,243887,KIS,KRB,2,20,,,,11162
BRISA,LASSA,225/75R16C,243887,KIS,MUTAFLAR,1,130,,,,11162
BRISA,LASSA,225/75R16C,243887,KIS,MUTAFLAR,2,70,,,,11162
BRISA,LASSA,225/75R16C,243887,KIS,YEDI_OTO,2,40,,,,11162
BRISA,LASSA,205/60R16,214855,KIS,KRB,1,60,,,,7336
BRISA,LASSA,205/60R16,214855,KIS,KRB,2,20,,,,7336
BRISA,LASSA,205/60R16,214855,KIS,MUTAFLAR,1,120,,,,7336
BRISA,LASSA,205/60R16,214855,KIS,MUTAFLAR,2,140,,,,7336
BRISA,LASSA,205/60R16,214855,KIS,YEDI_OTO,2,80,,,,7336
BRISA,LASSA,195/75R16C,243836,KIS,KRB,1,100,,,,8713
BRISA,LASSA,195/75R16C,243836,KIS,KRB,2,100,,,,8713
BRISA,BRIDGESTONE,195/75R16C,643349,KIS,KRB,1,40,,,,9184
BRISA,BRIDGESTONE,195/75R16C,643349,KIS,KRB,2,20,,,,9184
BRISA,LASSA,195/75R16C,243904,KIS,MUTAFLAR,1,80,,,,8542
BRISA,LASSA,195/75R16C,243904,KIS,MUTAFLAR,2,52,,,,8542
BRISA,LASSA,195/75R16C,243904,KIS,YEDI_OTO,2,100,,,,8542
BRISA,BRIDGESTONE,195/75R16C,643329,KIS,MUTAFLAR,1,40,,,,9003
BRISA,BRIDGESTONE,195/75R16C,643329,KIS,YEDI_OTO,2,8,,,,9003
BRISA,LASSA,175/70R13,212901,KIS,KRB,1,80,,,,4155
BRISA,LASSA,175/70R13,212901,KIS,KRB,2,40,,,,4155
BRISA,LASSA,175/70R13,212901,KIS,MUTAFLAR,1,100,,,,4155
BRISA,LASSA,175/70R13,212901,KIS,MUTAFLAR,2,100,,,,4155
BRISA,LASSA,175/70R13,212901,KIS,YEDI_OTO,2,40,,,,4155
BRISA,BRIDGESTONE,205/40R17,593988,KIS,KRB,2,4,,,,13048
BRISA,BRIDGESTONE,205/45R16,517181,KIS,KRB,1,8,,,,11206
BRISA,BRIDGESTONE,205/45R16,517181,KIS,KRB,2,12,,,,11206
BRISA,LASSA,215/65R16C,243878,KIS,KRB,1,80,,,,10406
BRISA,LASSA,215/65R16C,243878,KIS,KRB,2,80,,,,10406
BRISA,LASSA,215/65R16C,243878,KIS,MUTAFLAR,1,80,,,,10406
BRISA,LASSA,215/65R16C,243878,KIS,MUTAFLAR,2,56,,,,10406
BRISA,LASSA,215/65R16C,243878,KIS,YEDI_OTO,2,100,,,,10406
BRISA,BRIDGESTONE,205/45R17,517191,KIS,KRB,1,16,,,,10952
BRISA,BRIDGESTONE,205/45R17,517191,KIS,KRB,2,16,,,,10952
BRISA,LASSA,195/65R15,214804,KIS,KRB,1,100,,,,5136
BRISA,LASSA,195/65R15,214804,KIS,KRB,2,60,,,,5136
BRISA,LASSA,195/65R15,214804,KIS,MUTAFLAR,1,60,,,,5136
BRISA,LASSA,195/65R15,214804,KIS,MUTAFLAR,2,40,,,,5136
BRISA,LASSA,195/65R15,214804,KIS,YEDI_OTO,2,28,,,,5136
BRISA,BRIDGESTONE,205/50R17,593989,KIS,KRB,1,40,,,,10883
BRISA,BRIDGESTONE,205/50R17,593989,KIS,KRB,2,20,,,,10883
BRISA,BRIDGESTONE,205/50R17,593989,KIS,YEDI_OTO,2,8,,,,10883
BRISA,LASSA,195/60R16C,243833,KIS,KRB,1,120,,,,9381
BRISA,LASSA,195/60R16C,243833,KIS,KRB,2,80,,,,9381
BRISA,LASSA,195/60R16C,243833,KIS,MUTAFLAR,1,32,,,,9381
BRISA,LASSA,195/60R16C,243833,KIS,MUTAFLAR,2,20,,,,9381
BRISA,LASSA,195/60R16C,243833,KIS,YEDI_OTO,2,80,,,,9381
BRISA,LASSA,185/65R15,214856,KIS,KRB,1,80,,,,5136
BRISA,LASSA,185/65R15,214856,KIS,KRB,2,40,,,,5136
BRISA,LASSA,185/65R15,214856,KIS,MUTAFLAR,1,60,,,,5136
BRISA,LASSA,185/65R15,214856,KIS,MUTAFLAR,2,60,,,,5136
BRISA,BRIDGESTONE,205/55R16,511806,KIS,KRB,1,4,,,,8974
BRISA,LASSA,235/65R16C,243975,KIS,KRB,1,60,,,,11733
BRISA,LASSA,235/65R16C,243975,KIS,KRB,2,20,,,,11733
BRISA,LASSA,235/65R16C,243975,KIS,MUTAFLAR,1,80,,,,11733
BRISA,LASSA,235/65R16C,243975,KIS,MUTAFLAR,2,20,,,,11733
BRISA,LASSA,235/65R16C,243975,KIS,YEDI_OTO,2,100,,,,11733
BRISA,BRIDGESTONE,195/65R15,612505,KIS,KRB,1,120,,,,5656
BRISA,BRIDGESTONE,195/65R15,612505,KIS,KRB,2,80,,,,5656
BRISA,BRIDGESTONE,195/65R15,612505,KIS,MUTAFLAR,1,20,,,,5656
BRISA,BRIDGESTONE,195/65R15,612505,KIS,MUTAFLAR,2,20,,,,5656
BRISA,BRIDGESTONE,195/65R15,612505,KIS,YEDI_OTO,2,40,,,,5656
BRISA,BRIDGESTONE,235/55R19,543929,KIS,KRB,1,16,,,,15817
BRISA,BRIDGESTONE,235/55R19,543929,KIS,KRB,2,8,,,,15817
BRISA,BRIDGESTONE,235/55R19,543929,KIS,MUTAFLAR,1,108,,,,15817
BRISA,BRIDGESTONE,235/55R19,543929,KIS,MUTAFLAR,2,56,,,,15817
BRISA,LASSA,205/55R17,212953,KIS,MUTAFLAR,1,36,,,,9514
BRISA,LASSA,205/55R19,214325,KIS,KRB,2,100,,,,11584
BRISA,LASSA,205/55R19,214325,KIS,MUTAFLAR,1,60,,,,11584
BRISA,LASSA,205/55R19,214325,KIS,MUTAFLAR,2,60,,,,11584
BRISA,LASSA,205/55R19,214325,KIS,YEDI_OTO,2,20,,,,11584
BRISA,BRIDGESTONE,225/45R17,610542,KIS,KRB,1,60,,,,8306
BRISA,BRIDGESTONE,225/45R17,610542,KIS,KRB,2,40,,,,8306
BRISA,BRIDGESTONE,225/45R17,610542,KIS,MUTAFLAR,1,60,,,,8306
BRISA,BRIDGESTONE,225/45R17,610542,KIS,MUTAFLAR,2,80,,,,8306
BRISA,BRIDGESTONE,225/45R17,610542,KIS,YEDI_OTO,2,8,,,,8306
BRISA,LASSA,205/60R15,212982,KIS,KRB,1,8,,,,9050
BRISA,BRIDGESTONE,215/75R16C,643337,KIS,KRB,1,60,,,,10559
BRISA,BRIDGESTONE,215/75R16C,643337,KIS,KRB,2,20,,,,10559
BRISA,BRIDGESTONE,215/75R16C,643337,KIS,MUTAFLAR,1,52,,,,10559
BRISA,BRIDGESTONE,215/75R16C,643337,KIS,MUTAFLAR,2,48,,,,10559
BRISA,BRIDGESTONE,215/75R16C,643337,KIS,YEDI_OTO,2,40,,,,10559
BRISA,BRIDGESTONE,225/55R18,610566,KIS,KRB,1,28,,,,13905
BRISA,BRIDGESTONE,225/55R18,610566,KIS,KRB,2,12,,,,13905
BRISA,BRIDGESTONE,225/55R18,610566,KIS,MUTAFLAR,1,80,,,,13905
BRISA,BRIDGESTONE,225/55R18,610566,KIS,MUTAFLAR,2,40,,,,13905
BRISA,BRIDGESTONE,225/55R18,610566,KIS,YEDI_OTO,2,4,,,,13905
BRISA,LASSA,165/80R13,212947,KIS,KRB,1,20,,,,4337
BRISA,LASSA,165/80R13,212947,KIS,MUTAFLAR,1,80,,,,4337
BRISA,LASSA,165/80R13,212947,KIS,MUTAFLAR,2,60,,,,4337
BRISA,LASSA,165/80R13,212947,KIS,YEDI_OTO,2,8,,,,4337
BRISA,LASSA,205/60R16,212041,KIS,KRB,1,4,,,,7653
BRISA,BRIDGESTONE,205/60R17,511394,KIS,KRB,2,4,,,,13238
BRISA,BRIDGESTONE,205/60R17,511394,KIS,MUTAFLAR,2,8,,,,13238
BRISA,BRIDGESTONE,205/60R18,519989,KIS,KRB,2,4,,,,15685
BRISA,LASSA,205/65R15,214823,KIS,YEDI_OTO,2,4,,,,8589
BRISA,BRIDGESTONE,205/65R16,517840,KIS,MUTAFLAR,1,4,,,,12658
BRISA,LASSA,205/65R16,214836,KIS,MUTAFLAR,1,12,,,,10506
BRISA,LASSA,205/65R16C,243867,KIS,KRB,1,60,,,,9965
BRISA,LASSA,205/65R16C,243867,KIS,KRB,2,40,,,,9965
BRISA,LASSA,205/65R16C,243867,KIS,MUTAFLAR,1,40,,,,9965
BRISA,LASSA,205/65R16C,243867,KIS,MUTAFLAR,2,48,,,,9965
BRISA,LASSA,205/65R16C,243867,KIS,YEDI_OTO,2,40,,,,9965
BRISA,LASSA,235/40R19,214822,KIS,KRB,1,40,,,,17257
BRISA,LASSA,235/40R19,214822,KIS,KRB,2,20,,,,17257
BRISA,LASSA,235/40R19,214822,KIS,MUTAFLAR,1,60,,,,17257
BRISA,LASSA,235/40R19,214822,KIS,MUTAFLAR,2,8,,,,17257
BRISA,LASSA,235/40R19,214822,KIS,YEDI_OTO,2,8,,,,17257
BRISA,LASSA,205/70R15,214460,KIS,MUTAFLAR,1,20,,,,7371
BRISA,LASSA,205/70R15,214460,KIS,MUTAFLAR,2,20,,,,7371
BRISA,BRIDGESTONE,205/70R15,511436,KIS,MUTAFLAR,1,8,,,,8106
BRISA,BRIDGESTONE,205/60R16,610571,KIS,KRB,1,60,,,,8336
BRISA,BRIDGESTONE,205/60R16,610571,KIS,KRB,2,60,,,,8336
BRISA,BRIDGESTONE,205/60R16,610571,KIS,MUTAFLAR,1,40,,,,8336
BRISA,BRIDGESTONE,205/60R16,610571,KIS,MUTAFLAR,2,20,,,,8336
BRISA,BRIDGESTONE,205/60R16,610571,KIS,YEDI_OTO,2,12,,,,8336
BRISA,LASSA,205/75R16C,243869,KIS,KRB,1,100,,,,9613
BRISA,LASSA,205/75R16C,243869,KIS,KRB,2,40,,,,9613
BRISA,LASSA,205/75R16C,243869,KIS,YEDI_OTO,2,40,,,,9613
BRISA,LASSA,235/45R18,214843,KIS,KRB,1,12,,,,12048
BRISA,LASSA,235/45R18,214843,KIS,KRB,2,8,,,,12048
BRISA,LASSA,235/45R18,214843,KIS,MUTAFLAR,1,80,,,,12048
BRISA,LASSA,235/45R18,214843,KIS,MUTAFLAR,2,40,,,,12048
BRISA,LASSA,235/45R18,214843,KIS,YEDI_OTO,2,20,,,,12048
BRISA,LASSA,205/75R16C,243905,KIS,MUTAFLAR,1,44,,,,9613
BRISA,LASSA,205/75R16C,243905,KIS,MUTAFLAR,2,24,,,,9613
BRISA,BRIDGESTONE,205/75R16C,643331,KIS,YEDI_OTO,2,8,,,,10043
BRISA,LASSA,185R14C,243832,KIS,KRB,1,20,,,,6269
BRISA,LASSA,185R14C,243832,KIS,KRB,2,20,,,,6269
BRISA,LASSA,185R14C,243832,KIS,MUTAFLAR,1,60,,,,6269
BRISA,LASSA,185R14C,243832,KIS,MUTAFLAR,2,40,,,,6269
BRISA,LASSA,185R14C,243832,KIS,YEDI_OTO,2,20,,,,6269
BRISA,BRIDGESTONE,215/40R18,518897,KIS,MUTAFLAR,1,4,,,,13981
BRISA,LASSA,225/40R18,214832,KIS,KRB,1,20,,,,8204
BRISA,LASSA,225/40R18,214832,KIS,MUTAFLAR,1,60,,,,8204
BRISA,LASSA,225/40R18,214832,KIS,MUTAFLAR,2,40,,,,8204
BRISA,LASSA,225/40R18,214832,KIS,YEDI_OTO,2,8,,,,8204
BRISA,BRIDGESTONE,215/45R17,517196,KIS,KRB,1,8,,,,10477
BRISA,LASSA,215/45R18,214305,KIS,MUTAFLAR,1,8,,,,12417
BRISA,LASSA,215/45R18,214305,KIS,MUTAFLAR,2,12,,,,12417
BRISA,BRIDGESTONE,215/45R18,517213,KIS,MUTAFLAR,1,4,,,,14609
BRISA,LASSA,215/45R20,214833,KIS,MUTAFLAR,1,4,,,,22900
BRISA,LASSA,195R14C,243837,KIS,KRB,1,32,,,,6843
BRISA,LASSA,195R14C,243837,KIS,KRB,2,8,,,,6843
BRISA,LASSA,195R14C,243837,KIS,MUTAFLAR,1,48,,,,6843
BRISA,LASSA,195R14C,243837,KIS,MUTAFLAR,2,32,,,,6843
BRISA,LASSA,195R14C,243837,KIS,YEDI_OTO,2,20,,,,6843
BRISA,BRIDGESTONE,215/50R17,610540,KIS,KRB,1,12,,,,11271
BRISA,BRIDGESTONE,215/50R17,610540,KIS,KRB,2,8,,,,11271
BRISA,BRIDGESTONE,215/50R17,610540,KIS,YEDI_OTO,2,8,,,,11271
BRISA,LASSA,215/50R17,212031,KIS,KRB,1,4,,,,10017
BRISA,LASSA,215/50R18,214328,KIS,KRB,2,16,,,,11748
BRISA,LASSA,215/50R18,214328,KIS,MUTAFLAR,1,40,,,,11748
BRISA,LASSA,215/50R18,214328,KIS,MUTAFLAR,2,12,,,,11748
BRISA,LASSA,215/50R18,214328,KIS,YEDI_OTO,2,4,,,,11748
BRISA,BRIDGESTONE,215/60R17C,643347,KIS,KRB,1,20,,,,12644
BRISA,BRIDGESTONE,215/60R17C,643347,KIS,KRB,2,20,,,,12644
BRISA,BRIDGESTONE,215/60R17C,643347,KIS,MUTAFLAR,1,60,,,,12644
BRISA,BRIDGESTONE,215/60R17C,643347,KIS,MUTAFLAR,2,20,,,,12644
BRISA,BRIDGESTONE,215/60R17C,643347,KIS,YEDI_OTO,2,8,,,,12644
BRISA,LASSA,185/60R15,214808,KIS,KRB,1,60,,,,5638
BRISA,LASSA,185/60R15,214808,KIS,KRB,2,20,,,,5638
BRISA,LASSA,185/60R15,214808,KIS,MUTAFLAR,1,20,,,,5638
BRISA,LASSA,185/60R15,214808,KIS,MUTAFLAR,2,20,,,,5638
BRISA,LASSA,195/60R18,214837,KIS,KRB,1,12,,,,9947
BRISA,LASSA,195/60R18,214837,KIS,KRB,2,12,,,,9947
BRISA,LASSA,195/60R18,214837,KIS,MUTAFLAR,1,64,,,,9947
BRISA,LASSA,195/60R18,214837,KIS,MUTAFLAR,2,56,,,,9947
BRISA,LASSA,195/60R18,214837,KIS,YEDI_OTO,2,8,,,,9947
BRISA,BRIDGESTONE,215/65R16C,643336,KIS,KRB,1,16,,,,10837
BRISA,BRIDGESTONE,215/65R16C,643336,KIS,KRB,2,8,,,,10837
BRISA,BRIDGESTONE,215/65R16C,643336,KIS,MUTAFLAR,1,60,,,,10837
BRISA,BRIDGESTONE,215/65R16C,643336,KIS,MUTAFLAR,2,40,,,,10837
BRISA,BRIDGESTONE,215/65R16C,643336,KIS,YEDI_OTO,2,12,,,,10837
BRISA,BRIDGESTONE,245/45R19,612729,KIS,KRB,1,8,,,,19776
BRISA,BRIDGESTONE,245/45R19,612729,KIS,KRB,2,4,,,,19776
BRISA,BRIDGESTONE,245/45R19,612729,KIS,MUTAFLAR,1,68,,,,19776
BRISA,BRIDGESTONE,245/45R19,612729,KIS,MUTAFLAR,2,12,,,,19776
BRISA,LASSA,215/55R18,214330,KIS,KRB,2,8,,,,11992
BRISA,LASSA,215/55R18,214330,KIS,MUTAFLAR,1,80,,,,11992
BRISA,LASSA,215/55R18,214330,KIS,MUTAFLAR,2,40,,,,11992
BRISA,LASSA,215/55R18,214330,KIS,YEDI_OTO,2,12,,,,11992
BRISA,LASSA,215/55R18,214462,KIS,KRB,1,4,,,,11815
BRISA,LASSA,215/50R17,214842,KIS,KRB,1,32,,,,9609
BRISA,LASSA,215/50R17,214842,KIS,KRB,2,8,,,,9609
BRISA,LASSA,215/50R17,214842,KIS,MUTAFLAR,1,40,,,,9609
BRISA,LASSA,215/50R17,214842,KIS,MUTAFLAR,2,40,,,,9609
BRISA,LASSA,215/50R17,214842,KIS,YEDI_OTO,2,20,,,,9609
BRISA,BRIDGESTONE,235/45R18,610563,KIS,KRB,1,8,,,,14597
BRISA,BRIDGESTONE,235/45R18,610563,KIS,MUTAFLAR,1,60,,,,14597
BRISA,BRIDGESTONE,235/45R18,610563,KIS,MUTAFLAR,2,20,,,,14597
BRISA,BRIDGESTONE,235/45R18,610563,KIS,YEDI_OTO,2,4,,,,14597
BRISA,LASSA,225/65R16C,243883,KIS,KRB,1,40,,,,11657
BRISA,LASSA,225/65R16C,243883,KIS,KRB,2,20,,,,11657
BRISA,LASSA,225/65R16C,243883,KIS,MUTAFLAR,1,28,,,,11657
BRISA,LASSA,225/65R16C,243883,KIS,MUTAFLAR,2,12,,,,11657
BRISA,LASSA,225/65R16C,243883,KIS,YEDI_OTO,2,20,,,,11657
BRISA,LASSA,215/60R16C,245934,KIS,KRB,1,8,,,,10602
BRISA,LASSA,215/60R17,214346,KIS,KRB,2,120,,,,9626
BRISA,LASSA,215/60R17,214346,KIS,MUTAFLAR,1,80,,,,9626
BRISA,LASSA,215/60R17,214346,KIS,MUTAFLAR,2,60,,,,9626
BRISA,LASSA,215/60R17,214346,KIS,YEDI_OTO,2,40,,,,9626
BRISA,LASSA,245/45R18,214840,KIS,KRB,1,12,,,,11693
BRISA,LASSA,245/45R18,214840,KIS,KRB,2,8,,,,11693
BRISA,LASSA,245/45R18,214840,KIS,MUTAFLAR,1,52,,,,11693
BRISA,LASSA,245/45R18,214840,KIS,MUTAFLAR,2,20,,,,11693
BRISA,LASSA,245/45R18,214840,KIS,YEDI_OTO,2,8,,,,11693
BRISA,LASSA,215/55R16,214838,KIS,KRB,1,20,,,,8514
BRISA,LASSA,215/55R16,214838,KIS,KRB,2,20,,,,8514
BRISA,LASSA,215/55R16,214838,KIS,MUTAFLAR,1,44,,,,8514
BRISA,LASSA,215/55R16,214838,KIS,MUTAFLAR,2,24,,,,8514
BRISA,LASSA,215/55R16,214838,KIS,YEDI_OTO,2,12,,,,8514
BRISA,BRIDGESTONE,215/65R15C,642348,KIS,YEDI_OTO,2,8,,,,11867
BRISA,LASSA,225/55R17,214845,KIS,KRB,1,20,,,,10149
BRISA,LASSA,225/55R17,214845,KIS,MUTAFLAR,1,40,,,,10149
BRISA,LASSA,225/55R17,214845,KIS,MUTAFLAR,2,24,,,,10149
BRISA,LASSA,225/55R17,214845,KIS,YEDI_OTO,2,20,,,,10149
BRISA,LASSA,215/65R16,214344,KIS,KRB,2,60,,,,7429
BRISA,LASSA,215/65R16,214344,KIS,MUTAFLAR,1,140,,,,7429
BRISA,LASSA,215/65R16,214344,KIS,MUTAFLAR,2,160,,,,7429
BRISA,LASSA,215/65R16,214344,KIS,YEDI_OTO,2,100,,,,7429
BRISA,LASSA,245/40R18,214818,KIS,KRB,1,20,,,,11208
BRISA,LASSA,245/40R18,214818,KIS,KRB,2,8,,,,11208
BRISA,LASSA,245/40R18,214818,KIS,MUTAFLAR,1,40,,,,11208
BRISA,LASSA,245/40R18,214818,KIS,MUTAFLAR,2,20,,,,11208
BRISA,LASSA,245/40R18,214818,KIS,YEDI_OTO,2,4,,,,11208
BRISA,LASSA,225/70R15C,243884,KIS,KRB,1,20,,,,9145
BRISA,LASSA,225/70R15C,243884,KIS,MUTAFLAR,1,40,,,,9145
BRISA,LASSA,225/70R15C,243884,KIS,MUTAFLAR,2,12,,,,9145
BRISA,LASSA,225/70R15C,243884,KIS,YEDI_OTO,2,4,,,,9145
BRISA,BRIDGESTONE,205/55R17,593990,KIS,KRB,1,40,,,,11290
BRISA,BRIDGESTONE,205/55R17,593990,KIS,KRB,2,40,,,,11290
BRISA,BRIDGESTONE,205/55R17,593990,KIS,MUTAFLAR,1,20,,,,11290
BRISA,BRIDGESTONE,205/55R17,593990,KIS,MUTAFLAR,2,20,,,,11290
BRISA,BRIDGESTONE,205/55R17,593990,KIS,YEDI_OTO,2,8,,,,11290
BRISA,LASSA,215/65R17,214343,KIS,KRB,2,60,,,,9640
BRISA,LASSA,215/65R17,214343,KIS,MUTAFLAR,1,80,,,,9640
BRISA,LASSA,215/65R17,214343,KIS,MUTAFLAR,2,60,,,,9640
BRISA,LASSA,215/65R17,214343,KIS,YEDI_OTO,2,8,,,,9640
BRISA,BRIDGESTONE,215/60R17,610546,KIS,KRB,1,20,,,,10842
BRISA,BRIDGESTONE,215/60R17,610546,KIS,KRB,2,12,,,,10842
BRISA,BRIDGESTONE,215/60R17,610546,KIS,MUTAFLAR,1,40,,,,10842
BRISA,BRIDGESTONE,215/60R17,610546,KIS,YEDI_OTO,2,8,,,,10842
BRISA,BRIDGESTONE,215/70R15C,642326,KIS,MUTAFLAR,1,4,,,,9321
BRISA,BRIDGESTONE,215/70R15C,642326,KIS,MUTAFLAR,2,4,,,,9321
BRISA,LASSA,215/70R15C,243879,KIS,KRB,1,8,,,,9247
BRISA,LASSA,215/70R15C,243879,KIS,YEDI_OTO,2,4,,,,9247
BRISA,LASSA,215/70R16,214326,KIS,MUTAFLAR,1,12,,,,8430
BRISA,BRIDGESTONE,215/70R16,517442,KIS,MUTAFLAR,1,4,,,,9814
BRISA,BRIDGESTONE,225/50R18,612733,KIS,KRB,1,8,,,,16043
BRISA,BRIDGESTONE,225/50R18,612733,KIS,KRB,2,4,,,,16043
BRISA,BRIDGESTONE,225/50R18,612733,KIS,MUTAFLAR,1,48,,,,16043
BRISA,BRIDGESTONE,225/50R18,612733,KIS,MUTAFLAR,2,24,,,,16043
BRISA,BRIDGESTONE,225/50R18,612733,KIS,YEDI_OTO,2,4,,,,16043
BRISA,BRIDGESTONE,235/40R19,524093,KIS,KRB,1,16,,,,20119
BRISA,BRIDGESTONE,235/40R19,524093,KIS,KRB,2,16,,,,20119
BRISA,BRIDGESTONE,235/40R19,524093,KIS,MUTAFLAR,1,40,,,,20119
BRISA,BRIDGESTONE,235/40R19,524093,KIS,MUTAFLAR,2,20,,,,20119
BRISA,BRIDGESTONE,235/40R19,524093,KIS,YEDI_OTO,2,4,,,,20119
BRISA,BRIDGESTONE,235/55R18,610545,KIS,KRB,1,8,,,,14307
BRISA,BRIDGESTONE,235/55R18,610545,KIS,KRB,2,4,,,,14307
BRISA,BRIDGESTONE,235/55R18,610545,KIS,MUTAFLAR,1,48,,,,14307
BRISA,BRIDGESTONE,235/55R18,610545,KIS,MUTAFLAR,2,12,,,,14307
BRISA,BRIDGESTONE,235/55R18,610545,KIS,YEDI_OTO,2,8,,,,14307
BRISA,BRIDGESTONE,255/45R19,612739,KIS,KRB,1,16,,,,19793
BRISA,BRIDGESTONE,255/45R19,612739,KIS,KRB,2,8,,,,19793
BRISA,BRIDGESTONE,255/45R19,612739,KIS,MUTAFLAR,1,40,,,,19793
BRISA,BRIDGESTONE,255/45R19,612739,KIS,MUTAFLAR,2,12,,,,19793
BRISA,BRIDGESTONE,255/45R19,612739,KIS,YEDI_OTO,2,12,,,,19793
BRISA,BRIDGESTONE,225/40R18,619366,KIS,KRB,1,4,,,,11406
BRISA,BRIDGESTONE,195/60R18,517901,KIS,KRB,1,12,,,,11702
BRISA,BRIDGESTONE,195/60R18,517901,KIS,KRB,2,4,,,,11702
BRISA,BRIDGESTONE,195/60R18,517901,KIS,MUTAFLAR,1,40,,,,11702
BRISA,BRIDGESTONE,195/60R18,517901,KIS,MUTAFLAR,2,40,,,,11702
BRISA,LASSA,225/50R17,214847,KIS,KRB,1,12,,,,9629
BRISA,LASSA,225/50R17,214847,KIS,MUTAFLAR,1,40,,,,9629
BRISA,LASSA,225/50R17,214847,KIS,MUTAFLAR,2,20,,,,9629
BRISA,LASSA,225/50R17,214847,KIS,YEDI_OTO,2,8,,,,9629
BRISA,BRIDGESTONE,245/45R20,543949,KIS,KRB,1,4,,,,21490
BRISA,BRIDGESTONE,245/45R20,543949,KIS,KRB,2,4,,,,21490
BRISA,BRIDGESTONE,245/45R20,543949,KIS,MUTAFLAR,1,48,,,,21490
BRISA,BRIDGESTONE,245/45R20,543949,KIS,MUTAFLAR,2,12,,,,21490
BRISA,BRIDGESTONE,245/45R20,543949,KIS,YEDI_OTO,2,4,,,,21490
BRISA,BRIDGESTONE,235/65R16C,643340,KIS,KRB,1,20,,,,11855
BRISA,BRIDGESTONE,235/65R16C,643340,KIS,KRB,2,20,,,,11855
BRISA,BRIDGESTONE,235/65R16C,643340,KIS,MUTAFLAR,1,32,,,,11855
BRISA,BRIDGESTONE,235/65R16C,643340,KIS,MUTAFLAR,2,8,,,,11855
BRISA,BRIDGESTONE,205/55R19,517904,KIS,KRB,1,32,,,,13628
BRISA,BRIDGESTONE,205/55R19,517904,KIS,KRB,2,8,,,,13628
BRISA,BRIDGESTONE,205/55R19,517904,KIS,MUTAFLAR,1,20,,,,13628
BRISA,BRIDGESTONE,205/55R19,517904,KIS,YEDI_OTO,2,4,,,,13628
BRISA,LASSA,225/45R17,212032,KIS,KRB,1,4,,,,7138
BRISA,BRIDGESTONE,225/55R17C,643369,KIS,KRB,1,8,,,,12742
BRISA,BRIDGESTONE,225/55R17C,643369,KIS,MUTAFLAR,1,40,,,,12742
BRISA,BRIDGESTONE,225/55R17C,643369,KIS,MUTAFLAR,2,40,,,,12742
BRISA,BRIDGESTONE,225/55R17C,643369,KIS,YEDI_OTO,2,8,,,,12742
BRISA,LASSA,225/40R19,214810,KIS,KRB,1,8,,,,16414
BRISA,LASSA,225/40R19,214810,KIS,MUTAFLAR,1,40,,,,16414
BRISA,LASSA,225/40R19,214810,KIS,MUTAFLAR,2,20,,,,16414
BRISA,BRIDGESTONE,225/45R18,511704,KIS,KRB,1,8,,,,16718
BRISA,LASSA,225/45R19,214322,KIS,KRB,2,20,,,,15679
BRISA,LASSA,225/45R19,214322,KIS,MUTAFLAR,1,24,,,,15679
BRISA,LASSA,225/45R19,214322,KIS,MUTAFLAR,2,12,,,,15679
BRISA,LASSA,225/45R19,214322,KIS,YEDI_OTO,2,4,,,,15679
BRISA,BRIDGESTONE,225/60R18,610537,KIS,KRB,1,8,,,,14482
BRISA,BRIDGESTONE,225/60R18,610537,KIS,MUTAFLAR,1,40,,,,14482
BRISA,BRIDGESTONE,225/60R18,610537,KIS,MUTAFLAR,2,8,,,,14482
BRISA,BRIDGESTONE,225/60R18,610537,KIS,YEDI_OTO,2,4,,,,14482
BRISA,BRIDGESTONE,215/65R16,610555,KIS,KRB,1,16,,,,8460
BRISA,BRIDGESTONE,215/65R16,610555,KIS,KRB,2,4,,,,8460
BRISA,BRIDGESTONE,215/65R16,610555,KIS,MUTAFLAR,1,32,,,,8460
BRISA,LASSA,205/45R17,214828,KIS,KRB,1,32,,,,9241
BRISA,LASSA,205/45R17,214828,KIS,KRB,2,16,,,,9241
BRISA,LASSA,205/45R17,214828,KIS,MUTAFLAR,1,16,,,,9241
BRISA,LASSA,205/45R17,214828,KIS,MUTAFLAR,2,12,,,,9241
BRISA,LASSA,205/45R17,214828,KIS,YEDI_OTO,2,12,,,,9241
BRISA,LASSA,245/40R19,214829,KIS,KRB,1,4,,,,15021
BRISA,LASSA,245/40R19,214829,KIS,MUTAFLAR,1,40,,,,15021
BRISA,LASSA,245/40R19,214829,KIS,MUTAFLAR,2,20,,,,15021
BRISA,LASSA,245/40R19,214829,KIS,YEDI_OTO,2,4,,,,15021
BRISA,LASSA,225/50R18,214333,KIS,KRB,2,40,,,,13545
BRISA,LASSA,225/50R18,214333,KIS,MUTAFLAR,1,80,,,,13545
BRISA,LASSA,225/50R18,214333,KIS,MUTAFLAR,2,20,,,,13545
BRISA,LASSA,225/50R18,214333,KIS,YEDI_OTO,2,4,,,,13545
BRISA,BRIDGESTONE,225/45R18,610548,KIS,KRB,1,12,,,,13755
BRISA,BRIDGESTONE,225/45R18,610548,KIS,MUTAFLAR,1,32,,,,13755
BRISA,BRIDGESTONE,225/45R18,610548,KIS,YEDI_OTO,2,4,,,,13755
BRISA,LASSA,225/50R18,214421,KIS,MUTAFLAR,1,80,,,,13345
BRISA,LASSA,195/50R15,214825,KIS,KRB,1,12,,,,5396
BRISA,LASSA,195/50R15,214825,KIS,KRB,2,12,,,,5396
BRISA,LASSA,195/50R15,214825,KIS,MUTAFLAR,1,28,,,,5396
BRISA,LASSA,195/50R15,214825,KIS,MUTAFLAR,2,40,,,,5396
BRISA,LASSA,195/50R15,214825,KIS,YEDI_OTO,2,8,,,,5396
BRISA,BRIDGESTONE,215/65R17,612737,KIS,KRB,1,12,,,,11142
BRISA,BRIDGESTONE,215/65R17,612737,KIS,KRB,2,8,,,,11142
BRISA,BRIDGESTONE,215/65R17,612737,KIS,MUTAFLAR,1,28,,,,11142
BRISA,BRIDGESTONE,215/65R17,612737,KIS,MUTAFLAR,2,20,,,,11142
BRISA,BRIDGESTONE,215/65R17,612737,KIS,YEDI_OTO,2,4,,,,11142
BRISA,BRIDGESTONE,225/40R19,524091,KIS,KRB,1,8,,,,19310
BRISA,BRIDGESTONE,225/40R19,524091,KIS,KRB,2,12,,,,19310
BRISA,BRIDGESTONE,225/40R19,524091,KIS,MUTAFLAR,1,32,,,,19310
BRISA,BRIDGESTONE,225/40R19,524091,KIS,MUTAFLAR,2,12,,,,19310
BRISA,LASSA,225/55R17,214469,KIS,KRB,1,4,,,,11147
BRISA,LASSA,225/55R17,214469,KIS,YEDI_OTO,2,12,,,,11147
BRISA,LASSA,255/35R19,214814,KIS,KRB,1,8,,,,14067
BRISA,LASSA,255/35R19,214814,KIS,MUTAFLAR,1,32,,,,14067
BRISA,LASSA,255/35R19,214814,KIS,MUTAFLAR,2,12,,,,14067
BRISA,LASSA,225/55R18,214342,KIS,KRB,2,40,,,,11862
BRISA,LASSA,225/55R18,214342,KIS,MUTAFLAR,1,60,,,,11862
BRISA,LASSA,225/55R18,214342,KIS,MUTAFLAR,2,60,,,,11862
BRISA,LASSA,225/55R18,214342,KIS,YEDI_OTO,2,20,,,,11862
BRISA,LASSA,195/70R15C,243835,KIS,KRB,1,20,,,,7665
BRISA,LASSA,195/70R15C,243835,KIS,KRB,2,4,,,,7665
BRISA,LASSA,195/70R15C,243835,KIS,MUTAFLAR,1,20,,,,7665
BRISA,LASSA,195/70R15C,243835,KIS,MUTAFLAR,2,20,,,,7665
BRISA,LASSA,195/70R15C,243835,KIS,YEDI_OTO,2,8,,,,7665
BRISA,LASSA,225/55R18,214470,KIS,MUTAFLAR,1,60,,,,11458
BRISA,LASSA,225/55R18,214470,KIS,MUTAFLAR,2,28,,,,11458
BRISA,LASSA,225/55R19,214320,KIS,KRB,2,20,,,,11788
BRISA,LASSA,225/55R19,214320,KIS,MUTAFLAR,1,200,,,,11788
BRISA,LASSA,225/55R19,214320,KIS,MUTAFLAR,2,140,,,,11788
BRISA,LASSA,225/55R19,214320,KIS,YEDI_OTO,2,16,,,,11788
BRISA,BRIDGESTONE,225/55R19,612522,KIS,KRB,1,16,,,,13870
BRISA,BRIDGESTONE,225/55R19,612522,KIS,KRB,2,4,,,,13870
BRISA,LASSA,225/55R19,214471,KIS,KRB,1,12,,,,11386
BRISA,BRIDGESTONE,225/55R19,510471,KIS,MUTAFLAR,1,180,,,,14148
BRISA,BRIDGESTONE,225/55R19,510471,KIS,MUTAFLAR,2,120,,,,14148
BRISA,BRIDGESTONE,225/55R19,510471,KIS,YEDI_OTO,2,4,,,,14148
BRISA,LASSA,225/60R17,214472,KIS,KRB,1,8,,,,12175
BRISA,LASSA,225/60R17,214472,KIS,KRB,2,4,,,,12175
BRISA,LASSA,225/60R17,214472,KIS,YEDI_OTO,2,4,,,,12175
BRISA,LASSA,225/60R17,214329,KIS,MUTAFLAR,1,40,,,,12604
BRISA,BRIDGESTONE,245/40R18,610543,KIS,KRB,1,20,,,,13201
BRISA,BRIDGESTONE,245/40R18,610543,KIS,KRB,2,4,,,,13201
BRISA,BRIDGESTONE,245/40R18,610543,KIS,MUTAFLAR,1,20,,,,13201
BRISA,BRIDGESTONE,245/40R18,610543,KIS,MUTAFLAR,2,20,,,,13201
BRISA,BRIDGESTONE,245/40R18,610543,KIS,YEDI_OTO,2,4,,,,13201
BRISA,LASSA,225/60R18,214334,KIS,MUTAFLAR,1,40,,,,12649
BRISA,LASSA,225/60R18,214334,KIS,MUTAFLAR,2,28,,,,12649
BRISA,LASSA,225/60R18,214334,KIS,YEDI_OTO,2,8,,,,12649
BRISA,BRIDGESTONE,245/40R19,594097,KIS,KRB,1,12,,,,18592
BRISA,BRIDGESTONE,245/40R19,594097,KIS,KRB,2,8,,,,18592
BRISA,BRIDGESTONE,245/40R19,594097,KIS,MUTAFLAR,1,24,,,,18592
BRISA,BRIDGESTONE,245/40R19,594097,KIS,MUTAFLAR,2,20,,,,18592
BRISA,LASSA,225/60R18,214473,KIS,KRB,1,7,,,,12218
BRISA,LASSA,265/70R16,214418,KIS,KRB,1,4,,,,10991
BRISA,LASSA,265/70R16,214418,KIS,MUTAFLAR,1,32,,,,10991
BRISA,LASSA,265/70R16,214418,KIS,MUTAFLAR,2,12,,,,10991
BRISA,BRIDGESTONE,225/40R18,612732,KIS,KRB,1,13,,,,9979
BRISA,BRIDGESTONE,225/40R18,612732,KIS,KRB,2,8,,,,9979
BRISA,BRIDGESTONE,225/40R18,612732,KIS,MUTAFLAR,1,20,,,,9979
BRISA,BRIDGESTONE,225/40R18,612732,KIS,MUTAFLAR,2,20,,,,9979
BRISA,LASSA,225/65R17,214337,KIS,KRB,2,12,,,,10761
BRISA,LASSA,225/65R17,214337,KIS,MUTAFLAR,1,16,,,,10761
BRISA,LASSA,225/65R17,214337,KIS,MUTAFLAR,2,12,,,,10761
BRISA,LASSA,225/65R17,214337,KIS,YEDI_OTO,2,4,,,,10761
BRISA,BRIDGESTONE,225/65R17,543988,KIS,KRB,1,4,,,,12846
BRISA,BRIDGESTONE,225/65R17,543988,KIS,KRB,2,4,,,,12846
BRISA,BRIDGESTONE,225/65R17,543988,KIS,YEDI_OTO,2,4,,,,12846
BRISA,LASSA,225/70R15C,243968,KIS,KRB,1,20,,,,9414
BRISA,LASSA,225/45R18,214830,KIS,KRB,1,8,,,,11608
BRISA,LASSA,225/45R18,214830,KIS,MUTAFLAR,1,24,,,,11608
BRISA,LASSA,225/45R18,214830,KIS,MUTAFLAR,2,24,,,,11608
BRISA,LASSA,225/45R18,214830,KIS,YEDI_OTO,2,4,,,,11608
BRISA,BRIDGESTONE,225/70R15C,642327,KIS,MUTAFLAR,1,4,,,,9616
BRISA,BRIDGESTONE,225/70R15C,642327,KIS,YEDI_OTO,2,4,,,,9616
BRISA,BRIDGESTONE,245/50R19,594099,KIS,KRB,1,4,,,,18516
BRISA,BRIDGESTONE,245/50R19,594099,KIS,KRB,2,4,,,,18516
BRISA,BRIDGESTONE,245/50R19,594099,KIS,MUTAFLAR,1,28,,,,18516
BRISA,BRIDGESTONE,245/50R19,594099,KIS,MUTAFLAR,2,4,,,,18516
BRISA,BRIDGESTONE,235/35R19,594092,KIS,MUTAFLAR,1,8,,,,18905
BRISA,LASSA,235/35R19,214819,KIS,MUTAFLAR,1,8,,,,15294
BRISA,LASSA,235/35R19,214819,KIS,MUTAFLAR,2,4,,,,15294
BRISA,BRIDGESTONE,215/55R16,627572,KIS,KRB,1,12,,,,9910
BRISA,BRIDGESTONE,215/55R16,627572,KIS,KRB,2,8,,,,9910
BRISA,BRIDGESTONE,215/55R16,627572,KIS,MUTAFLAR,1,20,,,,9910
BRISA,LASSA,215/60R16,214851,KIS,KRB,1,12,,,,8926
BRISA,LASSA,215/60R16,214851,KIS,KRB,2,8,,,,8926
BRISA,LASSA,215/60R16,214851,KIS,MUTAFLAR,1,20,,,,8926
BRISA,LASSA,215/60R16,214851,KIS,YEDI_OTO,2,4,,,,8926
BRISA,BRIDGESTONE,215/55R18,610565,KIS,KRB,1,8,,,,14310
BRISA,BRIDGESTONE,215/55R18,610565,KIS,KRB,2,4,,,,14310
BRISA,BRIDGESTONE,215/55R18,610565,KIS,MUTAFLAR,1,20,,,,14310
BRISA,BRIDGESTONE,215/55R18,610565,KIS,MUTAFLAR,2,28,,,,14310
BRISA,BRIDGESTONE,215/55R18,610565,KIS,YEDI_OTO,2,4,,,,14310
BRISA,LASSA,205/55R16,212008,KIS,KRB,1,8,,,,6348
BRISA,LASSA,205/55R16,212008,KIS,KRB,2,4,,,,6348
BRISA,LASSA,205/55R16,212008,KIS,MUTAFLAR,1,20,,,,6348
BRISA,LASSA,205/55R16,212008,KIS,MUTAFLAR,2,20,,,,6348
BRISA,BRIDGESTONE,235/40R20,594094,KIS,KRB,1,4,,,,27120
BRISA,BRIDGESTONE,235/40R20,594094,KIS,KRB,2,4,,,,27120
BRISA,BRIDGESTONE,225/55R17,610528,KIS,KRB,1,8,,,,12258
BRISA,BRIDGESTONE,225/55R17,610528,KIS,MUTAFLAR,1,20,,,,12258
BRISA,BRIDGESTONE,225/55R17,610528,KIS,MUTAFLAR,2,12,,,,12258
BRISA,BRIDGESTONE,235/45R17,512071,KIS,KRB,1,4,,,,11275
BRISA,BRIDGESTONE,235/45R17,512071,KIS,KRB,2,4,,,,11275
BRISA,BRIDGESTONE,245/45R18,610544,KIS,KRB,1,8,,,,14523
BRISA,BRIDGESTONE,245/45R18,610544,KIS,MUTAFLAR,1,20,,,,14523
BRISA,BRIDGESTONE,245/45R18,610544,KIS,MUTAFLAR,2,8,,,,14523
BRISA,LASSA,255/35R20,214807,KIS,KRB,1,8,,,,14769
BRISA,LASSA,255/35R20,214807,KIS,MUTAFLAR,1,20,,,,14769
BRISA,LASSA,255/35R20,214807,KIS,MUTAFLAR,2,4,,,,14769
BRISA,LASSA,235/45R19,214882,KIS,KRB,2,20,,,,18696
BRISA,LASSA,235/45R19,214882,KIS,MUTAFLAR,1,24,,,,18696
BRISA,LASSA,235/45R19,214882,KIS,MUTAFLAR,2,4,,,,18696
BRISA,LASSA,235/45R19,214882,KIS,YEDI_OTO,2,4,,,,18696
BRISA,LASSA,235/40R18,214816,KIS,KRB,1,12,,,,11311
BRISA,LASSA,235/40R18,214816,KIS,MUTAFLAR,1,16,,,,11311
BRISA,LASSA,235/45R20,214301,KIS,MUTAFLAR,1,24,,,,20648
BRISA,LASSA,235/45R20,214301,KIS,MUTAFLAR,2,12,,,,20648
BRISA,BRIDGESTONE,235/45R20,594095,KIS,KRB,2,4,,,,24291
BRISA,BRIDGESTONE,235/45R20,594095,KIS,MUTAFLAR,1,28,,,,24291
BRISA,BRIDGESTONE,235/45R20,594095,KIS,MUTAFLAR,2,12,,,,24291
BRISA,BRIDGESTONE,235/45R20,594095,KIS,YEDI_OTO,2,4,,,,24291
BRISA,BRIDGESTONE,235/45R21,518934,KIS,MUTAFLAR,1,4,,,,19849
BRISA,BRIDGESTONE,235/45R21,518934,KIS,MUTAFLAR,2,4,,,,19849
BRISA,BRIDGESTONE,235/50R17,517208,KIS,KRB,1,4,,,,14665
BRISA,BRIDGESTONE,235/50R17,517208,KIS,KRB,2,4,,,,14665
BRISA,LASSA,235/50R18,214323,KIS,MUTAFLAR,1,48,,,,12521
BRISA,LASSA,235/50R18,214323,KIS,MUTAFLAR,2,12,,,,12521
BRISA,LASSA,235/50R18,214323,KIS,YEDI_OTO,2,4,,,,12521
BRISA,BRIDGESTONE,235/50R18,543919,KIS,KRB,2,4,,,,14985
BRISA,BRIDGESTONE,235/50R18,543919,KIS,MUTAFLAR,1,12,,,,14985
BRISA,LASSA,235/50R19,214331,KIS,KRB,2,160,,,,14768
BRISA,LASSA,235/50R19,214331,KIS,MUTAFLAR,1,240,,,,14768
BRISA,LASSA,235/50R19,214331,KIS,MUTAFLAR,2,120,,,,14768
BRISA,LASSA,235/50R19,214331,KIS,YEDI_OTO,2,40,,,,14768
BRISA,BRIDGESTONE,205/65R16C,643335,KIS,KRB,1,20,,,,10547
BRISA,BRIDGESTONE,205/65R16C,643335,KIS,KRB,2,20,,,,10547
BRISA,BRIDGESTONE,205/65R16C,643335,KIS,MUTAFLAR,1,8,,,,10547
BRISA,BRIDGESTONE,205/65R16C,643335,KIS,YEDI_OTO,2,8,,,,10547
BRISA,LASSA,235/50R20,214306,KIS,MUTAFLAR,1,12,,,,17440
BRISA,LASSA,235/50R20,214306,KIS,MUTAFLAR,2,4,,,,17440
BRISA,BRIDGESTONE,235/50R20,517912,KIS,MUTAFLAR,1,24,,,,20517
BRISA,BRIDGESTONE,235/50R20,517912,KIS,MUTAFLAR,2,12,,,,20517
BRISA,LASSA,235/55R17,214336,KIS,KRB,2,8,,,,10690
BRISA,LASSA,235/55R17,214336,KIS,MUTAFLAR,1,8,,,,10690
BRISA,LASSA,235/55R17,214336,KIS,MUTAFLAR,2,8,,,,10690
BRISA,LASSA,235/55R17,214336,KIS,YEDI_OTO,2,4,,,,10690
BRISA,BRIDGESTONE,275/40R21,517496,KIS,KRB,1,4,,,,27057
BRISA,BRIDGESTONE,275/40R21,517496,KIS,MUTAFLAR,1,20,,,,27057
BRISA,BRIDGESTONE,275/40R21,517496,KIS,MUTAFLAR,2,4,,,,27057
BRISA,BRIDGESTONE,275/40R21,517496,KIS,YEDI_OTO,2,4,,,,27057
BRISA,LASSA,235/55R18,214339,KIS,KRB,2,8,,,,12273
BRISA,LASSA,235/55R18,214339,KIS,MUTAFLAR,1,40,,,,12273
BRISA,LASSA,235/55R18,214339,KIS,MUTAFLAR,2,28,,,,12273
BRISA,LASSA,235/55R18,214339,KIS,YEDI_OTO,2,20,,,,12273
BRISA,LASSA,255/40R19,214812,KIS,KRB,1,8,,,,15638
BRISA,LASSA,255/40R19,214812,KIS,KRB,2,4,,,,15638
BRISA,LASSA,255/40R19,214812,KIS,MUTAFLAR,1,16,,,,15638
BRISA,LASSA,235/55R18,214478,KIS,KRB,1,12,,,,11855
BRISA,LASSA,235/55R19,214341,KIS,KRB,2,8,,,,13445
BRISA,LASSA,235/55R19,214341,KIS,MUTAFLAR,1,100,,,,13445
BRISA,LASSA,235/55R19,214341,KIS,MUTAFLAR,2,60,,,,13445
BRISA,LASSA,235/55R19,214341,KIS,YEDI_OTO,2,4,,,,13445
BRISA,LASSA,215/45R17,214817,KIS,KRB,1,12,,,,8490
BRISA,LASSA,215/45R17,214817,KIS,KRB,2,12,,,,8490
BRISA,LASSA,215/45R17,214817,KIS,MUTAFLAR,1,12,,,,8490
BRISA,LASSA,215/45R17,214817,KIS,YEDI_OTO,2,4,,,,8490
BRISA,BRIDGESTONE,235/60R16,517889,KIS,KRB,2,4,,,,10092
BRISA,BRIDGESTONE,235/60R16,517889,KIS,MUTAFLAR,1,4,,,,10092
BRISA,BRIDGESTONE,235/60R16,517889,KIS,YEDI_OTO,2,4,,,,10092
BRISA,LASSA,235/45R17,214813,KIS,KRB,1,12,,,,7779
BRISA,LASSA,235/45R17,214813,KIS,KRB,2,8,,,,7779
BRISA,LASSA,235/45R17,214813,KIS,MUTAFLAR,1,12,,,,7779
BRISA,LASSA,235/45R17,214813,KIS,YEDI_OTO,2,4,,,,7779
BRISA,LASSA,235/60R17,214316,KIS,KRB,2,8,,,,11563
BRISA,LASSA,235/60R17,214316,KIS,MUTAFLAR,1,8,,,,11563
BRISA,BRIDGESTONE,235/60R17,517454,KIS,KRB,1,12,,,,13374
BRISA,BRIDGESTONE,235/60R17,517454,KIS,KRB,2,8,,,,13374
BRISA,LASSA,235/60R18,214338,KIS,KRB,2,8,,,,11561
BRISA,LASSA,235/60R18,214338,KIS,MUTAFLAR,1,16,,,,11561
BRISA,LASSA,235/60R18,214338,KIS,MUTAFLAR,2,8,,,,11561
BRISA,BRIDGESTONE,205/75R16C,643332,KIS,KRB,1,20,,,,10179
BRISA,BRIDGESTONE,205/75R16C,643332,KIS,KRB,2,20,,,,10179
BRISA,BRIDGESTONE,205/75R16C,643332,KIS,MUTAFLAR,1,4,,,,10179
BRISA,LASSA,205/70R15C,243868,KIS,KRB,1,4,,,,8951
BRISA,LASSA,205/70R15C,243868,KIS,MUTAFLAR,1,16,,,,8951
BRISA,LASSA,205/70R15C,243868,KIS,MUTAFLAR,2,8,,,,8951
BRISA,BRIDGESTONE,225/50R17,612728,KIS,KRB,1,8,,,,11768
BRISA,BRIDGESTONE,225/50R17,612728,KIS,MUTAFLAR,1,12,,,,11768
BRISA,BRIDGESTONE,225/50R17,612728,KIS,MUTAFLAR,2,12,,,,11768
BRISA,BRIDGESTONE,245/70R16,612736,KIS,KRB,1,8,,,,10766
BRISA,BRIDGESTONE,245/70R16,612736,KIS,MUTAFLAR,1,12,,,,10766
BRISA,BRIDGESTONE,245/70R16,612736,KIS,MUTAFLAR,2,12,,,,10766
BRISA,BRIDGESTONE,245/70R16,612736,KIS,YEDI_OTO,2,4,,,,10766
BRISA,BRIDGESTONE,285/45R20,510490,KIS,KRB,1,4,,,,25333
BRISA,BRIDGESTONE,285/45R20,510490,KIS,MUTAFLAR,1,16,,,,25333
BRISA,BRIDGESTONE,285/45R20,510490,KIS,MUTAFLAR,2,8,,,,25333
BRISA,LASSA,235/65R17,214332,KIS,KRB,2,8,,,,10092
BRISA,LASSA,235/65R17,214332,KIS,MUTAFLAR,1,8,,,,10092
BRISA,LASSA,235/65R17,214332,KIS,MUTAFLAR,2,4,,,,10092
BRISA,LASSA,235/65R17,214332,KIS,YEDI_OTO,2,4,,,,10092
BRISA,BRIDGESTONE,235/65R17,548031,KIS,KRB,2,4,,,,11797
BRISA,BRIDGESTONE,235/65R17,548031,KIS,YEDI_OTO,2,4,,,,11797
BRISA,BRIDGESTONE,235/45R19,543989,KIS,KRB,1,4,,,,21996
BRISA,BRIDGESTONE,235/45R19,543989,KIS,KRB,2,4,,,,21996
BRISA,BRIDGESTONE,235/45R19,543989,KIS,MUTAFLAR,1,16,,,,21996
BRISA,BRIDGESTONE,235/45R19,543989,KIS,MUTAFLAR,2,4,,,,21996
BRISA,BRIDGESTONE,235/75R15,545820,KIS,MUTAFLAR,1,4,,,,9383
BRISA,LASSA,235/75R15,214484,KIS,KRB,1,4,,,,7913
BRISA,LASSA,235/75R15,214484,KIS,MUTAFLAR,1,16,,,,7913
BRISA,BRIDGESTONE,265/60R18,610580,KIS,KRB,1,4,,,,16563
BRISA,BRIDGESTONE,265/60R18,610580,KIS,MUTAFLAR,1,16,,,,16563
BRISA,BRIDGESTONE,245/35R20,517244,KIS,MUTAFLAR,1,8,,,,21998
BRISA,BRIDGESTONE,245/35R20,517244,KIS,MUTAFLAR,2,4,,,,21998
BRISA,BRIDGESTONE,245/40R17,517211,KIS,MUTAFLAR,1,4,,,,13953
BRISA,LASSA,245/45R17,214815,KIS,KRB,1,8,,,,10335
BRISA,LASSA,245/45R17,214815,KIS,MUTAFLAR,1,12,,,,10335
BRISA,BRIDGESTONE,225/65R16C,643338,KIS,KRB,1,12,,,,12140
BRISA,BRIDGESTONE,225/65R16C,643338,KIS,MUTAFLAR,1,8,,,,12140
BRISA,BRIDGESTONE,225/65R16C,643338,KIS,YEDI_OTO,2,4,,,,12140
BRISA,BRIDGESTONE,245/40R18,619369,KIS,KRB,1,8,,,,15051
BRISA,LASSA,215/65R15C,243877,KIS,KRB,1,4,,,,10419
BRISA,LASSA,215/65R15C,243877,KIS,MUTAFLAR,1,12,,,,10419
BRISA,LASSA,215/65R15C,243877,KIS,MUTAFLAR,2,12,,,,10419
BRISA,LASSA,215/65R15C,243877,KIS,YEDI_OTO,2,12,,,,10419
BRISA,BRIDGESTONE,225/60R17,610567,KIS,KRB,1,8,,,,14120
BRISA,BRIDGESTONE,225/60R17,610567,KIS,MUTAFLAR,1,8,,,,14120
BRISA,BRIDGESTONE,225/60R17,610567,KIS,MUTAFLAR,2,4,,,,14120
BRISA,BRIDGESTONE,225/60R17,610567,KIS,YEDI_OTO,2,4,,,,14120
BRISA,LASSA,245/40R20,214402,KIS,KRB,2,12,,,,23097
BRISA,LASSA,245/40R20,214402,KIS,MUTAFLAR,1,16,,,,23097
BRISA,LASSA,245/40R20,214402,KIS,MUTAFLAR,2,4,,,,23097
BRISA,BRIDGESTONE,245/40R20,594098,KIS,KRB,2,4,,,,27173
BRISA,BRIDGESTONE,245/40R20,594098,KIS,MUTAFLAR,1,32,,,,27173
BRISA,BRIDGESTONE,245/40R20,594098,KIS,MUTAFLAR,2,8,,,,27173
BRISA,BRIDGESTONE,245/40R21,527029,KIS,KRB,1,4,,,,28919
BRISA,BRIDGESTONE,245/40R21,527029,KIS,KRB,2,4,,,,28919
BRISA,BRIDGESTONE,235/60R18,544850,KIS,KRB,1,4,,,,13361
BRISA,BRIDGESTONE,235/60R18,544850,KIS,KRB,2,4,,,,13361
BRISA,BRIDGESTONE,235/60R18,544850,KIS,MUTAFLAR,1,12,,,,13361
BRISA,BRIDGESTONE,245/45R17,610534,KIS,KRB,1,4,,,,12945
BRISA,LASSA,245/65R17,214486,KIS,KRB,1,4,,,,12539
BRISA,LASSA,245/65R17,214486,KIS,MUTAFLAR,1,12,,,,12539
BRISA,LASSA,205/80R16,214461,KIS,KRB,1,8,,,,7882
BRISA,LASSA,205/80R16,214461,KIS,KRB,2,4,,,,7882
BRISA,LASSA,205/80R16,214461,KIS,MUTAFLAR,1,8,,,,7882
BRISA,BRIDGESTONE,245/45R18,619359,KIS,MUTAFLAR,1,4,,,,15978
BRISA,BRIDGESTONE,245/45R18,619359,KIS,MUTAFLAR,2,4,,,,15978
BRISA,LASSA,245/45R19,214335,KIS,KRB,2,20,,,,16472
BRISA,LASSA,245/45R19,214335,KIS,MUTAFLAR,1,80,,,,16472
BRISA,LASSA,245/45R19,214335,KIS,MUTAFLAR,2,40,,,,16472
BRISA,LASSA,245/45R19,214335,KIS,YEDI_OTO,2,8,,,,16472
BRISA,BRIDGESTONE,225/45R19,612731,KIS,KRB,1,8,,,,18884
BRISA,BRIDGESTONE,225/45R19,612731,KIS,MUTAFLAR,1,8,,,,18884
BRISA,BRIDGESTONE,225/45R19,612731,KIS,YEDI_OTO,2,4,,,,18884
BRISA,LASSA,245/45R19,214485,KIS,MUTAFLAR,1,20,,,,16229
BRISA,BRIDGESTONE,245/45R19,511158,KIS,KRB,2,4,,,,24379
BRISA,LASSA,245/45R20,214313,KIS,KRB,2,8,,,,18266
BRISA,LASSA,245/45R20,214313,KIS,MUTAFLAR,1,20,,,,18266
BRISA,LASSA,245/45R20,214313,KIS,MUTAFLAR,2,8,,,,18266
BRISA,LASSA,225/55R16,214831,KIS,KRB,1,8,,,,10062
BRISA,LASSA,225/55R16,214831,KIS,MUTAFLAR,1,8,,,,10062
BRISA,BRIDGESTONE,245/50R18,517226,KIS,KRB,1,8,,,,16454
BRISA,BRIDGESTONE,245/50R18,517226,KIS,KRB,2,8,,,,16454
BRISA,BRIDGESTONE,245/50R18,517226,KIS,YEDI_OTO,2,4,,,,16454
BRISA,BRIDGESTONE,245/50R18,511118,KIS,KRB,2,4,,,,20476
BRISA,BRIDGESTONE,215/60R16,610554,KIS,KRB,1,12,,,,10786
BRISA,BRIDGESTONE,215/60R16,610554,KIS,KRB,2,8,,,,10786
BRISA,BRIDGESTONE,215/60R16,610554,KIS,MUTAFLAR,1,4,,,,10786
BRISA,BRIDGESTONE,245/50R19,511318,KIS,KRB,2,4,,,,21176
BRISA,BRIDGESTONE,245/50R19,511318,KIS,MUTAFLAR,1,8,,,,21176
BRISA,BRIDGESTONE,245/65R17,543959,KIS,MUTAFLAR,1,8,,,,14558
BRISA,BRIDGESTONE,245/65R17,543959,KIS,MUTAFLAR,2,4,,,,14558
BRISA,BRIDGESTONE,245/35R19,594096,KIS,KRB,1,4,,,,19279
BRISA,BRIDGESTONE,245/35R19,594096,KIS,KRB,2,4,,,,19279
BRISA,BRIDGESTONE,245/35R19,594096,KIS,MUTAFLAR,1,8,,,,19279
BRISA,BRIDGESTONE,245/35R19,594096,KIS,MUTAFLAR,2,4,,,,19279
BRISA,LASSA,245/70R16,214307,KIS,KRB,2,24,,,,9552
BRISA,LASSA,245/70R16,214307,KIS,MUTAFLAR,1,32,,,,9552
BRISA,LASSA,245/70R16,214307,KIS,YEDI_OTO,2,8,,,,9552
BRISA,BRIDGESTONE,195/45R16,517174,KIS,KRB,1,4,,,,8906
BRISA,BRIDGESTONE,195/45R16,517174,KIS,KRB,2,4,,,,8906
BRISA,BRIDGESTONE,195/45R16,517174,KIS,MUTAFLAR,1,8,,,,8906
BRISA,LASSA,245/70R16,214487,KIS,MUTAFLAR,1,44,,,,9227
BRISA,LASSA,245/70R16,214487,KIS,MUTAFLAR,2,20,,,,9227
BRISA,BRIDGESTONE,215/50R18,594090,KIS,KRB,1,4,,,,13820
BRISA,BRIDGESTONE,215/50R18,594090,KIS,KRB,2,4,,,,13820
BRISA,BRIDGESTONE,215/50R18,594090,KIS,MUTAFLAR,1,8,,,,13820
BRISA,BRIDGESTONE,215/50R18,594090,KIS,YEDI_OTO,2,4,,,,13820
BRISA,BRIDGESTONE,255/35R19,548122,KIS,KRB,2,4,,,,17912
BRISA,BRIDGESTONE,255/35R19,548122,KIS,MUTAFLAR,1,36,,,,17912
BRISA,BRIDGESTONE,255/35R19,548122,KIS,MUTAFLAR,2,24,,,,17912
BRISA,BRIDGESTONE,225/50R17,511974,KIS,KRB,1,4,,,,14295
BRISA,BRIDGESTONE,225/50R17,511974,KIS,KRB,2,4,,,,14295
BRISA,BRIDGESTONE,225/50R17,511974,KIS,MUTAFLAR,1,8,,,,14295
BRISA,BRIDGESTONE,255/35R20,517245,KIS,KRB,1,4,,,,20931
BRISA,BRIDGESTONE,255/35R20,517245,KIS,KRB,2,4,,,,20931
BRISA,BRIDGESTONE,255/35R21,594189,KIS,MUTAFLAR,1,4,,,,26404
BRISA,BRIDGESTONE,255/40R18,594179,KIS,KRB,1,4,,,,17839
BRISA,BRIDGESTONE,255/40R18,594179,KIS,KRB,2,4,,,,17839
BRISA,BRIDGESTONE,235/55R17,610562,KIS,KRB,1,4,,,,12195
BRISA,BRIDGESTONE,235/55R17,610562,KIS,MUTAFLAR,1,8,,,,12195
BRISA,BRIDGESTONE,235/55R17,610562,KIS,YEDI_OTO,2,4,,,,12195
BRISA,BRIDGESTONE,255/40R19,594169,KIS,KRB,2,4,,,,19260
BRISA,BRIDGESTONE,255/40R19,594169,KIS,MUTAFLAR,1,12,,,,19260
BRISA,BRIDGESTONE,255/40R19,594169,KIS,MUTAFLAR,2,8,,,,19260
BRISA,BRIDGESTONE,255/40R20,594159,KIS,KRB,2,4,,,,24286
BRISA,BRIDGESTONE,255/40R20,594159,KIS,MUTAFLAR,1,8,,,,24286
BRISA,BRIDGESTONE,255/40R20,594159,KIS,MUTAFLAR,2,4,,,,24286
BRISA,LASSA,235/60R16,214479,KIS,KRB,1,4,,,,8740
BRISA,LASSA,235/60R16,214479,KIS,MUTAFLAR,1,8,,,,8740
BRISA,LASSA,235/60R16,214479,KIS,YEDI_OTO,2,4,,,,8740
BRISA,LASSA,255/45R18,214811,KIS,KRB,1,8,,,,13592
BRISA,LASSA,255/45R18,214811,KIS,MUTAFLAR,1,4,,,,13592
BRISA,LASSA,255/45R18,214811,KIS,MUTAFLAR,2,4,,,,13592
BRISA,BRIDGESTONE,255/45R18,594139,KIS,KRB,1,4,,,,17010
BRISA,BRIDGESTONE,255/45R18,594139,KIS,KRB,2,4,,,,17010
BRISA,LASSA,255/45R19,214858,KIS,KRB,2,8,,,,16824
BRISA,LASSA,255/45R19,214858,KIS,MUTAFLAR,1,24,,,,16824
BRISA,LASSA,255/45R19,214858,KIS,MUTAFLAR,2,8,,,,16824
BRISA,LASSA,255/45R19,214858,KIS,YEDI_OTO,2,4,,,,16824
BRISA,BRIDGESTONE,255/50R19,543979,KIS,KRB,1,4,,,,16941
BRISA,BRIDGESTONE,255/50R19,543979,KIS,KRB,2,4,,,,16941
BRISA,BRIDGESTONE,255/50R19,543979,KIS,MUTAFLAR,1,8,,,,16941
BRISA,LASSA,255/45R20,214841,KIS,KRB,2,4,,,,19250
BRISA,LASSA,255/45R20,214841,KIS,MUTAFLAR,1,24,,,,19250
BRISA,LASSA,255/45R20,214841,KIS,MUTAFLAR,2,4,,,,19250
BRISA,BRIDGESTONE,255/45R20,543969,KIS,KRB,2,4,,,,22647
BRISA,BRIDGESTONE,255/45R20,543969,KIS,MUTAFLAR,1,44,,,,22647
BRISA,BRIDGESTONE,255/45R20,543969,KIS,MUTAFLAR,2,16,,,,22647
BRISA,LASSA,255/50R19,214327,KIS,KRB,2,20,,,,14671
BRISA,LASSA,255/50R19,214327,KIS,MUTAFLAR,1,8,,,,14671
BRISA,LASSA,255/50R19,214327,KIS,YEDI_OTO,2,4,,,,14671
BRISA,BRIDGESTONE,255/60R18,610577,KIS,KRB,1,4,,,,14063
BRISA,BRIDGESTONE,255/60R18,610577,KIS,MUTAFLAR,1,8,,,,14063
BRISA,BRIDGESTONE,255/50R20,510483,KIS,MUTAFLAR,1,8,,,,22410
BRISA,LASSA,255/55R18,214321,KIS,YEDI_OTO,2,4,,,,11646
BRISA,BRIDGESTONE,255/55R19,517475,KIS,KRB,2,4,,,,16285
BRISA,BRIDGESTONE,255/55R19,517475,KIS,MUTAFLAR,1,4,,,,16285
BRISA,LASSA,255/55R19,214318,KIS,KRB,2,4,,,,13112
BRISA,LASSA,255/55R19,214318,KIS,MUTAFLAR,1,8,,,,13112
BRISA,LASSA,255/55R19,214318,KIS,MUTAFLAR,2,4,,,,13112
BRISA,LASSA,255/55R19,214318,KIS,YEDI_OTO,2,4,,,,13112
BRISA,LASSA,255/55R19,214457,KIS,KRB,1,2,,,,12918
BRISA,BRIDGESTONE,255/55R20,542978,KIS,MUTAFLAR,1,4,,,,24058
BRISA,LASSA,255/60R18,214315,KIS,KRB,2,8,,,,11542
BRISA,LASSA,255/60R18,214315,KIS,MUTAFLAR,1,40,,,,11542
BRISA,LASSA,255/60R18,214315,KIS,MUTAFLAR,2,20,,,,11542
BRISA,LASSA,255/60R18,214315,KIS,YEDI_OTO,2,4,,,,11542
BRISA,BRIDGESTONE,285/65R16C,645840,KIS,KRB,1,8,,,,22241
BRISA,BRIDGESTONE,285/65R16C,645840,KIS,KRB,2,4,,,,22241
BRISA,BRIDGESTONE,285/65R16C,645840,KIS,MUTAFLAR,1,4,,,,22241
BRISA,BRIDGESTONE,285/65R16C,645840,KIS,MUTAFLAR,2,4,,,,22241
BRISA,BRIDGESTONE,265/35R21,518933,KIS,MUTAFLAR,1,4,,,,27542
BRISA,BRIDGESTONE,265/40R20,517845,KIS,MUTAFLAR,1,4,,,,27396
BRISA,BRIDGESTONE,265/40R21,545143,KIS,KRB,2,4,,,,31774
BRISA,BRIDGESTONE,265/40R21,517494,KIS,KRB,2,4,,,,26353
BRISA,BRIDGESTONE,265/45R21,511518,KIS,KRB,2,4,,,,27377
BRISA,LASSA,265/60R18,214319,KIS,KRB,2,8,,,,14078
BRISA,LASSA,265/60R18,214319,KIS,MUTAFLAR,1,68,,,,14078
BRISA,LASSA,265/60R18,214319,KIS,MUTAFLAR,2,44,,,,14078
BRISA,LASSA,265/60R18,214319,KIS,YEDI_OTO,2,4,,,,14078
BRISA,BRIDGESTONE,235/40R18,610549,KIS,KRB,1,8,,,,13786
BRISA,BRIDGESTONE,235/40R18,610549,KIS,MUTAFLAR,1,4,,,,13786
BRISA,LASSA,265/65R17,214459,KIS,MUTAFLAR,1,12,,,,13429
BRISA,LASSA,265/65R17,214317,KIS,KRB,2,4,,,,13630
BRISA,LASSA,265/65R17,214317,KIS,MUTAFLAR,1,12,,,,13630
BRISA,BRIDGESTONE,275/40R19,517242,KIS,KRB,1,4,,,,21141
BRISA,BRIDGESTONE,275/40R19,517242,KIS,KRB,2,4,,,,21141
BRISA,BRIDGESTONE,275/40R19,517242,KIS,MUTAFLAR,1,6,,,,21141
BRISA,LASSA,275/35R19,214809,KIS,MUTAFLAR,1,16,,,,21278
BRISA,LASSA,275/35R19,214809,KIS,MUTAFLAR,2,4,,,,21278
BRISA,BRIDGESTONE,275/35R19,517844,KIS,MUTAFLAR,1,16,,,,23279
BRISA,BRIDGESTONE,275/35R19,517844,KIS,MUTAFLAR,2,4,,,,23279
BRISA,BRIDGESTONE,275/35R20,517022,KIS,MUTAFLAR,1,22,,,,24256
BRISA,BRIDGESTONE,275/35R20,517022,KIS,MUTAFLAR,2,8,,,,24256
BRISA,BRIDGESTONE,255/40R21,594149,KIS,KRB,1,4,,,,28811
BRISA,BRIDGESTONE,255/40R21,594149,KIS,KRB,2,4,,,,28811
BRISA,BRIDGESTONE,255/40R21,594149,KIS,MUTAFLAR,1,4,,,,28811
BRISA,BRIDGESTONE,255/40R21,594149,KIS,MUTAFLAR,2,4,,,,28811
BRISA,BRIDGESTONE,195/70R15C,642325,KIS,KRB,1,4,,,,8400
BRISA,BRIDGESTONE,195/70R15C,642325,KIS,MUTAFLAR,1,4,,,,8400
BRISA,LASSA,275/40R20,214419,KIS,MUTAFLAR,1,8,,,,16311
BRISA,BRIDGESTONE,225/45R17,511726,KIS,KRB,1,4,,,,10732
BRISA,BRIDGESTONE,225/45R17,511726,KIS,MUTAFLAR,1,4,,,,10732
BRISA,BRIDGESTONE,275/40R22,511488,KIS,MUTAFLAR,1,4,,,,30616
BRISA,BRIDGESTONE,275/40R22,511488,KIS,MUTAFLAR,2,4,,,,30616
BRISA,BRIDGESTONE,275/45R19,517478,KIS,KRB,1,4,,,,22394
BRISA,BRIDGESTONE,275/45R19,517478,KIS,KRB,2,4,,,,22394
BRISA,LASSA,275/45R20,214324,KIS,KRB,2,4,,,,18852
BRISA,LASSA,275/45R20,214324,KIS,MUTAFLAR,1,8,,,,18852
BRISA,LASSA,275/45R20,214420,KIS,KRB,1,4,,,,18573
BRISA,BRIDGESTONE,275/45R20,511516,KIS,KRB,2,4,,,,25403
BRISA,BRIDGESTONE,275/45R20,515128,KIS,KRB,2,4,,,,22671
BRISA,BRIDGESTONE,275/45R20,515128,KIS,MUTAFLAR,1,12,,,,22671
BRISA,BRIDGESTONE,275/45R20,515128,KIS,MUTAFLAR,2,4,,,,22671
BRISA,BRIDGESTONE,275/45R20,515128,KIS,YEDI_OTO,2,4,,,,22671
BRISA,LASSA,275/45R21,214314,KIS,MUTAFLAR,1,12,,,,18919
BRISA,LASSA,275/45R21,214314,KIS,MUTAFLAR,2,4,,,,18919
BRISA,BRIDGESTONE,275/50R20,517489,KIS,MUTAFLAR,1,8,,,,26757
BRISA,BRIDGESTONE,275/50R22,511370,KIS,MUTAFLAR,1,4,,,,30995
BRISA,BRIDGESTONE,275/50R22,511370,KIS,MUTAFLAR,2,4,,,,30995
BRISA,BRIDGESTONE,285/30R21,517930,KIS,MUTAFLAR,1,2,,,,28879
BRISA,BRIDGESTONE,285/30R21,517930,KIS,MUTAFLAR,2,2,,,,28879
BRISA,BRIDGESTONE,285/40R20,517026,KIS,MUTAFLAR,1,4,,,,29976
BRISA,BRIDGESTONE,285/40R20,517026,KIS,MUTAFLAR,2,4,,,,29976
BRISA,LASSA,235/70R16,214483,KIS,KRB,1,4,,,,9428
BRISA,LASSA,235/70R16,214483,KIS,MUTAFLAR,1,4,,,,9428
BRISA,LASSA,235/70R16,214483,KIS,YEDI_OTO,2,4,,,,9428
BRISA,BRIDGESTONE,285/45R22,517936,KIS,MUTAFLAR,1,4,,,,30979
BRISA,BRIDGESTONE,275/40R18,517842,KIS,KRB,1,4,,,,25857
BRISA,BRIDGESTONE,275/40R18,517842,KIS,KRB,2,4,,,,25857
BRISA,BRIDGESTONE,275/40R18,517842,KIS,MUTAFLAR,1,4,,,,25857
BRISA,LASSA,295/35R21,214312,KIS,KRB,2,4,,,,18818
BRISA,LASSA,295/35R21,214312,KIS,MUTAFLAR,1,4,,,,18818
BRISA,BRIDGESTONE,295/35R21,612626,KIS,KRB,1,4,,,,22138
BRISA,BRIDGESTONE,295/35R21,612626,KIS,MUTAFLAR,1,4,,,,22138
BRISA,LASSA,175/65R14,213103,4 MEVSIM,KRB,1,40,,,,4465
BRISA,LASSA,175/65R14,213103,4 MEVSIM,KRB,2,28,,,,4465
BRISA,LASSA,175/65R15,213146,4 MEVSIM,MUTAFLAR,1,8,,,,5737
BRISA,LASSA,185/55R15,213117,4 MEVSIM,MUTAFLAR,1,8,,,,6920
BRISA,LASSA,185/60R15,213107,4 MEVSIM,MUTAFLAR,1,20,,,,5668
BRISA,BRIDGESTONE,185/60R15,613511,4 MEVSIM,MUTAFLAR,1,9,,,,6060
BRISA,LASSA,185/65R14,213108,4 MEVSIM,KRB,1,43,,,,4818
BRISA,LASSA,185/65R14,213108,4 MEVSIM,KRB,2,20,,,,4818
BRISA,LASSA,185/65R14,213108,4 MEVSIM,MUTAFLAR,1,20,,,,4818
BRISA,BRIDGESTONE,185/65R15,613522,4 MEVSIM,KRB,1,20,,,,5684
BRISA,LASSA,185/65R15,213109,4 MEVSIM,KRB,1,43,,,,5092
BRISA,LASSA,185/65R15,213109,4 MEVSIM,KRB,2,20,,,,5092
BRISA,BRIDGESTONE,185/75R16C,643270,4 MEVSIM,MUTAFLAR,1,4,,,,9864
BRISA,LASSA,185R14C,242351,4 MEVSIM,KRB,1,40,,,,6312
BRISA,LASSA,185R14C,242351,4 MEVSIM,KRB,2,20,,,,6312
BRISA,LASSA,185R14C,242351,4 MEVSIM,MUTAFLAR,1,25,,,,6312
BRISA,LASSA,195/50R15,213148,4 MEVSIM,MUTAFLAR,1,8,,,,5329
BRISA,LASSA,195/55R16,213111,4 MEVSIM,KRB,1,60,,,,6970
BRISA,LASSA,195/55R16,213111,4 MEVSIM,KRB,2,60,,,,6970
BRISA,LASSA,195/55R16,213111,4 MEVSIM,MUTAFLAR,1,32,,,,6970
BRISA,BRIDGESTONE,195/55R16,619012,4 MEVSIM,KRB,1,24,,,,7829
BRISA,LASSA,195/60R15,213112,4 MEVSIM,KRB,1,19,,,,5963
BRISA,LASSA,195/60R15,213112,4 MEVSIM,MUTAFLAR,1,12,,,,5963
BRISA,BRIDGESTONE,195/60R16,545122,4 MEVSIM,KRB,1,12,,,,9392
BRISA,LASSA,195/60R16C,242352,4 MEVSIM,KRB,1,80,,,,9382
BRISA,LASSA,195/60R16C,242352,4 MEVSIM,KRB,2,20,,,,9382
BRISA,LASSA,195/60R16C,242352,4 MEVSIM,MUTAFLAR,1,24,,,,9382
BRISA,BRIDGESTONE,195/60R16C,643275,4 MEVSIM,KRB,1,16,,,,10021
BRISA,BRIDGESTONE,195/65R15,613510,4 MEVSIM,MUTAFLAR,1,22,,,,5737
BRISA,LASSA,195/70R15C,242353,4 MEVSIM,MUTAFLAR,1,10,,,,7674
BRISA,BRIDGESTONE,195/70R15C,643277,4 MEVSIM,KRB,1,4,,,,8421
BRISA,LASSA,195/75R16C,242354,4 MEVSIM,KRB,1,40,,,,8684
BRISA,LASSA,195/75R16C,242354,4 MEVSIM,KRB,2,20,,,,8684
BRISA,BRIDGESTONE,195/75R16C,643278,4 MEVSIM,KRB,1,1,,,,9139
BRISA,LASSA,195R14C,242355,4 MEVSIM,KRB,1,20,,,,6860
BRISA,LASSA,195R14C,242355,4 MEVSIM,MUTAFLAR,1,22,,,,6860
BRISA,BRIDGESTONE,205/50R17,519814,4 MEVSIM,MUTAFLAR,1,12,,,,11012
BRISA,LASSA,205/50R17,213152,4 MEVSIM,KRB,1,2,,,,9232
BRISA,LASSA,205/55R16,213147,4 MEVSIM,KRB,1,80,,,,5972
BRISA,LASSA,205/55R16,213147,4 MEVSIM,KRB,2,80,,,,5972
BRISA,LASSA,205/55R16,213147,4 MEVSIM,MUTAFLAR,1,44,,,,5972
BRISA,BRIDGESTONE,205/55R16,619013,4 MEVSIM,KRB,1,40,,,,6837
BRISA,BRIDGESTONE,205/55R16,619013,4 MEVSIM,KRB,2,20,,,,6837
BRISA,BRIDGESTONE,205/55R16,619013,4 MEVSIM,MUTAFLAR,1,400,,,,6837
BRISA,LASSA,205/55R17,213153,4 MEVSIM,KRB,1,8,,,,9109
BRISA,LASSA,205/55R17,213153,4 MEVSIM,KRB,2,4,,,,9109
BRISA,BRIDGESTONE,205/55R17,514455,4 MEVSIM,KRB,1,4,,,,10961
BRISA,BRIDGESTONE,205/55R17,514455,4 MEVSIM,KRB,2,4,,,,10961
BRISA,BRIDGESTONE,205/55R17,514455,4 MEVSIM,MUTAFLAR,1,8,,,,10961
BRISA,BRIDGESTONE,205/55R19,519871,4 MEVSIM,KRB,1,8,,,,12447
BRISA,BRIDGESTONE,205/55R19,519871,4 MEVSIM,KRB,2,4,,,,12447
BRISA,BRIDGESTONE,205/55R19,519871,4 MEVSIM,MUTAFLAR,1,12,,,,12447
BRISA,BRIDGESTONE,205/60R16,619014,4 MEVSIM,KRB,1,20,,,,8596
BRISA,BRIDGESTONE,205/60R16,619014,4 MEVSIM,KRB,2,20,,,,8596
BRISA,BRIDGESTONE,205/60R16,619014,4 MEVSIM,MUTAFLAR,1,8,,,,8596
BRISA,LASSA,205/60R16,213116,4 MEVSIM,KRB,1,8,,,,7481
BRISA,LASSA,205/60R16,213116,4 MEVSIM,KRB,2,4,,,,7481
BRISA,LASSA,205/75R16C,243357,4 MEVSIM,KRB,1,20,,,,9522
BRISA,LASSA,205/75R16C,243357,4 MEVSIM,KRB,2,20,,,,9522
BRISA,LASSA,205/75R16C,243357,4 MEVSIM,MUTAFLAR,1,42,,,,9522
BRISA,LASSA,215/50R17,213118,4 MEVSIM,KRB,1,4,,,,9562
BRISA,LASSA,215/50R17,213118,4 MEVSIM,MUTAFLAR,1,8,,,,9562
BRISA,LASSA,215/55R16,213119,4 MEVSIM,MUTAFLAR,1,6,,,,8484
BRISA,LASSA,215/55R17,213135,4 MEVSIM,KRB,1,12,,,,9534
BRISA,LASSA,215/55R17,213135,4 MEVSIM,KRB,2,8,,,,9534
BRISA,BRIDGESTONE,215/55R17,619017,4 MEVSIM,KRB,1,6,,,,11437
BRISA,BRIDGESTONE,215/55R17,619017,4 MEVSIM,MUTAFLAR,1,9,,,,11437
BRISA,BRIDGESTONE,215/60R16,514489,4 MEVSIM,MUTAFLAR,1,12,,,,10623
BRISA,LASSA,215/60R16,213136,4 MEVSIM,KRB,1,8,,,,9254
BRISA,BRIDGESTONE,215/60R16C,643291,4 MEVSIM,KRB,1,9,,,,13029
BRISA,LASSA,215/60R17,213137,4 MEVSIM,KRB,1,12,,,,9262
BRISA,LASSA,215/60R17C,243359,4 MEVSIM,KRB,1,20,,,,10474
BRISA,BRIDGESTONE,215/60R17C,643293,4 MEVSIM,MUTAFLAR,1,20,,,,12573
BRISA,BRIDGESTONE,215/65R15C,643297,4 MEVSIM,MUTAFLAR,1,4,,,,11794
BRISA,LASSA,215/65R16,213138,4 MEVSIM,KRB,1,16,,,,7149
BRISA,BRIDGESTONE,215/65R16,532792,4 MEVSIM,KRB,2,4,,,,7911
BRISA,LASSA,215/65R16C,243360,4 MEVSIM,KRB,1,12,,,,10882
BRISA,LASSA,215/65R16C,243360,4 MEVSIM,MUTAFLAR,1,24,,,,10882
BRISA,BRIDGESTONE,215/65R16C,643298,4 MEVSIM,MUTAFLAR,1,12,,,,11458
BRISA,LASSA,215/70R15C,243378,4 MEVSIM,KRB,1,8,,,,10844
BRISA,LASSA,215/75R16C,243362,4 MEVSIM,KRB,1,80,,,,10029
BRISA,LASSA,215/75R16C,243362,4 MEVSIM,KRB,2,20,,,,10029
BRISA,LASSA,215/75R16C,243383,4 MEVSIM,KRB,1,40,,,,9832
BRISA,LASSA,215/75R16C,243383,4 MEVSIM,MUTAFLAR,1,40,,,,9832
BRISA,BRIDGESTONE,215/75R16C,643310,4 MEVSIM,KRB,1,40,,,,10716
BRISA,BRIDGESTONE,215/75R16C,643308,4 MEVSIM,KRB,1,20,,,,10307
BRISA,LASSA,225/40R18,213141,4 MEVSIM,KRB,1,8,,,,7577
BRISA,LASSA,225/40R18,213141,4 MEVSIM,KRB,2,4,,,,7577
BRISA,BRIDGESTONE,225/40R18,619024,4 MEVSIM,KRB,1,1,,,,9117
BRISA,BRIDGESTONE,225/40R18,619024,4 MEVSIM,MUTAFLAR,1,4,,,,9117
BRISA,BRIDGESTONE,225/40R19,519679,4 MEVSIM,KRB,2,4,,,,18018
BRISA,LASSA,225/45R17,213142,4 MEVSIM,KRB,1,26,,,,6655
BRISA,LASSA,225/45R17,213142,4 MEVSIM,KRB,2,20,,,,6655
BRISA,BRIDGESTONE,225/45R17,619021,4 MEVSIM,KRB,1,12,,,,8024
BRISA,BRIDGESTONE,225/45R17,619021,4 MEVSIM,KRB,2,8,,,,8024
BRISA,BRIDGESTONE,225/45R18,619025,4 MEVSIM,KRB,1,8,,,,13757
BRISA,BRIDGESTONE,225/45R18,619025,4 MEVSIM,KRB,2,8,,,,13757
BRISA,BRIDGESTONE,225/45R19,518991,4 MEVSIM,KRB,1,4,,,,17340
BRISA,BRIDGESTONE,225/45R19,518991,4 MEVSIM,KRB,2,4,,,,17340
BRISA,BRIDGESTONE,225/45R19,518991,4 MEVSIM,MUTAFLAR,1,8,,,,17340
BRISA,BRIDGESTONE,225/50R17,619022,4 MEVSIM,MUTAFLAR,1,16,,,,11628
BRISA,LASSA,225/50R17,213167,4 MEVSIM,KRB,1,4,,,,9404
BRISA,LASSA,225/50R17,213167,4 MEVSIM,KRB,2,4,,,,9404
BRISA,BRIDGESTONE,225/50R18,517600,4 MEVSIM,KRB,2,4,,,,15381
BRISA,LASSA,225/55R17,213144,4 MEVSIM,KRB,1,8,,,,10075
BRISA,LASSA,225/55R17,213144,4 MEVSIM,KRB,2,4,,,,10075
BRISA,BRIDGESTONE,225/55R17,619023,4 MEVSIM,KRB,1,4,,,,12118
BRISA,BRIDGESTONE,225/55R17C,643371,4 MEVSIM,MUTAFLAR,1,10,,,,12922
BRISA,LASSA,225/55R18,213145,4 MEVSIM,KRB,1,8,,,,10332
BRISA,LASSA,225/55R18,213145,4 MEVSIM,KRB,2,4,,,,10332
BRISA,LASSA,225/55R18,213145,4 MEVSIM,MUTAFLAR,1,5,,,,10332
BRISA,BRIDGESTONE,225/55R18,619026,4 MEVSIM,KRB,1,8,,,,12546
BRISA,BRIDGESTONE,225/55R19,545124,4 MEVSIM,KRB,1,6,,,,12596
BRISA,BRIDGESTONE,225/55R19,545124,4 MEVSIM,MUTAFLAR,1,6,,,,12596
BRISA,BRIDGESTONE,225/60R17,512011,4 MEVSIM,KRB,1,4,,,,13496
BRISA,BRIDGESTONE,225/60R17,512011,4 MEVSIM,KRB,2,4,,,,13496
BRISA,BRIDGESTONE,225/60R18,516700,4 MEVSIM,KRB,1,4,,,,13086
BRISA,LASSA,225/65R16C,243364,4 MEVSIM,KRB,1,12,,,,12209
BRISA,LASSA,225/65R16C,243364,4 MEVSIM,MUTAFLAR,1,12,,,,12209
BRISA,LASSA,225/65R17,213603,4 MEVSIM,KRB,1,8,,,,10216
BRISA,BRIDGESTONE,225/65R17,519879,4 MEVSIM,KRB,2,4,,,,12617
BRISA,LASSA,225/70R15C,242365,4 MEVSIM,KRB,1,24,,,,9386
BRISA,LASSA,225/70R15C,242384,4 MEVSIM,KRB,1,8,,,,9069
BRISA,LASSA,225/75R16C,243366,4 MEVSIM,KRB,1,40,,,,10099
BRISA,BRIDGESTONE,225/75R16C,643374,4 MEVSIM,KRB,1,20,,,,11880
BRISA,BRIDGESTONE,235/40R18,545125,4 MEVSIM,KRB,2,4,,,,12365
BRISA,BRIDGESTONE,235/40R19,519880,4 MEVSIM,KRB,2,4,,,,18587
BRISA,BRIDGESTONE,235/40R19,519880,4 MEVSIM,MUTAFLAR,1,8,,,,18587
BRISA,BRIDGESTONE,235/45R17,519870,4 MEVSIM,KRB,2,4,,,,10892
BRISA,BRIDGESTONE,235/45R18,619027,4 MEVSIM,KRB,1,4,,,,14251
BRISA,BRIDGESTONE,235/45R18,619027,4 MEVSIM,MUTAFLAR,1,2,,,,14251
BRISA,BRIDGESTONE,235/45R19,519881,4 MEVSIM,KRB,2,4,,,,20287
BRISA,BRIDGESTONE,235/45R20,519874,4 MEVSIM,KRB,2,4,,,,22568
BRISA,BRIDGESTONE,235/50R18,519897,4 MEVSIM,KRB,2,4,,,,13521
BRISA,BRIDGESTONE,235/50R19,519817,4 MEVSIM,KRB,1,4,,,,15434
BRISA,BRIDGESTONE,235/50R19,519817,4 MEVSIM,KRB,2,4,,,,15434
BRISA,BRIDGESTONE,235/50R19,519817,4 MEVSIM,MUTAFLAR,1,18,,,,15434
BRISA,LASSA,235/55R17,213149,4 MEVSIM,KRB,1,8,,,,9802
BRISA,LASSA,235/55R17,213149,4 MEVSIM,MUTAFLAR,1,2,,,,9802
BRISA,BRIDGESTONE,235/55R17,519826,4 MEVSIM,KRB,2,4,,,,11740
BRISA,BRIDGESTONE,235/55R18,518600,4 MEVSIM,KRB,1,4,,,,12921
BRISA,BRIDGESTONE,235/55R18,518600,4 MEVSIM,KRB,2,4,,,,12921
BRISA,BRIDGESTONE,235/55R19,516500,4 MEVSIM,KRB,2,4,,,,14923
BRISA,BRIDGESTONE,235/55R19,516500,4 MEVSIM,MUTAFLAR,1,9,,,,14923
BRISA,BRIDGESTONE,235/60R18,518500,4 MEVSIM,MUTAFLAR,1,4,,,,12427
BRISA,LASSA,235/65R16C,243368,4 MEVSIM,KRB,1,40,,,,12668
BRISA,LASSA,235/65R16C,243368,4 MEVSIM,KRB,2,20,,,,12668
BRISA,LASSA,235/65R16C,243368,4 MEVSIM,MUTAFLAR,1,40,,,,12668
BRISA,LASSA,235/65R16C,243385,4 MEVSIM,KRB,1,40,,,,11602
BRISA,LASSA,235/65R16C,243385,4 MEVSIM,MUTAFLAR,1,40,,,,11602
BRISA,BRIDGESTONE,235/65R16C,643377,4 MEVSIM,KRB,1,20,,,,12822
BRISA,BRIDGESTONE,235/65R16C,643377,4 MEVSIM,MUTAFLAR,1,240,,,,12822
BRISA,BRIDGESTONE,235/65R16C,643376,4 MEVSIM,KRB,1,12,,,,12244
BRISA,BRIDGESTONE,245/40R18,619028,4 MEVSIM,KRB,1,8,,,,12518
BRISA,BRIDGESTONE,245/40R18,619028,4 MEVSIM,KRB,2,4,,,,12518
BRISA,BRIDGESTONE,245/40R19,545126,4 MEVSIM,KRB,1,4,,,,16906
BRISA,BRIDGESTONE,245/45R17,519818,4 MEVSIM,KRB,1,4,,,,12323
BRISA,BRIDGESTONE,245/45R17,519818,4 MEVSIM,KRB,2,4,,,,12323
BRISA,BRIDGESTONE,245/45R17,519818,4 MEVSIM,MUTAFLAR,1,4,,,,12323
BRISA,BRIDGESTONE,245/45R18,619029,4 MEVSIM,KRB,1,4,,,,13354
BRISA,BRIDGESTONE,245/45R19,516400,4 MEVSIM,KRB,2,4,,,,18041
BRISA,BRIDGESTONE,245/45R19,516400,4 MEVSIM,MUTAFLAR,1,8,,,,18041
BRISA,BRIDGESTONE,245/45R20,519875,4 MEVSIM,KRB,2,4,,,,19412
BRISA,BRIDGESTONE,245/45R20,519875,4 MEVSIM,MUTAFLAR,1,4,,,,19412
BRISA,BRIDGESTONE,255/40R19,548032,4 MEVSIM,KRB,2,4,,,,17392
BRISA,BRIDGESTONE,255/45R19,519883,4 MEVSIM,KRB,1,4,,,,18398
BRISA,BRIDGESTONE,255/45R19,519883,4 MEVSIM,MUTAFLAR,1,4,,,,18398
BRISA,BRIDGESTONE,255/50R19,545129,4 MEVSIM,KRB,1,4,,,,15517
BRISA,BRIDGESTONE,255/50R19,545129,4 MEVSIM,KRB,2,4,,,,15517
BRISA,BRIDGESTONE,255/55R18,545127,4 MEVSIM,KRB,2,4,,,,12295
BRISA,BRIDGESTONE,255/55R19,545132,4 MEVSIM,KRB,2,4,,,,14455
BRISA,BRIDGESTONE,275/45R20,545128,4 MEVSIM,KRB,1,3,,,,20791
BRISA,LASSA,235/35R19,219790,YAZ,KRB,1,4,,,,12243
BRISA,LASSA,255/40R19,219792,YAZ,KRB,1,1,,,,13305
BRISA,LASSA,235/40R18,218042,YAZ,KRB,1,2,,,,9038
BRISA,LASSA,225/40R18,218015,YAZ,KRB,1,25,,,,6552
BRISA,LASSA,225/45R18,218041,YAZ,KRB,1,12,,,,10224
BRISA,LASSA,225/45R18,218041,YAZ,MUTAFLAR,1,5,,,,10224
BRISA,LASSA,245/40R17,219778,YAZ,MUTAFLAR,1,2,,,,8836
BRISA,LASSA,245/45R17,218031,YAZ,MUTAFLAR,1,4,,,,9199
BRISA,LASSA,235/45R17,218037,YAZ,MUTAFLAR,1,5,,,,6925
BRISA,LASSA,225/45R17,218047,YAZ,KRB,1,40,,,,6132
BRISA,LASSA,225/45R17,219776,YAZ,KRB,1,8,,,,6496
BRISA,LASSA,205/45R17,219774,YAZ,MUTAFLAR,1,2,,,,7637
BRISA,LASSA,225/50R17,218018,YAZ,KRB,1,12,,,,8728
BRISA,LASSA,225/50R17,218018,YAZ,MUTAFLAR,1,7,,,,8728
BRISA,LASSA,215/50R17,218028,YAZ,MUTAFLAR,1,11,,,,8850
BRISA,LASSA,205/50R17,212712,YAZ,KRB,1,13,,,,8451
BRISA,LASSA,205/50R17,212712,YAZ,MUTAFLAR,1,7,,,,8451
BRISA,LASSA,225/55R17,218024,YAZ,MUTAFLAR,1,10,,,,9493
BRISA,LASSA,215/55R17,212726,YAZ,KRB,1,20,,,,8976
BRISA,LASSA,215/55R17,212726,YAZ,MUTAFLAR,1,29,,,,8976
BRISA,LASSA,195/45R16,219423,YAZ,KRB,1,3,,,,7163
BRISA,LASSA,205/55R16,218052,YAZ,KRB,1,200,,,,5820
BRISA,LASSA,195/55R16,218035,YAZ,KRB,1,80,,,,6712
BRISA,LASSA,215/60R16,218009,YAZ,KRB,1,8,,,,8675
BRISA,LASSA,205/60R16,218008,YAZ,KRB,1,24,,,,7430
BRISA,LASSA,195/50R15,218043,YAZ,MUTAFLAR,1,19,,,,5069
BRISA,LASSA,195/55R15,218040,YAZ,MUTAFLAR,1,4,,,,7281
BRISA,LASSA,195/60R15,218007,YAZ,KRB,1,20,,,,5599
BRISA,LASSA,195/60R15,218007,YAZ,MUTAFLAR,1,10,,,,5599
BRISA,LASSA,185/60R15,218036,YAZ,KRB,1,24,,,,5396
BRISA,LASSA,185/60R15,218036,YAZ,MUTAFLAR,1,3,,,,5396
BRISA,LASSA,195/65R15,218048,YAZ,KRB,1,80,,,,4820
BRISA,LASSA,195/65R15,218027,YAZ,KRB,1,10,,,,4969
BRISA,LASSA,185/65R15,218006,YAZ,MUTAFLAR,1,20,,,,4969
BRISA,LASSA,165/60R14,214542,YAZ,MUTAFLAR,1,4,,,,5549
BRISA,LASSA,185/65R14,214494,YAZ,MUTAFLAR,1,40,,,,4535
BRISA,LASSA,175/65R14,214493,YAZ,KRB,1,80,,,,4235
BRISA,LASSA,165/65R14,214549,YAZ,MUTAFLAR,1,4,,,,4702
BRISA,LASSA,155/65R14,214509,YAZ,MUTAFLAR,1,2,,,,3673
BRISA,LASSA,175/70R14,214561,YAZ,MUTAFLAR,1,10,,,,4943
BRISA,LASSA,165/70R14,214490,YAZ,MUTAFLAR,1,2,,,,4608
BRISA,LASSA,175/70R13,214607,YAZ,KRB,1,80,,,,3926
BRISA,LASSA,165/70R13,214609,YAZ,MUTAFLAR,1,7,,,,4305
BRISA,LASSA,245/45R19,217004,YAZ,KRB,1,12,,,,14015
BRISA,LASSA,245/45R19,217004,YAZ,MUTAFLAR,1,2,,,,14015
BRISA,LASSA,225/45R19,217020,YAZ,KRB,1,20,,,,13747
BRISA,LASSA,235/50R19,216703,YAZ,KRB,1,24,,,,11241
BRISA,LASSA,235/55R19,217013,YAZ,KRB,1,4,,,,10990
BRISA,LASSA,205/55R19,212703,YAZ,KRB,1,8,,,,10575
BRISA,LASSA,205/55R19,212703,YAZ,MUTAFLAR,1,8,,,,10575
BRISA,LASSA,225/50R18,217010,YAZ,KRB,1,8,,,,12592
BRISA,LASSA,225/50R18,217010,YAZ,MUTAFLAR,1,4,,,,12592
BRISA,LASSA,265/60R18,217018,YAZ,MUTAFLAR,1,6,,,,11536
BRISA,LASSA,255/60R18,216719,YAZ,MUTAFLAR,1,3,,,,10289
BRISA,LASSA,225/60R18,216702,YAZ,MUTAFLAR,1,1,,,,9945
BRISA,LASSA,235/55R17,217007,YAZ,KRB,1,4,,,,9697
BRISA,LASSA,225/60R17,217011,YAZ,MUTAFLAR,1,5,,,,10611
BRISA,LASSA,215/60R17,217006,YAZ,KRB,1,12,,,,8490
BRISA,LASSA,265/65R17,216588,YAZ,MUTAFLAR,1,4,,,,10935
BRISA,LASSA,255/65R17,216721,YAZ,MUTAFLAR,1,8,,,,9911
BRISA,LASSA,245/65R17,216717,YAZ,MUTAFLAR,1,10,,,,9927
BRISA,LASSA,215/65R17,217008,YAZ,MUTAFLAR,1,8,,,,8708
BRISA,LASSA,215/65R16,217001,YAZ,KRB,1,40,,,,6819
BRISA,LASSA,265/70R16,216726,YAZ,MUTAFLAR,1,2,,,,10246
BRISA,LASSA,245/70R16,216718,YAZ,MUTAFLAR,1,3,,,,8800
BRISA,LASSA,235/70R16,216715,YAZ,MUTAFLAR,1,2,,,,7655
BRISA,LASSA,235/75R15,216716,YAZ,MUTAFLAR,1,3,,,,7837
BRISA,LASSA,205/65R16,243534,YAZ,MUTAFLAR,1,2,,,,9408
BRISA,LASSA,225/75R16,243539,YAZ,MUTAFLAR,1,3,,,,10489
BRISA,LASSA,225/75R16,243435,YAZ,MUTAFLAR,1,3,,,,10489
BRISA,LASSA,215/75R16,243439,YAZ,MUTAFLAR,1,12,,,,9510
BRISA,LASSA,205/75R16,243744,YAZ,MUTAFLAR,1,1,,,,9227
BRISA,LASSA,205/75R16,243502,YAZ,MUTAFLAR,1,8,,,,9369
BRISA,LASSA,185/75R16,243750,YAZ,MUTAFLAR,1,2,,,,8456
BRISA,LASSA,185/75R16,243501,YAZ,MUTAFLAR,1,4,,,,8617
BRISA,LASSA,215/65R15,243746,YAZ,MUTAFLAR,1,4,,,,10716
BRISA,LASSA,205/65R15,242996,YAZ,MUTAFLAR,1,2,,,,9269
BRISA,LASSA,185R14,243778,YAZ,MUTAFLAR,1,2,,,,6051
BRISA,BRIDGESTONE,255/35R21,519820,YAZ,MUTAFLAR,1,4,,,,23154
BRISA,BRIDGESTONE,255/50R21,511239,YAZ,MUTAFLAR,1,2,,,,18635
BRISA,BRIDGESTONE,245/35R20,519693,YAZ,MUTAFLAR,1,2,,,,22540
BRISA,BRIDGESTONE,255/40R20,511175,YAZ,KRB,1,4,,,,22201
BRISA,BRIDGESTONE,255/35R19,519983,YAZ,MUTAFLAR,1,7,,,,15330
BRISA,BRIDGESTONE,235/35R19,519426,YAZ,KRB,1,4,,,,14512
BRISA,BRIDGESTONE,275/40R19,519985,YAZ,KRB,1,2,,,,19113
BRISA,BRIDGESTONE,255/40R19,519984,YAZ,KRB,1,1,,,,16782
BRISA,BRIDGESTONE,245/40R19,611536,YAZ,KRB,1,1,,,,15298
BRISA,BRIDGESTONE,245/40R19,611536,YAZ,MUTAFLAR,1,2,,,,15298
BRISA,BRIDGESTONE,245/40R19,519008,YAZ,KRB,1,2,,,,17259
BRISA,BRIDGESTONE,245/40R19,519008,YAZ,MUTAFLAR,1,1,,,,17259
BRISA,BRIDGESTONE,235/40R19,519315,YAZ,KRB,1,10,,,,16211
BRISA,BRIDGESTONE,225/40R19,522306,YAZ,KRB,1,4,,,,16768
BRISA,BRIDGESTONE,225/40R19,519003,YAZ,MUTAFLAR,1,4,,,,18752
BRISA,BRIDGESTONE,245/45R19,611539,YAZ,KRB,1,1,,,,16603
BRISA,BRIDGESTONE,235/45R19,519978,YAZ,KRB,1,3,,,,16671
BRISA,BRIDGESTONE,225/45R19,519543,YAZ,KRB,1,4,,,,18111
BRISA,BRIDGESTONE,245/50R19,519425,YAZ,MUTAFLAR,1,4,,,,16909
BRISA,BRIDGESTONE,255/35R18,519314,YAZ,KRB,1,6,,,,13733
BRISA,BRIDGESTONE,255/40R18,518033,YAZ,MUTAFLAR,1,2,,,,19256
BRISA,BRIDGESTONE,245/40R18,511005,YAZ,KRB,1,1,,,,13253
BRISA,BRIDGESTONE,245/40R18,619008,YAZ,KRB,1,2,,,,11670
BRISA,BRIDGESTONE,245/40R18,619008,YAZ,MUTAFLAR,1,4,,,,11670
BRISA,BRIDGESTONE,235/40R18,519890,YAZ,KRB,1,4,,,,10890
BRISA,BRIDGESTONE,235/40R18,519890,YAZ,MUTAFLAR,1,4,,,,10890
BRISA,BRIDGESTONE,225/40R18,611515,YAZ,KRB,1,7,,,,8103
BRISA,BRIDGESTONE,225/40R18,510070,YAZ,KRB,1,4,,,,7945
BRISA,BRIDGESTONE,225/40R18,510070,YAZ,MUTAFLAR,1,3,,,,7945
BRISA,BRIDGESTONE,225/40R18,511540,YAZ,KRB,1,4,,,,10143
BRISA,BRIDGESTONE,225/40R18,511540,YAZ,MUTAFLAR,1,2,,,,10143
BRISA,BRIDGESTONE,225/40R18,529094,YAZ,KRB,1,12,,,,9923
BRISA,BRIDGESTONE,255/45R18,519982,YAZ,KRB,1,4,,,,14945
BRISA,BRIDGESTONE,245/45R18,619009,YAZ,MUTAFLAR,1,8,,,,13414
BRISA,BRIDGESTONE,225/45R18,610881,YAZ,KRB,1,3,,,,12538
BRISA,BRIDGESTONE,225/45R18,610881,YAZ,MUTAFLAR,1,5,,,,12538
BRISA,BRIDGESTONE,225/45R18,518003,YAZ,MUTAFLAR,1,4,,,,14539
BRISA,BRIDGESTONE,225/45R18,619011,YAZ,KRB,1,2,,,,13355
BRISA,BRIDGESTONE,225/45R18,619011,YAZ,MUTAFLAR,1,3,,,,13355
BRISA,BRIDGESTONE,245/40R17,519980,YAZ,MUTAFLAR,1,1,,,,10613
BRISA,BRIDGESTONE,245/45R17,610884,YAZ,KRB,1,4,,,,11523
BRISA,BRIDGESTONE,225/45R17,526785,YAZ,KRB,1,8,,,,7298
BRISA,BRIDGESTONE,225/45R17,610879,YAZ,KRB,1,80,,,,7156
BRISA,BRIDGESTONE,225/45R17,610879,YAZ,MUTAFLAR,1,16,,,,7156
BRISA,BRIDGESTONE,225/45R17,619004,YAZ,KRB,1,12,,,,8052
BRISA,BRIDGESTONE,225/45R17,619004,YAZ,MUTAFLAR,1,1,,,,8052
BRISA,BRIDGESTONE,205/45R17,617320,YAZ,KRB,1,4,,,,8717
BRISA,BRIDGESTONE,205/45R17,617320,YAZ,MUTAFLAR,1,10,,,,8717
BRISA,BRIDGESTONE,225/50R17,611519,YAZ,KRB,1,8,,,,10588
BRISA,BRIDGESTONE,225/50R17,611519,YAZ,MUTAFLAR,1,10,,,,10588
BRISA,BRIDGESTONE,225/50R17,517003,YAZ,KRB,1,4,,,,12272
BRISA,BRIDGESTONE,215/50R17,610876,YAZ,KRB,1,12,,,,10737
BRISA,BRIDGESTONE,225/55R17,619007,YAZ,MUTAFLAR,1,4,,,,11653
BRISA,BRIDGESTONE,215/55R17,610877,YAZ,KRB,1,20,,,,10938
BRISA,BRIDGESTONE,205/55R17,610892,YAZ,KRB,1,1,,,,9725
BRISA,BRIDGESTONE,205/55R17,610892,YAZ,MUTAFLAR,1,7,,,,9725
BRISA,BRIDGESTONE,215/45R16,527468,YAZ,KRB,1,4,,,,9097
BRISA,BRIDGESTONE,215/55R16,611568,YAZ,KRB,1,18,,,,9218
BRISA,BRIDGESTONE,215/55R16,611568,YAZ,MUTAFLAR,1,6,,,,9218
BRISA,BRIDGESTONE,215/55R16,611567,YAZ,KRB,1,4,,,,9405
BRISA,BRIDGESTONE,205/55R16,611565,YAZ,KRB,1,200,,,,6371
BRISA,BRIDGESTONE,205/55R16,611565,YAZ,MUTAFLAR,1,300,,,,6371
BRISA,BRIDGESTONE,195/55R16,619000,YAZ,MUTAFLAR,1,4,,,,8872
BRISA,BRIDGESTONE,215/60R16,611511,YAZ,KRB,1,8,,,,9994
BRISA,BRIDGESTONE,205/60R16,611506,YAZ,KRB,1,15,,,,8227
BRISA,BRIDGESTONE,205/60R16,519803,YAZ,KRB,1,4,,,,11395
BRISA,BRIDGESTONE,195/60R15,611048,YAZ,KRB,1,8,,,,6145
BRISA,BRIDGESTONE,185/60R15,611049,YAZ,MUTAFLAR,1,3,,,,5914
BRISA,BRIDGESTONE,195/65R15,611052,YAZ,KRB,1,10,,,,5297
BRISA,BRIDGESTONE,185/65R14,611053,YAZ,MUTAFLAR,1,21,,,,5001
BRISA,BRIDGESTONE,285/40R21,511168,YAZ,KRB,1,4,,,,24043
BRISA,BRIDGESTONE,275/45R21,544242,YAZ,KRB,1,1,,,,19733
BRISA,BRIDGESTONE,275/45R21,544242,YAZ,MUTAFLAR,1,3,,,,19733
BRISA,BRIDGESTONE,225/45R19,611518,YAZ,KRB,1,12,,,,16465
BRISA,BRIDGESTONE,255/50R19,544908,YAZ,MUTAFLAR,1,2,,,,18469
BRISA,BRIDGESTONE,235/50R19,544892,YAZ,KRB,1,12,,,,13488
BRISA,BRIDGESTONE,235/55R19,544930,YAZ,KRB,1,4,,,,12943
BRISA,BRIDGESTONE,225/55R19,544891,YAZ,KRB,1,3,,,,11530
BRISA,BRIDGESTONE,225/50R18,611546,YAZ,KRB,1,2,,,,15291
BRISA,BRIDGESTONE,225/50R18,611546,YAZ,MUTAFLAR,1,2,,,,15291
BRISA,BRIDGESTONE,235/55R18,610887,YAZ,MUTAFLAR,1,3,,,,11448
BRISA,BRIDGESTONE,225/55R18,518129,YAZ,MUTAFLAR,1,4,,,,11388
BRISA,BRIDGESTONE,235/60R18,544925,YAZ,KRB,1,8,,,,11806
BRISA,BRIDGESTONE,225/60R18,610882,YAZ,MUTAFLAR,1,1,,,,12088
BRISA,BRIDGESTONE,235/55R17,610886,YAZ,KRB,1,4,,,,11385
BRISA,BRIDGESTONE,215/60R17,614860,YAZ,KRB,1,7,,,,10192
BRISA,BRIDGESTONE,285/65R17,544829,YAZ,MUTAFLAR,1,1,,,,13628
BRISA,BRIDGESTONE,205/65R16,643453,YAZ,MUTAFLAR,1,3,,,,10025
BRISA,BRIDGESTONE,225/40R18,528973,YAZ,MUTAFLAR,1,1,,,,8255
BRISA,DAYTON,175/65R14,D11103,KIS,KRB,1,100,,,,3342
BRISA,DAYTON,175/65R14,D11103,KIS,KRB,2,60,,,,3342
BRISA,DAYTON,175/70R13,D11105,KIS,KRB,1,80,,,,3091
BRISA,DAYTON,175/70R13,D11105,KIS,KRB,2,40,,,,3091
BRISA,DAYTON,175/70R14,D11180,KIS,KRB,1,20,,,,3923
BRISA,DAYTON,175/70R14,D11180,KIS,KRB,2,8,,,,3923
BRISA,DAYTON,185/60R15,D11090,KIS,KRB,1,40,,,,4029
BRISA,DAYTON,185/65R14,D11106,KIS,KRB,1,80,,,,3627
BRISA,DAYTON,185/65R14,D11106,KIS,KRB,2,40,,,,3627
BRISA,DAYTON,185/65R15,D11104,KIS,KRB,1,120,,,,3693
BRISA,DAYTON,185/65R15,D11104,KIS,KRB,2,120,,,,3693
BRISA,DAYTON,185/75R16,D45521,KIS,KRB,1,32,,,,5934
BRISA,DAYTON,185/75R16,D45521,KIS,KRB,2,8,,,,5934
BRISA,DAYTON,185R14,D45102,KIS,KRB,1,40,,,,4826
BRISA,DAYTON,195/50R15,D11160,KIS,KRB,1,12,,,,4019
BRISA,DAYTON,195/50R15,D11160,KIS,KRB,2,8,,,,4019
BRISA,DAYTON,195/55R16,D11100,KIS,KRB,1,120,,,,5043
BRISA,DAYTON,195/55R16,D11100,KIS,KRB,2,80,,,,5043
BRISA,DAYTON,195/60R15,D11107,KIS,KRB,1,12,,,,4164
BRISA,DAYTON,195/60R15,D11107,KIS,KRB,2,8,,,,4164
BRISA,DAYTON,195/60R16,D45192,KIS,KRB,1,40,,,,6454
BRISA,DAYTON,195/60R16,D45192,KIS,KRB,2,20,,,,6454
BRISA,DAYTON,195/65R15,D11102,KIS,KRB,1,80,,,,3693
BRISA,DAYTON,195/65R15,D11102,KIS,KRB,2,20,,,,3693
BRISA,DAYTON,195/65R16,D45518,KIS,KRB,1,4,,,,6713
BRISA,DAYTON,195/70R15,D45519,KIS,KRB,1,8,,,,6201
BRISA,DAYTON,195/75R16,D45105,KIS,KRB,1,28,,,,6228
BRISA,DAYTON,195/75R16,D45105,KIS,KRB,2,12,,,,6228
BRISA,DAYTON,195R14,D45106,KIS,KRB,1,12,,,,5468
BRISA,DAYTON,195R14,D45106,KIS,KRB,2,8,,,,5468
BRISA,DAYTON,205/50R17,D11120,KIS,KRB,1,24,,,,6842
BRISA,DAYTON,205/50R17,D11120,KIS,KRB,2,16,,,,6842
BRISA,DAYTON,205/55R16,D11101,KIS,KRB,1,180,,,,4334
BRISA,DAYTON,205/55R16,D11101,KIS,KRB,2,120,,,,4334
BRISA,DAYTON,205/60R16,D11140,KIS,KRB,1,40,,,,5412
BRISA,DAYTON,205/60R16,D11140,KIS,KRB,2,40,,,,5412
BRISA,DAYTON,205/65R16,D45107,KIS,KRB,1,16,,,,7215
BRISA,DAYTON,205/65R16,D45107,KIS,KRB,2,8,,,,7215
BRISA,DAYTON,205/75R16,D45108,KIS,KRB,1,80,,,,6913
BRISA,DAYTON,205/75R16,D45108,KIS,KRB,2,20,,,,6913
BRISA,DAYTON,215/55R16,D11130,KIS,KRB,1,40,,,,6023
BRISA,DAYTON,215/60R16,D11150,KIS,KRB,1,12,,,,7181
BRISA,DAYTON,215/60R16,D11150,KIS,KRB,2,8,,,,7181
BRISA,DAYTON,215/65R16,D45517,KIS,KRB,1,16,,,,7240
BRISA,DAYTON,215/65R16,D45517,KIS,KRB,2,8,,,,7240
BRISA,DAYTON,215/75R16,D45111,KIS,KRB,1,120,,,,7302
BRISA,DAYTON,215/75R16,D45111,KIS,KRB,2,80,,,,7302
BRISA,DAYTON,225/45R17,D11108,KIS,KRB,1,100,,,,5085
BRISA,DAYTON,225/45R17,D11108,KIS,KRB,2,40,,,,5085
BRISA,DAYTON,225/65R16,D45112,KIS,KRB,1,8,,,,8304
BRISA,DAYTON,225/65R16,D45112,KIS,KRB,2,4,,,,8304
BRISA,DAYTON,235/65R16,D45114,KIS,KRB,1,40,,,,7884
BRISA,DAYTON,235/65R16,D45193,KIS,KRB,1,180,,,,8456
BRISA,DAYTON,235/65R16,D45193,KIS,KRB,2,70,,,,8456
BRISA,DAYTON,245/45R18,D11064,YAZ,KRB,1,4,,,,7571
BRISA,DAYTON,225/45R17,D11019,YAZ,KRB,1,40,,,,4744
BRISA,DAYTON,205/55R16,D11010,YAZ,KRB,1,40,,,,3957
BRISA,DAYTON,195/65R15,D11011,YAZ,KRB,1,40,,,,3430
BRISA,DAYTON,185/65R15,D11015,YAZ,KRB,1,29,,,,3430
BRISA,DAYTON,175/65R14,D11012,YAZ,KRB,1,40,,,,3007
BRISA,DAYTON,175/70R13,D11013,YAZ,KRB,1,40,,,,2775
BRISA,DAYTON,215/55R18,D11125,YAZ,KRB,1,8,,,,7701
CONTINENTAL,MATADOR,175/65R14,15855390000,KIS,KRB,1,200,Puchov - SKPU,,2026-12-01,0
CONTINENTAL,MATADOR,175/65R14,15855390000,KIS,KRB,KASIM,40,Puchov - SKPU,,2026-12-01,0
CONTINENTAL,CONTINENTAL,175/65R14,3202030000,KIS,KRB,1,60,Timisoara,,,0
CONTINENTAL,CONTINENTAL,175/65R14,3202030000,KIS,BAR_OTO,1,40,Timisoara,,,0
CONTINENTAL,CONTINENTAL,175/65R14,3202030000,KIS,KRB,KASIM,20,Timisoara,,,0
CONTINENTAL,MATADOR,175/65R14,15854470000,KIS,KRB,1,40,Puchov - SKPU,,,0
CONTINENTAL,MATADOR,175/65R15,15854530000,KIS,KRB,1,20,Puchov - SKPU,,,0
CONTINENTAL,MATADOR,175/70R13,15854390000,KIS,KRB,1,200,Puchov - SKPU,,2026-12-01,0
CONTINENTAL,MATADOR,175/70R13,15854390000,KIS,KRB,KASIM,40,Puchov - SKPU,,2026-12-01,0
CONTINENTAL,MATADOR,175/70R14,15854420000,KIS,KRB,1,20,Puchov - SKPU,,,0
CONTINENTAL,MATADOR,185/60R14,15854500000,KIS,KRB,1,32,Puchov - SKPU,,2026-12-01,0
CONTINENTAL,MATADOR,185/60R15,15854600000,KIS,KRB,1,100,Puchov - SKPU,,,0
CONTINENTAL,MATADOR,185/60R15,15854600000,KIS,KRB,KASIM,20,Puchov - SKPU,,,0
CONTINENTAL,CONTINENTAL,185/60R15,3554560000,KIS,KRB,1,20,Lousado,,,0
CONTINENTAL,CONTINENTAL,185/60R15,3554560000,KIS,MUTAFLAR,1,20,Lousado,,,0
CONTINENTAL,MATADOR,185/65R14,15854480000,KIS,KRB,1,80,Puchov - SKPU,,,0
CONTINENTAL,MATADOR,185/65R14,15854480000,KIS,KRB,KASIM,20,Puchov - SKPU,,,0
CONTINENTAL,MATADOR,185/65R15,15854540000,KIS,KRB,1,1000,Puchov - SKPU,,,0
CONTINENTAL,MATADOR,185/65R15,15854540000,KIS,KRB,EKIM,1000,Puchov - SKPU,,,0
CONTINENTAL,CONTINENTAL,185/65R15,3554580000,KIS,KRB,1,200,Korbach,,,0
CONTINENTAL,CONTINENTAL,185/65R15,3554580000,KIS,BAR_OTO,1,320,Korbach,,,0
CONTINENTAL,CONTINENTAL,185/65R15,3554580000,KIS,MUTAFLAR,1,44,Korbach,,,0
CONTINENTAL,CONTINENTAL,185/65R15,3554580000,KIS,KRB,EKIM,200,Korbach,,,0
CONTINENTAL,MATADOR,185/65R15,15854550000,KIS,KRB,1,200,Puchov - SKPU,,,0
CONTINENTAL,MATADOR,185/65R15,15854550000,KIS,KRB,KASIM,40,Puchov - SKPU,,,0
CONTINENTAL,CONTINENTAL,185/65R15,3554590000,KIS,KRB,1,40,Timisoara,,,0
CONTINENTAL,CONTINENTAL,185/65R15,3554590000,KIS,KRB,KASIM,20,Timisoara,,,0
CONTINENTAL,MATADOR,185/70R14,15854430000,KIS,KRB,1,20,Puchov - SKPU,,,0
CONTINENTAL,CONTINENTAL,185/75R16C,4530890000,KIS,KRB,1,8,Timisoara,,,0
CONTINENTAL,MATADOR,185R14C,4281150000,KIS,KRB,1,60,Puchov - SKPU,,,0
CONTINENTAL,MATADOR,185R14C,4281150000,KIS,KRB,KASIM,12,Puchov - SKPU,,,0
CONTINENTAL,CONTINENTAL,185R14C,4530900000,KIS,KRB,1,8,Otrokovice,,,0
CONTINENTAL,MATADOR,195/50R15,15854660000,KIS,KRB,1,20,Puchov - SKPU,,,0
CONTINENTAL,CONTINENTAL,195/50R15,3557930000,KIS,MUTAFLAR,1,20,Sarreguemines,,,0
CONTINENTAL,MATADOR,195/55R15,15854650000,KIS,KRB,1,20,Puchov - SKPU,,,0
CONTINENTAL,MATADOR,195/55R16,15854730000,KIS,KRB,1,400,Puchov - SKPU,,,0
CONTINENTAL,MATADOR,195/55R16,15854730000,KIS,KRB,EKIM,400,Puchov - SKPU,,,0
CONTINENTAL,CONTINENTAL,195/55R16,3556290000,KIS,KRB,1,400,Timisoara,,,0
CONTINENTAL,CONTINENTAL,195/55R16,3556290000,KIS,BAR_OTO,1,100,Timisoara,,,0
CONTINENTAL,CONTINENTAL,195/55R16,3556290000,KIS,MUTAFLAR,1,140,Timisoara,,,0
CONTINENTAL,CONTINENTAL,195/55R16,3556290000,KIS,KRB,KASIM,80,Timisoara,,,0
CONTINENTAL,CONTINENTAL,195/55R18,3202920000,KIS,KRB,1,12,Timisoara,,,0
CONTINENTAL,CONTINENTAL,195/55R18,3202920000,KIS,KRB,KASIM,8,Timisoara,,,0
CONTINENTAL,MATADOR,195/60R15,15854620000,KIS,KRB,1,100,Puchov - SKPU,,,0
CONTINENTAL,MATADOR,195/60R15,15854620000,KIS,KRB,KASIM,20,Puchov - SKPU,,,0
CONTINENTAL,MATADOR,195/60R16,15855450000,KIS,KRB,1,40,Puchov - SKPU,,,0
CONTINENTAL,CONTINENTAL,195/60R16,3555460000,KIS,KRB,1,40,Timisoara,,,0
CONTINENTAL,MATADOR,195/60R16C,4281140000,KIS,KRB,1,200,Puchov - SKPU,,,0
CONTINENTAL,MATADOR,195/60R16C,4281140000,KIS,KRB,KASIM,40,Puchov - SKPU,,,0
CONTINENTAL,CONTINENTAL,195/60R16C,4530910000,KIS,KRB,1,60,Timisoara,,,0
CONTINENTAL,CONTINENTAL,195/60R16C,4530910000,KIS,KRB,KASIM,12,Timisoara,,,0
CONTINENTAL,BARUM,195/60R18,15415500000,KIS,KRB,1,20,Korbach,,,0
CONTINENTAL,BARUM,195/60R18,15415500000,KIS,KRB,KASIM,8,Korbach,,,0
CONTINENTAL,CONTINENTAL,195/60R18,3558260000,KIS,KRB,1,20,Lousado,,,0
CONTINENTAL,CONTINENTAL,195/60R18,3558260000,KIS,BAR_OTO,1,40,Lousado,,,0
CONTINENTAL,CONTINENTAL,195/60R18,3558260000,KIS,MUTAFLAR,1,20,Lousado,,,0
CONTINENTAL,CONTINENTAL,195/60R18,3558260000,KIS,KRB,KASIM,8,Lousado,,,0
CONTINENTAL,MATADOR,195/65R15,15854560000,KIS,KRB,1,100,Puchov - SKPU,,,0
CONTINENTAL,MATADOR,195/65R15,15854560000,KIS,KRB,KASIM,20,Puchov - SKPU,,,0
CONTINENTAL,CONTINENTAL,195/65R15,3554600000,KIS,KRB,1,60,Otrokovice,,,0
CONTINENTAL,CONTINENTAL,195/65R15,3554600000,KIS,BAR_OTO,1,200,Otrokovice,,,0
CONTINENTAL,CONTINENTAL,195/65R15,3554600000,KIS,MUTAFLAR,1,80,Otrokovice,,,0
CONTINENTAL,CONTINENTAL,195/65R15,3554600000,KIS,KRB,KASIM,20,Otrokovice,,,0
CONTINENTAL,CONTINENTAL,195/65R15,3554620000,KIS,KRB,1,20,Otrokovice,,,0
CONTINENTAL,MATADOR,195/70R15C,4281190000,KIS,KRB,1,28,Puchov - SKPU,,,0
CONTINENTAL,MATADOR,195/70R15C,4281190000,KIS,KRB,KASIM,8,Puchov - SKPU,,,0
CONTINENTAL,MATADOR,195/75R16C,4281180000,KIS,KRB,1,120,Puchov - SKPU,,,0
CONTINENTAL,MATADOR,195/75R16C,4281180000,KIS,KRB,KASIM,24,Puchov - SKPU,,,0
CONTINENTAL,CONTINENTAL,195/75R16C,4532770000,KIS,KRB,1,12,Otrokovice,,,0
CONTINENTAL,MATADOR,195R14C,4281270000,KIS,KRB,1,20,Puchov - SKPU,,,0
CONTINENTAL,MATADOR,205/45R17,15854950000,KIS,KRB,1,60,Puchov - SKPU,,,0
CONTINENTAL,MATADOR,205/45R17,15854950000,KIS,KRB,KASIM,20,Puchov - SKPU,,,0
CONTINENTAL,CONTINENTAL,205/45R17,3557520000,KIS,KRB,1,40,Sarreguemines,,,0
CONTINENTAL,CONTINENTAL,205/45R18,3554300000,KIS,KRB,1,20,Puchov,,,0
CONTINENTAL,CONTINENTAL,205/45R18,3554300000,KIS,BAR_OTO,1,40,Puchov,,,0
CONTINENTAL,CONTINENTAL,205/45R18,3554300000,KIS,KRB,KASIM,8,Puchov,,,0
CONTINENTAL,BARUM,205/45R18,15415540000,KIS,KRB,1,28,Puchov,,,0
CONTINENTAL,BARUM,205/45R18,15415540000,KIS,KRB,KASIM,8,Puchov,,,0
CONTINENTAL,MATADOR,205/50R17,15854920000,KIS,KRB,1,140,Puchov - SKPU,,,0
CONTINENTAL,MATADOR,205/50R17,15854920000,KIS,KRB,KASIM,28,Puchov - SKPU,,,0
CONTINENTAL,CONTINENTAL,205/50R17,3556540000,KIS,KRB,1,160,Timisoara,,,0
CONTINENTAL,CONTINENTAL,205/50R17,3556540000,KIS,MUTAFLAR,1,100,Timisoara,,,0
CONTINENTAL,CONTINENTAL,205/50R17,3556540000,KIS,KRB,KASIM,32,Timisoara,,,0
CONTINENTAL,CONTINENTAL,205/55R16,3554640000,KIS,BAR_OTO,1,800,Korbach,,,0
CONTINENTAL,CONTINENTAL,205/55R16,3554640000,KIS,MUTAFLAR,1,1000,Korbach,,,0
CONTINENTAL,MATADOR,205/55R16,15855350000,KIS,KRB,1,1200,Puchov - SKPU,,,0
CONTINENTAL,MATADOR,205/55R16,15855350000,KIS,KRB,EKIM,800,Puchov - SKPU,,,0
CONTINENTAL,CONTINENTAL,205/55R16,3554630000,KIS,KRB,EKIM,400,Lousado,,,0
CONTINENTAL,CONTINENTAL,205/55R16,3554630000,KIS,KRB,1,400,Korbach,,,0
CONTINENTAL,CONTINENTAL,205/55R16,3554630000,KIS,MUTAFLAR,1,200,Korbach,,,0
CONTINENTAL,CONTINENTAL,205/55R17,3556570000,KIS,KRB,1,100,Sarreguemines,,,0
CONTINENTAL,CONTINENTAL,205/55R17,3556570000,KIS,MUTAFLAR,1,80,Sarreguemines,,,0
CONTINENTAL,CONTINENTAL,205/55R17,3556570000,KIS,KRB,EKIM,32,Sarreguemines,,,0
CONTINENTAL,CONTINENTAL,205/55R17,3556570000,KIS,KRB,KASIM,20,Sarreguemines,,,0
CONTINENTAL,MATADOR,205/55R17,15854880000,KIS,KRB,1,160,Puchov - SKPU,,,0
CONTINENTAL,MATADOR,205/55R17,15854880000,KIS,KRB,KASIM,32,Puchov - SKPU,,,0
CONTINENTAL,CONTINENTAL,205/55R17,3556560000,KIS,KRB,1,40,Sarreguemines,,,0
CONTINENTAL,CONTINENTAL,205/55R17,3556560000,KIS,BAR_OTO,1,80,Sarreguemines,,,0
CONTINENTAL,CONTINENTAL,205/55R17,3556560000,KIS,KRB,KASIM,20,Sarreguemines,,,0
CONTINENTAL,CONTINENTAL,205/55R19,3558270000,KIS,KRB,1,40,Sarreguemines,,,0
CONTINENTAL,CONTINENTAL,205/55R19,3558270000,KIS,BAR_OTO,1,40,Sarreguemines,,,0
CONTINENTAL,CONTINENTAL,205/55R19,3558270000,KIS,MUTAFLAR,1,48,Sarreguemines,,,0
CONTINENTAL,CONTINENTAL,205/55R19,3558270000,KIS,KRB,KASIM,8,Sarreguemines,,,0
CONTINENTAL,BARUM,205/55R19,15415580000,KIS,KRB,1,60,Sarreguemines,,,0
CONTINENTAL,BARUM,205/55R19,15415580000,KIS,KRB,KASIM,12,Sarreguemines,,,0
CONTINENTAL,CONTINENTAL,205/60R16,3554670000,KIS,KRB,1,400,Lousado,,,0
CONTINENTAL,CONTINENTAL,205/60R16,3554670000,KIS,KRB,EKIM,200,Lousado,,,0
CONTINENTAL,MATADOR,205/60R16,15854710000,KIS,KRB,1,700,Puchov - SKPU,,,0
CONTINENTAL,MATADOR,205/60R16,15854710000,KIS,KRB,KASIM,140,Puchov - SKPU,,,0
CONTINENTAL,CONTINENTAL,205/60R16,3559770000,KIS,KRB,1,300,Otrokovice,,,0
CONTINENTAL,CONTINENTAL,205/60R16,3559770000,KIS,BAR_OTO,1,200,Otrokovice,,,0
CONTINENTAL,CONTINENTAL,205/60R16,3559770000,KIS,MUTAFLAR,1,200,Otrokovice,,,0
CONTINENTAL,CONTINENTAL,205/60R16,3559770000,KIS,KRB,KASIM,60,Otrokovice,,,0
CONTINENTAL,CONTINENTAL,205/60R16,3559780000,KIS,KRB,1,100,Lousado,,,0
CONTINENTAL,CONTINENTAL,205/60R16,3559780000,KIS,KRB,KASIM,20,Lousado,,,0
CONTINENTAL,MATADOR,205/65R16C,4281160000,KIS,KRB,1,100,Puchov - SKPU,,,0
CONTINENTAL,MATADOR,205/65R16C,4281160000,KIS,KRB,KASIM,20,Puchov - SKPU,,,0
CONTINENTAL,CONTINENTAL,205/65R16C,4532720000,KIS,KRB,1,32,Puchov,,,0
CONTINENTAL,CONTINENTAL,205/65R16C,4532720000,KIS,MUTAFLAR,1,16,Puchov,,,0
CONTINENTAL,CONTINENTAL,205/65R16C,4532720000,KIS,KRB,KASIM,8,Puchov,,,0
CONTINENTAL,MATADOR,205/75R16C,4281210000,KIS,KRB,1,20,Puchov - SKPU,,,0
CONTINENTAL,MATADOR,205/75R16C,4281210000,KIS,KRB,KASIM,8,Puchov - SKPU,,,0
CONTINENTAL,CONTINENTAL,205/75R16C,4531720000,KIS,KRB,1,20,Puchov,,,0
CONTINENTAL,CONTINENTAL,205/75R16C,4531720000,KIS,KRB,KASIM,8,Puchov,,,0
CONTINENTAL,CONTINENTAL,215/40R18,3558290000,KIS,MUTAFLAR,1,8,Lousado,,,0
CONTINENTAL,MATADOR,215/45R17,15854960000,KIS,KRB,1,20,Puchov - SKPU,,,0
CONTINENTAL,CONTINENTAL,215/45R18,3557670000,KIS,MUTAFLAR,1,12,Lousado,,,0
CONTINENTAL,CONTINENTAL,215/45R20,3559520000,KIS,KRB,1,8,Otrokovice,,,0
CONTINENTAL,CONTINENTAL,215/45R20,3559520000,KIS,MUTAFLAR,1,12,Otrokovice,,,0
CONTINENTAL,MATADOR,215/50R17,15854930000,KIS,KRB,1,40,Puchov - SKPU,,,0
CONTINENTAL,MATADOR,215/50R17,15854930000,KIS,KRB,KASIM,20,Puchov - SKPU,,,0
CONTINENTAL,CONTINENTAL,215/50R17,3556990000,KIS,KRB,1,60,Sarreguemines,,,0
CONTINENTAL,CONTINENTAL,215/50R17,3556990000,KIS,BAR_OTO,1,60,Sarreguemines,,,0
CONTINENTAL,CONTINENTAL,215/50R17,3556990000,KIS,KRB,KASIM,20,Sarreguemines,,,0
CONTINENTAL,MATADOR,215/50R18,15855070000,KIS,KRB,1,8,Puchov - SKPU,,,0
CONTINENTAL,MATADOR,215/50R18,15855070000,KIS,KRB,KASIM,8,Puchov - SKPU,,,0
CONTINENTAL,CONTINENTAL,215/50R18,3557000000,KIS,MUTAFLAR,1,16,Korbach,,,0
CONTINENTAL,CONTINENTAL,215/55R16,3555420000,KIS,BAR_OTO,1,40,Timisoara,,,0
CONTINENTAL,MATADOR,215/55R16,15854770000,KIS,KRB,1,40,Puchov - SKPU,,,0
CONTINENTAL,MATADOR,215/55R16,15854770000,KIS,KRB,KASIM,8,Puchov - SKPU,,,0
CONTINENTAL,CONTINENTAL,215/55R17,3556600000,KIS,KRB,1,200,Otrokovice,,,0
CONTINENTAL,CONTINENTAL,215/55R17,3556600000,KIS,BAR_OTO,1,200,Otrokovice,,,0
CONTINENTAL,CONTINENTAL,215/55R17,3556600000,KIS,MUTAFLAR,1,160,Otrokovice,,,0
CONTINENTAL,CONTINENTAL,215/55R17,3556600000,KIS,KRB,KASIM,40,Otrokovice,,,0
CONTINENTAL,CONTINENTAL,215/55R17,3556620000,KIS,KRB,1,250,Lousado,,,0
CONTINENTAL,CONTINENTAL,215/55R17,3556620000,KIS,KRB,EKIM,100,Lousado,,,0
CONTINENTAL,MATADOR,215/55R17,15854890000,KIS,KRB,1,250,Puchov - SKPU,,,0
CONTINENTAL,MATADOR,215/55R17,15854890000,KIS,KRB,KASIM,40,Puchov - SKPU,,,0
CONTINENTAL,CONTINENTAL,215/55R17,3556590000,KIS,MUTAFLAR,1,40,Lousado,,,0
CONTINENTAL,MATADOR,215/55R18,15855030000,KIS,KRB,1,24,Puchov - SKPU,,,0
CONTINENTAL,MATADOR,215/55R18,15855030000,KIS,KRB,KASIM,8,Puchov - SKPU,,,0
CONTINENTAL,CONTINENTAL,215/55R18,3557590000,KIS,KRB,1,12,Otrokovice,,,0
CONTINENTAL,CONTINENTAL,215/55R18,3557590000,KIS,BAR_OTO,1,20,Otrokovice,,,0
CONTINENTAL,CONTINENTAL,215/55R18,3557590000,KIS,MUTAFLAR,1,20,Otrokovice,,,0
CONTINENTAL,CONTINENTAL,215/55R18,3557590000,KIS,KRB,KASIM,8,Otrokovice,,,0
CONTINENTAL,MATADOR,215/60R17,15854840000,KIS,KRB,1,100,Puchov - SKPU,,,0
CONTINENTAL,MATADOR,215/60R17,15854840000,KIS,KRB,EKIM,100,Puchov - SKPU,,,0
CONTINENTAL,CONTINENTAL,215/60R17,3556630000,KIS,KRB,1,32,Otrokovice,,,0
CONTINENTAL,CONTINENTAL,215/60R17,3556630000,KIS,BAR_OTO,1,200,Otrokovice,,,0
CONTINENTAL,CONTINENTAL,215/60R17,3556630000,KIS,MUTAFLAR,1,20,Otrokovice,,,0
CONTINENTAL,CONTINENTAL,215/60R17,3556630000,KIS,KRB,KASIM,8,Otrokovice,,,0
CONTINENTAL,CONTINENTAL,215/60R17,3556640000,KIS,KRB,1,80,Otrokovice,,,0
CONTINENTAL,CONTINENTAL,215/60R17,3556640000,KIS,KRB,EKIM,80,Otrokovice,,,0
CONTINENTAL,CONTINENTAL,215/60R17C,4530990000,KIS,MUTAFLAR,1,16,Timisoara,,,0
CONTINENTAL,MATADOR,215/60R17C,4281290000,KIS,KRB,1,60,Puchov - SKPU,,,0
CONTINENTAL,MATADOR,215/60R17C,4281290000,KIS,KRB,KASIM,12,Puchov - SKPU,,,0
CONTINENTAL,CONTINENTAL,215/60R17C,4531790000,KIS,KRB,1,8,Timisoara,,,0
CONTINENTAL,CONTINENTAL,215/60R17C,4531790000,KIS,KRB,KASIM,8,Timisoara,,,0
CONTINENTAL,BARUM,215/60R18,15416470000,KIS,KRB,1,12,Korbach,2026-06-25,,0
CONTINENTAL,BARUM,215/60R18,15416470000,KIS,KRB,KASIM,8,Korbach,2026-06-25,,0
CONTINENTAL,CONTINENTAL,215/60R18,3203320000,KIS,KRB,1,20,Korbach,,,0
CONTINENTAL,CONTINENTAL,215/60R18,3203320000,KIS,MUTAFLAR,1,32,Korbach,,,0
CONTINENTAL,CONTINENTAL,215/60R18,3203320000,KIS,KRB,KASIM,8,Korbach,,,0
CONTINENTAL,MATADOR,215/65R16,15854680000,KIS,KRB,1,40,Puchov - SKPU,,,0
CONTINENTAL,MATADOR,215/65R16,15854680000,KIS,KRB,KASIM,8,Puchov - SKPU,,,0
CONTINENTAL,CONTINENTAL,215/65R16,3556650000,KIS,MUTAFLAR,1,40,Lousado,,,0
CONTINENTAL,MATADOR,215/65R16C,4281170000,KIS,KRB,1,120,Puchov - SKPU,,,0
CONTINENTAL,MATADOR,215/65R16C,4281170000,KIS,KRB,KASIM,24,Puchov - SKPU,,,0
CONTINENTAL,CONTINENTAL,215/65R16C,4531250000,KIS,KRB,1,40,Otrokovice,,,0
CONTINENTAL,CONTINENTAL,215/65R16C,4531250000,KIS,KRB,KASIM,8,Otrokovice,,,0
CONTINENTAL,CONTINENTAL,215/65R16C,4532970000,KIS,MUTAFLAR,1,20,Timisoara,,,0
CONTINENTAL,CONTINENTAL,215/65R17,3559120000,KIS,BAR_OTO,1,40,Lousado,,,0
CONTINENTAL,CONTINENTAL,215/65R17,3556700000,KIS,KRB,1,32,Otrokovice,,,0
CONTINENTAL,CONTINENTAL,215/65R17,3556700000,KIS,KRB,EKIM,32,Otrokovice,,,0
CONTINENTAL,MATADOR,215/65R17,15854810000,KIS,KRB,1,80,Puchov - SKPU,,,0
CONTINENTAL,MATADOR,215/65R17,15854810000,KIS,KRB,KASIM,20,Puchov - SKPU,,,0
CONTINENTAL,MATADOR,215/70R15C,4281220000,KIS,KRB,1,12,Puchov - SKPU,,,0
CONTINENTAL,MATADOR,215/70R15C,4281220000,KIS,KRB,KASIM,8,Puchov - SKPU,,,0
CONTINENTAL,MATADOR,215/75R16C,4281240000,KIS,KRB,1,200,Puchov - SKPU,,,0
CONTINENTAL,MATADOR,215/75R16C,4281240000,KIS,KRB,EKIM,200,Puchov - SKPU,,,0
CONTINENTAL,CONTINENTAL,215/75R16C,4532780000,KIS,KRB,1,20,Puchov,,,0
CONTINENTAL,CONTINENTAL,215/75R16C,4532780000,KIS,MUTAFLAR,1,20,Puchov,,,0
CONTINENTAL,CONTINENTAL,215/75R16C,4532780000,KIS,KRB,KASIM,4,Puchov,,,0
CONTINENTAL,MATADOR,225/40R18,15855130000,KIS,KRB,1,32,Puchov - SKPU,,,0
CONTINENTAL,MATADOR,225/40R18,15855130000,KIS,KRB,KASIM,8,Puchov - SKPU,,,0
CONTINENTAL,CONTINENTAL,225/40R18,3556720000,KIS,KRB,1,32,Timisoara,,,0
CONTINENTAL,CONTINENTAL,225/40R18,3556720000,KIS,BAR_OTO,1,120,Timisoara,,,0
CONTINENTAL,CONTINENTAL,225/40R18,3556720000,KIS,MUTAFLAR,1,16,Timisoara,,,0
CONTINENTAL,CONTINENTAL,225/40R18,3556720000,KIS,KRB,KASIM,8,Timisoara,,,0
CONTINENTAL,CONTINENTAL,225/40R19,3557060000,KIS,KRB,1,12,Puchov,,,0
CONTINENTAL,MATADOR,225/40R19,15855220000,KIS,KRB,1,20,Puchov - SKPU,,,0
CONTINENTAL,CONTINENTAL,225/40R19,3202210000,KIS,KRB,1,12,Puchov,,,0
CONTINENTAL,CONTINENTAL,225/40R19,3202210000,KIS,MUTAFLAR,1,20,Puchov,,,0
CONTINENTAL,CONTINENTAL,225/40R19,3551820000,KIS,MUTAFLAR,1,12,Puchov,,,0
CONTINENTAL,CONTINENTAL,225/45R17,3554680000,KIS,KRB,1,80,Puchov,,,0
CONTINENTAL,CONTINENTAL,225/45R17,3554680000,KIS,BAR_OTO,1,80,Puchov,,,0
CONTINENTAL,CONTINENTAL,225/45R17,3554680000,KIS,MUTAFLAR,1,40,Puchov,,,0
CONTINENTAL,CONTINENTAL,225/45R17,3554680000,KIS,KRB,KASIM,20,Puchov,,,0
CONTINENTAL,CONTINENTAL,225/45R17,3550560000,KIS,BAR_OTO,1,20,Puchov,,,0
CONTINENTAL,MATADOR,225/45R17,15854970000,KIS,KRB,1,120,Puchov - SKPU,,,0
CONTINENTAL,MATADOR,225/45R17,15854970000,KIS,KRB,KASIM,24,Puchov - SKPU,,,0
CONTINENTAL,CONTINENTAL,225/45R17,3554690000,KIS,BAR_OTO,1,240,Puchov,,,0
CONTINENTAL,CONTINENTAL,225/45R18,3539070000,KIS,KRB,1,40,Korbach,,,0
CONTINENTAL,CONTINENTAL,225/45R18,3539070000,KIS,KRB,KASIM,8,Korbach,,,0
CONTINENTAL,MATADOR,225/45R18,15855100000,KIS,KRB,1,20,Puchov - SKPU,,,0
CONTINENTAL,MATADOR,225/45R18,15855100000,KIS,KRB,KASIM,4,Puchov - SKPU,,,0
CONTINENTAL,CONTINENTAL,225/45R18,3556730000,KIS,BAR_OTO,1,60,Sarreguemines,,,0
CONTINENTAL,CONTINENTAL,225/45R18,3556730000,KIS,MUTAFLAR,1,12,Sarreguemines,,,0
CONTINENTAL,CONTINENTAL,225/45R18,3551660000,KIS,KRB,1,20,Puchov,,,0
CONTINENTAL,CONTINENTAL,225/45R18,3551660000,KIS,MUTAFLAR,1,12,Puchov,,,0
CONTINENTAL,MATADOR,225/45R19,15855190000,KIS,KRB,1,12,Puchov - SKPU,,,0
CONTINENTAL,CONTINENTAL,225/45R19,3558320000,KIS,KRB,1,8,Sarreguemines,,,0
CONTINENTAL,CONTINENTAL,225/45R19,3558320000,KIS,BAR_OTO,1,20,Sarreguemines,,,0
CONTINENTAL,CONTINENTAL,225/45R19,3558320000,KIS,MUTAFLAR,1,12,Sarreguemines,,,0
CONTINENTAL,CONTINENTAL,225/50R17,3554720000,KIS,BAR_OTO,1,20,Lousado,,,0
CONTINENTAL,MATADOR,225/50R18,15855080000,KIS,KRB,1,12,Puchov - SKPU,,,0
CONTINENTAL,CONTINENTAL,225/50R18,3557560000,KIS,KRB,1,24,Timisoara,,,0
CONTINENTAL,CONTINENTAL,225/50R18,3557560000,KIS,MUTAFLAR,1,20,Timisoara,,,0
CONTINENTAL,CONTINENTAL,225/50R19,3551570000,KIS,KRB,1,40,Sarreguemines,,,0
CONTINENTAL,CONTINENTAL,225/50R19,3551570000,KIS,MUTAFLAR,1,12,Sarreguemines,,,0
CONTINENTAL,CONTINENTAL,225/50R19,3551570000,KIS,KRB,KASIM,20,Sarreguemines,,,0
CONTINENTAL,MATADOR,225/55R17,15854900000,KIS,KRB,1,40,Puchov - SKPU,,,0
CONTINENTAL,CONTINENTAL,225/55R17,3556740000,KIS,KRB,1,24,Timisoara,,,0
CONTINENTAL,CONTINENTAL,225/55R17,3556740000,KIS,MUTAFLAR,1,8,Timisoara,,,0
CONTINENTAL,CONTINENTAL,225/55R17,3539120000,KIS,KRB,1,8,Korbach,,,0
CONTINENTAL,CONTINENTAL,225/55R17,3539120000,KIS,MUTAFLAR,1,12,Korbach,,,0
CONTINENTAL,CONTINENTAL,225/55R17C,4531260000,KIS,MUTAFLAR,1,12,Puchov,,,0
CONTINENTAL,CONTINENTAL,225/55R18,3556040000,KIS,BAR_OTO,1,20,Korbach,2022-09-29,,0
CONTINENTAL,MATADOR,225/55R18,15855040000,KIS,KRB,1,40,Puchov - SKPU,,,0
CONTINENTAL,MATADOR,225/55R18,15855040000,KIS,KRB,KASIM,8,Puchov - SKPU,,,0
CONTINENTAL,CONTINENTAL,225/55R18,3556760000,KIS,KRB,1,60,Sarreguemines,,,0
CONTINENTAL,CONTINENTAL,225/55R18,3556760000,KIS,BAR_OTO,1,40,Sarreguemines,,,0
CONTINENTAL,CONTINENTAL,225/55R18,3556760000,KIS,MUTAFLAR,1,24,Sarreguemines,,,0
CONTINENTAL,CONTINENTAL,225/55R18,3556760000,KIS,KRB,KASIM,12,Sarreguemines,,,0
CONTINENTAL,BARUM,225/55R19,15415590000,KIS,KRB,1,20,Timisoara,,,0
CONTINENTAL,CONTINENTAL,225/55R19,3557550000,KIS,KRB,1,28,Korbach,,,0
CONTINENTAL,CONTINENTAL,225/55R19,3557550000,KIS,MUTAFLAR,1,60,Korbach,,,0
CONTINENTAL,CONTINENTAL,225/55R19,3557550000,KIS,KRB,KASIM,8,Korbach,,,0
CONTINENTAL,CONTINENTAL,225/60R17,3558340000,KIS,BAR_OTO,1,40,Korbach,,,0
CONTINENTAL,CONTINENTAL,225/60R18,3203530000,KIS,KRB,1,12,Timisoara,,,0
CONTINENTAL,CONTINENTAL,225/60R18,3203530000,KIS,BAR_OTO,1,40,Timisoara,,,0
CONTINENTAL,MATADOR,225/60R18,15855010000,KIS,KRB,1,8,Puchov - SKPU,,,0
CONTINENTAL,MATADOR,225/65R16C,4281200000,KIS,KRB,1,80,Puchov - SKPU,,,0
CONTINENTAL,MATADOR,225/65R16C,4281200000,KIS,KRB,KASIM,16,Puchov - SKPU,,,0
CONTINENTAL,CONTINENTAL,225/65R16C,4531340000,KIS,KRB,1,20,Otrokovice,,,0
CONTINENTAL,MATADOR,225/70R15C,4281230000,KIS,KRB,1,20,Puchov - SKPU,,,0
CONTINENTAL,CONTINENTAL,225/75R16C,4532790000,KIS,MUTAFLAR,1,16,Puchov,,,0
CONTINENTAL,BARUM,225/75R16C,4440510000,KIS,KRB,1,8,Puchov,,,0
CONTINENTAL,MATADOR,235/40R18,15855140000,KIS,KRB,1,8,Puchov - SKPU,,,0
CONTINENTAL,CONTINENTAL,235/40R18,3557630000,KIS,KRB,1,8,Lousado,,,0
CONTINENTAL,MATADOR,235/40R19,15855230000,KIS,KRB,1,60,Puchov - SKPU,,,0
CONTINENTAL,MATADOR,235/40R19,15855230000,KIS,KRB,KASIM,12,Puchov - SKPU,,,0
CONTINENTAL,CONTINENTAL,235/40R19,3556810000,KIS,KRB,1,80,Lousado,,,0
CONTINENTAL,CONTINENTAL,235/40R19,3556810000,KIS,MUTAFLAR,1,32,Lousado,,,0
CONTINENTAL,CONTINENTAL,235/40R19,3556810000,KIS,KRB,KASIM,16,Lousado,,,0
CONTINENTAL,CONTINENTAL,235/40R20,3202450000,KIS,KRB,1,8,Timisoara,,,0
CONTINENTAL,CONTINENTAL,235/45R18,3557700000,KIS,MUTAFLAR,1,32,Lousado,,,0
CONTINENTAL,MATADOR,235/45R18,15855110000,KIS,KRB,1,20,Puchov - SKPU,,,0
CONTINENTAL,CONTINENTAL,235/45R18,3556820000,KIS,KRB,1,20,Timisoara,,,0
CONTINENTAL,CONTINENTAL,235/45R18,3556820000,KIS,KRB,EKIM,12,Timisoara,,,0
CONTINENTAL,CONTINENTAL,235/45R19,3531730000,KIS,MUTAFLAR,1,16,Otrokovice,,,0
CONTINENTAL,MATADOR,235/45R19,15855200000,KIS,KRB,1,8,Puchov - SKPU,,,0
CONTINENTAL,CONTINENTAL,235/45R19,3202400000,KIS,KRB,1,8,Korbach,,,0
CONTINENTAL,BARUM,235/45R20,15415650000,KIS,KRB,1,20,Sarreguemines,,,0
CONTINENTAL,CONTINENTAL,235/45R20,3557080000,KIS,KRB,1,12,Otrokovice,,,0
CONTINENTAL,CONTINENTAL,235/45R20,3557080000,KIS,MUTAFLAR,1,16,Otrokovice,,,0
CONTINENTAL,CONTINENTAL,235/45R21,3557330000,KIS,MUTAFLAR,1,12,Lousado,,,0
CONTINENTAL,MATADOR,235/50R18,15855090000,KIS,KRB,1,8,Puchov - SKPU,,,0
CONTINENTAL,CONTINENTAL,235/50R18,3557600000,KIS,KRB,1,8,Puchov,,,0
CONTINENTAL,CONTINENTAL,235/50R18,3557600000,KIS,MUTAFLAR,1,24,Puchov,,,0
CONTINENTAL,CONTINENTAL,235/50R19,3203550000,KIS,MUTAFLAR,1,40,Otrokovice,,,0
CONTINENTAL,MATADOR,235/50R19,15855170000,KIS,KRB,1,400,Puchov - SKPU,,,0
CONTINENTAL,MATADOR,235/50R19,15855170000,KIS,KRB,EKIM,400,Puchov - SKPU,,,0
CONTINENTAL,CONTINENTAL,235/50R19,3557530000,KIS,KRB,1,400,Otrokovice,,,0
CONTINENTAL,CONTINENTAL,235/50R19,3557530000,KIS,BAR_OTO,1,100,Otrokovice,,,0
CONTINENTAL,CONTINENTAL,235/50R19,3557530000,KIS,MUTAFLAR,1,200,Otrokovice,,,0
CONTINENTAL,CONTINENTAL,235/50R19,3557530000,KIS,KRB,EKIM,200,Otrokovice,,,0
CONTINENTAL,CONTINENTAL,235/50R19,3558380000,KIS,MUTAFLAR,1,12,Otrokovice,,,0
CONTINENTAL,CONTINENTAL,235/50R20,3559500000,KIS,KRB,1,8,Lousado,,,0
CONTINENTAL,CONTINENTAL,235/50R20,3559500000,KIS,MUTAFLAR,1,8,Lousado,,,0
CONTINENTAL,BARUM,235/50R20,15415640000,KIS,KRB,1,8,Lousado,,,0
CONTINENTAL,CONTINENTAL,235/55R18,3556840000,KIS,MUTAFLAR,1,16,Otrokovice,,,0
CONTINENTAL,MATADOR,235/55R18,15855050000,KIS,KRB,1,40,Puchov - SKPU,,,0
CONTINENTAL,MATADOR,235/55R18,15855050000,KIS,KRB,KASIM,8,Puchov - SKPU,,,0
CONTINENTAL,CONTINENTAL,235/55R18,3559290000,KIS,BAR_OTO,1,12,Korbach,,,0
CONTINENTAL,CONTINENTAL,235/55R18,3556850000,KIS,KRB,1,40,Korbach,,,0
CONTINENTAL,CONTINENTAL,235/55R18,3556850000,KIS,BAR_OTO,1,20,Korbach,,,0
CONTINENTAL,CONTINENTAL,235/55R18,3556850000,KIS,KRB,KASIM,8,Korbach,,,0
CONTINENTAL,CONTINENTAL,235/55R19,3557480000,KIS,KRB,1,12,Lousado,,,0
CONTINENTAL,CONTINENTAL,235/55R19,3557480000,KIS,MUTAFLAR,1,40,Lousado,,,0
CONTINENTAL,MATADOR,235/55R19,15855160000,KIS,KRB,1,8,Puchov - SKPU,,,0
CONTINENTAL,CONTINENTAL,235/60R17C,4532930000,KIS,KRB,1,8,Otrokovice,,,0
CONTINENTAL,CONTINENTAL,235/60R17C,4532930000,KIS,MUTAFLAR,1,8,Otrokovice,,,0
CONTINENTAL,CONTINENTAL,235/60R18,3556880000,KIS,MUTAFLAR,1,16,Lousado,,,0
CONTINENTAL,CONTINENTAL,235/60R18,3556860000,KIS,KRB,1,8,Lousado,,,0
CONTINENTAL,MATADOR,235/60R18,15855020000,KIS,KRB,1,8,Puchov - SKPU,,,0
CONTINENTAL,CONTINENTAL,235/60R18,3556870000,KIS,BAR_OTO,1,8,Lousado,,,0
CONTINENTAL,MATADOR,235/65R16C,4281130000,KIS,KRB,1,200,Puchov - SKPU,,,0
CONTINENTAL,MATADOR,235/65R16C,4281130000,KIS,KRB,EKIM,80,Puchov - SKPU,,,0
CONTINENTAL,CONTINENTAL,235/65R16C,4531410000,KIS,KRB,1,200,Puchov,,,0
CONTINENTAL,CONTINENTAL,235/65R16C,4531410000,KIS,MUTAFLAR,1,20,Puchov,,,0
CONTINENTAL,CONTINENTAL,235/65R16C,4531410000,KIS,KRB,EKIM,100,Puchov,,,0
CONTINENTAL,CONTINENTAL,245/35R20,3552230000,KIS,MUTAFLAR,1,10,Otrokovice,,,0
CONTINENTAL,CONTINENTAL,245/40R18,3550450000,KIS,KRB,1,20,Puchov,,,0
CONTINENTAL,CONTINENTAL,245/40R18,3556910000,KIS,MUTAFLAR,1,12,Sarreguemines,,,0
CONTINENTAL,MATADOR,245/40R19,15855240000,KIS,KRB,1,40,Puchov - SKPU,,,0
CONTINENTAL,MATADOR,245/40R19,15855240000,KIS,KRB,KASIM,8,Puchov - SKPU,,,0
CONTINENTAL,CONTINENTAL,245/40R19,3202270000,KIS,MUTAFLAR,1,16,Korbach,,,0
CONTINENTAL,CONTINENTAL,245/40R19,3552260000,KIS,KRB,1,8,Puchov,,,0
CONTINENTAL,CONTINENTAL,245/40R19,3552260000,KIS,MUTAFLAR,1,8,Puchov,,,0
CONTINENTAL,CONTINENTAL,245/40R19,3556930000,KIS,KRB,1,20,Lousado,,,0
CONTINENTAL,CONTINENTAL,245/40R19,3556930000,KIS,BAR_OTO,1,60,Lousado,,,0
CONTINENTAL,CONTINENTAL,245/40R19,3556930000,KIS,MUTAFLAR,1,16,Lousado,,,0
CONTINENTAL,CONTINENTAL,245/40R20,3556140000,KIS,MUTAFLAR,1,12,Otrokovice,,,0
CONTINENTAL,CONTINENTAL,245/40R20,3554060000,KIS,MUTAFLAR,1,8,Puchov,,,0
CONTINENTAL,CONTINENTAL,245/40R20,3557780000,KIS,KRB,1,12,Otrokovice,,,0
CONTINENTAL,MATADOR,245/45R18,15855120000,KIS,KRB,1,8,Puchov - SKPU,,,0
CONTINENTAL,CONTINENTAL,245/45R18,3539100000,KIS,KRB,1,8,Korbach,,,0
CONTINENTAL,CONTINENTAL,245/45R18,3539100000,KIS,MUTAFLAR,1,12,Korbach,,,0
CONTINENTAL,CONTINENTAL,245/45R18,3556940000,KIS,BAR_OTO,1,28,Lousado,,,0
CONTINENTAL,CONTINENTAL,245/45R18,3556940000,KIS,MUTAFLAR,1,20,Lousado,,,0
CONTINENTAL,CONTINENTAL,245/45R19,3556110000,KIS,BAR_OTO,1,20,Lousado,,,0
CONTINENTAL,MATADOR,245/45R19,15855210000,KIS,KRB,1,8,Puchov - SKPU,,,0
CONTINENTAL,CONTINENTAL,245/45R19,3202520000,KIS,KRB,1,40,Otrokovice,,,0
CONTINENTAL,CONTINENTAL,245/45R19,3202520000,KIS,BAR_OTO,1,60,Otrokovice,,,0
CONTINENTAL,CONTINENTAL,245/45R19,3202520000,KIS,MUTAFLAR,1,36,Otrokovice,,,0
CONTINENTAL,CONTINENTAL,245/45R19,3202520000,KIS,KRB,KASIM,8,Otrokovice,,,0
CONTINENTAL,BARUM,245/45R20,15416500000,KIS,KRB,1,12,Otrokovice,2026-06-18,,0
CONTINENTAL,CONTINENTAL,245/45R20,3557680000,KIS,KRB,1,12,Otrokovice,,,0
CONTINENTAL,CONTINENTAL,245/45R20,3557680000,KIS,BAR_OTO,1,20,Otrokovice,,,0
CONTINENTAL,CONTINENTAL,245/45R20,3557680000,KIS,MUTAFLAR,1,20,Otrokovice,,,0
CONTINENTAL,CONTINENTAL,245/50R18,3531810000,KIS,KRB,1,8,Otrokovice,,,0
CONTINENTAL,CONTINENTAL,245/50R19,3559740000,KIS,MUTAFLAR,1,20,Puchov,,,0
CONTINENTAL,CONTINENTAL,245/50R19,3551790000,KIS,MUTAFLAR,1,12,Puchov,,,0
CONTINENTAL,CONTINENTAL,255/35R19,3557070000,KIS,KRB,1,12,Puchov,,,0
CONTINENTAL,CONTINENTAL,255/35R19,3557070000,KIS,MUTAFLAR,1,12,Puchov,,,0
CONTINENTAL,CONTINENTAL,255/35R19,3202220000,KIS,KRB,1,8,Puchov,,,0
CONTINENTAL,CONTINENTAL,255/35R19,3202220000,KIS,MUTAFLAR,1,20,Puchov,,,0
CONTINENTAL,CONTINENTAL,255/35R20,3557760000,KIS,MUTAFLAR,1,8,Otrokovice,,,0
CONTINENTAL,CONTINENTAL,255/40R18,3551670000,KIS,KRB,1,20,Puchov,,,0
CONTINENTAL,CONTINENTAL,255/40R19,3557620000,KIS,MUTAFLAR,1,8,Otrokovice,,,0
CONTINENTAL,CONTINENTAL,255/40R20,3537650000,KIS,MUTAFLAR,1,8,Otrokovice,,,0
CONTINENTAL,CONTINENTAL,255/40R20,3559720000,KIS,KRB,1,8,Otrokovice,,,0
CONTINENTAL,BARUM,255/40R20,15415730000,KIS,KRB,1,8,Lousado,,,0
CONTINENTAL,CONTINENTAL,255/40R20,3551580000,KIS,MUTAFLAR,1,8,Korbach,,,0
CONTINENTAL,CONTINENTAL,255/40R21,3557340000,KIS,KRB,1,8,Lousado,,,0
CONTINENTAL,CONTINENTAL,255/40R21,3203430000,KIS,MUTAFLAR,1,16,Lousado,,,0
CONTINENTAL,BARUM,255/45R19,15415710000,KIS,KRB,1,12,Otrokovice,,,0
CONTINENTAL,CONTINENTAL,255/45R19,3202230000,KIS,KRB,1,12,Korbach,,,0
CONTINENTAL,CONTINENTAL,255/45R19,3202230000,KIS,KRB,EKIM,12,Korbach,,,0
CONTINENTAL,CONTINENTAL,255/45R19,3559900000,KIS,KRB,1,12,Otrokovice,,,0
CONTINENTAL,CONTINENTAL,255/45R19,3559900000,KIS,MUTAFLAR,1,8,Otrokovice,,,0
CONTINENTAL,CONTINENTAL,255/45R19,3559900000,KIS,KRB,EKIM,12,Otrokovice,,,0
CONTINENTAL,CONTINENTAL,255/45R19,3557650000,KIS,KRB,1,12,Korbach,,,0
CONTINENTAL,CONTINENTAL,255/45R19,3557650000,KIS,MUTAFLAR,1,24,Korbach,,,0
CONTINENTAL,CONTINENTAL,255/45R19,3557650000,KIS,KRB,EKIM,12,Korbach,,,0
CONTINENTAL,CONTINENTAL,255/45R20,3557640000,KIS,KRB,1,8,Puchov,,,0
CONTINENTAL,CONTINENTAL,255/45R20,3557640000,KIS,MUTAFLAR,1,12,Puchov,,,0
CONTINENTAL,CONTINENTAL,255/55R20,3202550000,KIS,MUTAFLAR,1,12,Puchov,2026-07-09,,0
CONTINENTAL,CONTINENTAL,255/60R20,3551930000,KIS,MUTAFLAR,1,8,Puchov,,,0
CONTINENTAL,CONTINENTAL,265/40R22,3553710000,KIS,MUTAFLAR,1,8,Otrokovice,,,0
CONTINENTAL,CONTINENTAL,265/45R21,3203780000,KIS,MUTAFLAR,1,8,Lousado,2026-08-27,,0
CONTINENTAL,CONTINENTAL,265/60R18,3547280000,KIS,KRB,1,8,Otrokovice,,,0
CONTINENTAL,CONTINENTAL,275/30R20,3555240000,KIS,MUTAFLAR,1,10,Puchov,,,0
CONTINENTAL,CONTINENTAL,275/35R19,3202300000,KIS,MUTAFLAR,1,16,Puchov,,,0
CONTINENTAL,CONTINENTAL,275/35R19,3552460000,KIS,KRB,1,8,Puchov,,,0
CONTINENTAL,CONTINENTAL,275/35R19,3552460000,KIS,MUTAFLAR,1,8,Puchov,,,0
CONTINENTAL,CONTINENTAL,275/35R20,3556150000,KIS,MUTAFLAR,1,8,Otrokovice,,,0
CONTINENTAL,CONTINENTAL,275/35R20,3552470000,KIS,MUTAFLAR,1,10,Puchov,,,0
CONTINENTAL,CONTINENTAL,275/35R20,3557790000,KIS,KRB,1,12,Puchov,,,0
CONTINENTAL,CONTINENTAL,275/35R22,3202250000,KIS,MUTAFLAR,1,8,Otrokovice,,,0
CONTINENTAL,CONTINENTAL,275/40R18,3559700000,KIS,KRB,1,4,Otrokovice,,,0
CONTINENTAL,CONTINENTAL,275/40R18,3559700000,KIS,MUTAFLAR,1,4,Otrokovice,,,0
CONTINENTAL,CONTINENTAL,275/40R21,3202350000,KIS,KRB,1,20,Timisoara,,,0
CONTINENTAL,CONTINENTAL,275/40R21,3544860000,KIS,MUTAFLAR,1,16,Otrokovice,,,0
CONTINENTAL,CONTINENTAL,275/40R22,3139040000,KIS,MUTAFLAR,1,8,Otrokovice,2026-06-18,,0
CONTINENTAL,CONTINENTAL,275/45R19,3553830000,KIS,KRB,1,8,Otrokovice,,,0
CONTINENTAL,CONTINENTAL,275/45R20,3557580000,KIS,KRB,1,8,Puchov,,,0
CONTINENTAL,CONTINENTAL,275/45R20,3557580000,KIS,MUTAFLAR,1,8,Puchov,,,0
CONTINENTAL,CONTINENTAL,275/45R21,3153630000,KIS,MUTAFLAR,1,8,Korbach,,,0
CONTINENTAL,CONTINENTAL,275/50R20,3203640000,KIS,MUTAFLAR,1,8,Otrokovice,2026-07-16,,0
CONTINENTAL,CONTINENTAL,285/35R20,3537640000,KIS,MUTAFLAR,1,10,Otrokovice,,,0
CONTINENTAL,CONTINENTAL,285/35R21,3200340000,KIS,MUTAFLAR,1,8,Otrokovice,,,0
CONTINENTAL,CONTINENTAL,285/40R20,3558580000,KIS,KRB,1,8,Puchov,,,0
CONTINENTAL,CONTINENTAL,285/40R22,3555940000,KIS,MUTAFLAR,1,8,Lousado,,,0
CONTINENTAL,CONTINENTAL,285/45R21,3549520000,KIS,MUTAFLAR,1,8,Lousado,,,0
CONTINENTAL,CONTINENTAL,285/65R16C,4531630000,KIS,KRB,1,20,Otrokovice,,,0
CONTINENTAL,CONTINENTAL,295/40R22,3202870000,KIS,MUTAFLAR,1,8,Lousado,,,0
CONTINENTAL,MATADOR,165/65R15,15854520000,KIS,KRB,CEVA,8,CEVA Gebze,,,0
CONTINENTAL,CONTINENTAL,165/65R15,3555480000,KIS,KRB,CEVA,4,CEVA Gebze,,,0
CONTINENTAL,CONTINENTAL,175/65R14,3201890000,KIS,KRB,CEVA,8,CEVA Gebze,,,0
CONTINENTAL,CONTINENTAL,175/70R14,3201330000,KIS,KRB,CEVA,8,CEVA Gebze,,,0
CONTINENTAL,CONTINENTAL,185/55R15,3555510000,KIS,KRB,CEVA,12,CEVA Gebze,,,0
CONTINENTAL,MATADOR,185/55R15,15854640000,KIS,KRB,CEVA,12,CEVA Gebze,,,0
CONTINENTAL,BARUM,185/55R16,15414830000,KIS,KRB,CEVA,12,CEVA Gebze,,,0
CONTINENTAL,CONTINENTAL,185/55R16,3556250000,KIS,KRB,CEVA,8,CEVA Gebze,,,0
CONTINENTAL,CONTINENTAL,185/60R14,3554550000,KIS,KRB,CEVA,4,CEVA Gebze,,,0
CONTINENTAL,CONTINENTAL,185/65R14,3555520000,KIS,KRB,CEVA,8,CEVA Gebze,,,0
CONTINENTAL,CONTINENTAL,185/70R14,3556270000,KIS,KRB,CEVA,8,CEVA Gebze,,,0
CONTINENTAL,CONTINENTAL,195/45R16,3556280000,KIS,KRB,CEVA,20,CEVA Gebze,,,0
CONTINENTAL,BARUM,195/45R16,15415440000,KIS,KRB,CEVA,12,CEVA Gebze,,,0
CONTINENTAL,MATADOR,195/50R15,15854660000,KIS,KRB,CEVA,12,CEVA Gebze,,,0
CONTINENTAL,CONTINENTAL,195/50R15,3557930000,KIS,KRB,CEVA,12,CEVA Gebze,,,0
CONTINENTAL,MATADOR,195/50R16,15854790000,KIS,KRB,CEVA,12,CEVA Gebze,,,0
CONTINENTAL,CONTINENTAL,195/55R15,3555530000,KIS,KRB,CEVA,8,CEVA Gebze,,,0
CONTINENTAL,CONTINENTAL,195/55R20,3557470000,KIS,KRB,CEVA,4,CEVA Gebze,,,0
CONTINENTAL,CONTINENTAL,195/60R15,3555410000,KIS,KRB,CEVA,8,CEVA Gebze,,,0
CONTINENTAL,MATADOR,195/65R15,15854580000,KIS,KRB,CEVA,8,CEVA Gebze,,,0
CONTINENTAL,CONTINENTAL,205/45R16,3556300000,KIS,KRB,CEVA,20,CEVA Gebze,,,0
CONTINENTAL,CONTINENTAL,205/55R16,3553000000,KIS,KRB,CEVA,8,CEVA Gebze,,,0
CONTINENTAL,CONTINENTAL,205/60R16,3550520000,KIS,KRB,CEVA,8,CEVA Gebze,,,0
CONTINENTAL,MATADOR,205/65R15,15854590000,KIS,KRB,CEVA,8,CEVA Gebze,,,0
CONTINENTAL,CONTINENTAL,205/65R15,3556320000,KIS,KRB,CEVA,8,CEVA Gebze,,,0
CONTINENTAL,BARUM,205/65R16,15415390000,KIS,KRB,CEVA,4,CEVA Gebze,,,0
CONTINENTAL,MATADOR,205/70R15C,4281260000,KIS,KRB,CEVA,4,CEVA Gebze,,,0
CONTINENTAL,MATADOR,215/45R16,15854800000,KIS,KRB,CEVA,8,CEVA Gebze,,,0
CONTINENTAL,CONTINENTAL,215/45R16,3556340000,KIS,KRB,CEVA,8,CEVA Gebze,,,0
CONTINENTAL,CONTINENTAL,215/45R17,3557990000,KIS,KRB,CEVA,8,CEVA Gebze,,,0
CONTINENTAL,CONTINENTAL,215/50R18,3557000000,KIS,KRB,CEVA,4,CEVA Gebze,,,0
CONTINENTAL,CONTINENTAL,215/55R16,3555470000,KIS,KRB,CEVA,8,CEVA Gebze,,,0
CONTINENTAL,MATADOR,215/60R16,15854720000,KIS,KRB,CEVA,20,CEVA Gebze,,,0
CONTINENTAL,CONTINENTAL,215/60R16,3200190000,KIS,KRB,CEVA,20,CEVA Gebze,,,0
CONTINENTAL,MATADOR,215/65R15C,4281300000,KIS,KRB,CEVA,4,CEVA Gebze,,,0
CONTINENTAL,CONTINENTAL,215/65R16,3556670000,KIS,KRB,CEVA,20,CEVA Gebze,,,0
CONTINENTAL,CONTINENTAL,215/65R16,3556650000,KIS,KRB,CEVA,20,CEVA Gebze,,,0
CONTINENTAL,CONTINENTAL,215/65R17,3559120000,KIS,KRB,CEVA,8,CEVA Gebze,,,0
CONTINENTAL,BARUM,225/45R18,15415130000,KIS,KRB,CEVA,4,CEVA Gebze,,,0
CONTINENTAL,CONTINENTAL,225/50R17,3539390000,KIS,KRB,CEVA,4,CEVA Gebze,,,0
CONTINENTAL,CONTINENTAL,225/50R17,3550160000,KIS,KRB,CEVA,8,CEVA Gebze,,,0
CONTINENTAL,MATADOR,225/50R17,15854940000,KIS,KRB,CEVA,8,CEVA Gebze,,,0
CONTINENTAL,CONTINENTAL,225/55R16,3557540000,KIS,KRB,CEVA,4,CEVA Gebze,,,0
CONTINENTAL,MATADOR,225/55R16,15854780000,KIS,KRB,CEVA,4,CEVA Gebze,,,0
CONTINENTAL,BARUM,225/60R16,15415410000,KIS,KRB,CEVA,8,CEVA Gebze,,,0
CONTINENTAL,CONTINENTAL,225/60R16,3559600000,KIS,KRB,CEVA,24,CEVA Gebze,,,0
CONTINENTAL,BARUM,225/60R17,15414930000,KIS,KRB,CEVA,4,CEVA Gebze,,,0
CONTINENTAL,MATADOR,235/45R17,15854980000,KIS,KRB,CEVA,8,CEVA Gebze,,,0
CONTINENTAL,CONTINENTAL,235/45R17,3559610000,KIS,KRB,CEVA,12,CEVA Gebze,,,0
CONTINENTAL,CONTINENTAL,235/50R17,3558360000,KIS,KRB,CEVA,8,CEVA Gebze,,,0
CONTINENTAL,CONTINENTAL,235/55R17,3556830000,KIS,KRB,CEVA,8,CEVA Gebze,,,0
CONTINENTAL,CONTINENTAL,235/55R20,3202200000,KIS,KRB,CEVA,4,CEVA Gebze,,,0
CONTINENTAL,CONTINENTAL,235/60R16,3558410000,KIS,KRB,CEVA,4,CEVA Gebze,,,0
CONTINENTAL,MATADOR,235/60R17,15854860000,KIS,KRB,CEVA,12,CEVA Gebze,,,0
CONTINENTAL,CONTINENTAL,235/60R17,3558420000,KIS,KRB,CEVA,4,CEVA Gebze,,,0
CONTINENTAL,CONTINENTAL,235/65R17,3556890000,KIS,KRB,CEVA,16,CEVA Gebze,,,0
CONTINENTAL,MATADOR,235/65R17,15854830000,KIS,KRB,CEVA,4,CEVA Gebze,,,0
CONTINENTAL,BARUM,245/40R18,15415170000,KIS,KRB,CEVA,2,CEVA Gebze,,,0
CONTINENTAL,CONTINENTAL,245/40R21,3550600000,KIS,KRB,CEVA,4,CEVA Gebze,,,0
CONTINENTAL,CONTINENTAL,245/45R17,3530820000,KIS,KRB,CEVA,8,CEVA Gebze,,,0
CONTINENTAL,CONTINENTAL,245/45R19,3555320000,KIS,KRB,CEVA,4,CEVA Gebze,,,0
CONTINENTAL,CONTINENTAL,245/50R19,3559740000,KIS,KRB,CEVA,4,CEVA Gebze,,,0
CONTINENTAL,CONTINENTAL,245/70R16,3552310000,KIS,KRB,CEVA,4,CEVA Gebze,,,0
CONTINENTAL,CONTINENTAL,255/30R20,3555290000,KIS,KRB,CEVA,4,CEVA Gebze,,,0
CONTINENTAL,BARUM,255/40R18,15415570000,KIS,KRB,CEVA,2,CEVA Gebze,,,0
CONTINENTAL,CONTINENTAL,255/45R18,3557660000,KIS,KRB,CEVA,4,CEVA Gebze,,,0
CONTINENTAL,CONTINENTAL,255/50R20,3202190000,KIS,KRB,CEVA,4,CEVA Gebze,,,0
CONTINENTAL,CONTINENTAL,255/55R19,3557010000,KIS,KRB,CEVA,4,CEVA Gebze,,,0
CONTINENTAL,CONTINENTAL,255/60R18,3552720000,KIS,KRB,CEVA,4,CEVA Gebze,,,0
CONTINENTAL,CONTINENTAL,255/60R20,3551930000,KIS,KRB,CEVA,4,CEVA Gebze,,,0
CONTINENTAL,CONTINENTAL,265/40R21,3202320000,KIS,KRB,CEVA,4,CEVA Gebze,,,0
CONTINENTAL,CONTINENTAL,265/65R17,3559670000,KIS,KRB,CEVA,4,CEVA Gebze,,,0
CONTINENTAL,CONTINENTAL,275/40R19,3555300000,KIS,KRB,CEVA,4,CEVA Gebze,,,0
CONTINENTAL,CONTINENTAL,275/45R21,3203630000,KIS,KRB,CEVA,4,CEVA Gebze,,,0
CONTINENTAL,CONTINENTAL,285/40R22,3555940000,KIS,KRB,CEVA,4,CEVA Gebze,,,0
CONTINENTAL,CONTINENTAL,285/45R20,3200220000,KIS,KRB,CEVA,4,CEVA Gebze,,,0
CONTINENTAL,CONTINENTAL,295/35R21,3202290000,KIS,KRB,CEVA,4,CEVA Gebze,,,0
