depo,kalem_kodu,kalem_tanimi,grup_adi,marka,sezon,kategori2,kategori3,adet,taahhut,kullanilabilir,liste_fiyati,min_seviye,max_seviye
COMPETUS DEPO,211451,175/80R14 88T SNOWAYS2 PLUS G-E-72dB-2015,LASTIK TUKETICI,LASSA,KIS,PSR STANDART,PSR 13-14,2.0,0.0,20000.0,,0.0,0.0
MERKEZ DEPO,212039-25,215/65R16 98T ICEWAYS 2 D-E-71dB,LASTIK TUKETICI,LASSA,KIS,PSR STANDART,PSR 16,30.0,0.0,300000.0,5055.0,0.0,0.0
MERKEZ DEPO,212702-26,275/45R20 110Y XL COMPETUS H/P 3 B-A-71dB,LASTIK TUKETICI,LASSA,YAZ,PSR 4X4-UHP-RFT,PSR 4X4,4.0,0.0,40000.0,13706.67,0.0,0.0
MERKEZ DEPO,212703-26,205/55R19 97V XL COMPETUS H/P 3 B-A-71dB,LASTIK TUKETICI,LASSA,YAZ,PSR 4X4-UHP-RFT,PSR 4X4,20.0,0.0,200000.0,8812.5,0.0,0.0
COMPETUS DEPO,212703-26,205/55R19 97V XL COMPETUS H/P 3 B-A-71dB,LASTIK TUKETICI,LASSA,YAZ,PSR 4X4-UHP-RFT,PSR 4X4,12.0,0.0,120000.0,8812.5,0.0,0.0
MERKEZ DEPO,212704-26,255/55R19 111Y XL COMPETUS H/P 3 B-A-71dB,LASTIK TUKETICI,LASSA,YAZ,PSR 4X4-UHP-RFT,PSR 4X4,4.0,0.0,40000.0,9390.83,0.0,0.0
MERKEZ DEPO,212705-26,255/55R18 109W XL COMPETUS H/P 3 B-A-71dB,LASTIK TUKETICI,LASSA,YAZ,PSR 4X4-UHP-RFT,PSR 4X4,16.0,0.0,160000.0,8435.83,0.0,0.0
MERKEZ DEPO,212707-26,295/35R21 107Y XL COMPETUS H/P 3 B-A-73dB,LASTIK TUKETICI,LASSA,YAZ,PSR 4X4-UHP-RFT,PSR 4X4,2.0,0.0,20000.0,12551.67,0.0,0.0
MERKEZ DEPO,212711-26,245/45R20 103Y XL COMPETUS H/P 3 B-A-71dB,LASTIK TUKETICI,LASSA,YAZ,PSR 4X4-UHP-RFT,PSR 4X4,20.0,0.0,200000.0,12736.67,0.0,0.0
EMANET DEPO,212712-26,205/50R17 93W XL REVOLA B-A-71dB,LASTIK TUKETICI,LASSA,YAZ,PSR 4X4-UHP-RFT,PSR UHP,4.0,0.0,40000.0,7042.5,0.0,0.0
MERKEZ DEPO,212712-26,205/50R17 93W XL REVOLA B-A-71dB,LASTIK TUKETICI,LASSA,YAZ,PSR 4X4-UHP-RFT,PSR UHP,71.0,0.0,710000.0,7042.5,0.0,0.0
MERKEZ DEPO,212713-26,255/45R20 105W XL COMPETUS H/P 3 B-A-71dB,LASTIK TUKETICI,LASSA,YAZ,PSR 4X4-UHP-RFT,PSR 4X4,16.0,0.0,160000.0,15390.83,0.0,0.0
MERKEZ DEPO,212714-26,255/50R20 109Y XL COMPETUS H/P 3 B-A-71dB,LASTIK TUKETICI,LASSA,YAZ,PSR 4X4-UHP-RFT,PSR 4X4,12.0,0.0,120000.0,12716.67,0.0,0.0
MERKEZ DEPO,212715-26,275/40R20 106Y XL COMPETUS H/P 3 B-A-71dB,LASTIK TUKETICI,LASSA,YAZ,PSR 4X4-UHP-RFT,PSR 4X4,4.0,0.0,40000.0,12102.5,0.0,0.0
MERKEZ DEPO,212716-26,275/45R21 110Y XL COMPETUS H/P 3 B-A-71dB,LASTIK TUKETICI,LASSA,YAZ,PSR 4X4-UHP-RFT,PSR 4X4,4.0,0.0,40000.0,14262.5,0.0,0.0
COMPETUS DEPO,212717-26,215/50R18 92W COMPETUS H/P 3 C-A-71dB,LASTIK TUKETICI,LASSA,YAZ,PSR 4X4-UHP-RFT,PSR 4X4,24.0,0.0,240000.0,8304.17,0.0,0.0
MERKEZ DEPO,212718-26,205/40R17 84W XL REVOLA C-A-71dB,LASTIK TUKETICI,LASSA,YAZ,PSR 4X4-UHP-RFT,PSR UHP,2.0,0.0,20000.0,6300.0,0.0,0.0
MERKEZ DEPO,212719-26,215/40R17 87W XL REVOLA C-A-71dB,LASTIK TUKETICI,LASSA,YAZ,PSR 4X4-UHP-RFT,PSR UHP,6.0,0.0,60000.0,7316.67,0.0,0.0
IZMIT SUBE DEPO,212722-25,245/45R18 100Y XL REVOLA B-A-71db,LASTIK TUKETICI,LASSA,YAZ,PSR 4X4-UHP-RFT,PSR UHP,4.0,0.0,40000.0,7046.67,0.0,0.0
COMPETUS DEPO,212722-26,245/45R18 100Y XL REVOLA B-A-71dB,LASTIK TUKETICI,LASSA,YAZ,PSR 4X4-UHP-RFT,PSR UHP,8.0,0.0,80000.0,8401.67,0.0,0.0
MERKEZ DEPO,212722-26,245/45R18 100Y XL REVOLA B-A-71dB,LASTIK TUKETICI,LASSA,YAZ,PSR 4X4-UHP-RFT,PSR UHP,12.0,0.0,120000.0,8401.67,0.0,0.0
COMPETUS DEPO,212726-26,215/55R17 94W REVOLA B-A-71dB,LASTIK TUKETICI,LASSA,YAZ,PSR 4X4-UHP-RFT,PSR UHP,84.0,0.0,840000.0,7480.0,0.0,0.0
IZMIT SUBE DEPO,212726-26,215/55R17 94W REVOLA B-A-71dB,LASTIK TUKETICI,LASSA,YAZ,PSR 4X4-UHP-RFT,PSR UHP,8.0,0.0,80000.0,7480.0,0.0,0.0
MERKEZ DEPO,212901,175/70R13 82T SNOWAYS 3 F-C-70dB,LASTIK TUKETICI,LASSA,KIS,PSR STANDART,PSR 13-14,1.0,0.0,10000.0,2806.67,0.0,0.0
MERKEZ DEPO,212939-25,165/65R14 79T SNOWAYS 3 F-C-70dB,LASTIK TUKETICI,LASSA,KIS,PSR STANDART,PSR 13-14,8.0,0.0,80000.0,3518.33,0.0,0.0
MERKEZ DEPO,212948,155/65R14 75T SNOWAYS 3 F-C-70dB,LASTIK TUKETICI,LASSA,KIS,PSR STANDART,PSR 13-14,8.0,0.0,80000.0,2813.33,0.0,0.0
MERKEZ DEPO,212949-25,155/70R13 75T SNOWAYS 3 F-C-70dB,LASTIK TUKETICI,LASSA,KIS,PSR STANDART,PSR 13-14,10.0,0.0,100000.0,2963.33,0.0,0.0
COMPETUS DEPO,212956,175/65R14 82T SNOWAYS 4,LASTIK TUKETICI,LASSA,KIS,PSR STANDART,PSR 13-14,2.0,0.0,20000.0,3018.33,0.0,0.0
IZMIT SUBE DEPO,212958-25,185/65R14 86T SNOWAYS 4 D-B-69dB,LASTIK TUKETICI,LASSA,KIS,PSR STANDART,PSR 13-14,2.0,0.0,20000.0,3316.67,0.0,0.0
MERKEZ DEPO,212959,185/65R15 88T SNOWAYS 4 E-B-69dB-2024,LASTIK TUKETICI,LASSA,KIS,PSR STANDART,PSR 15,12.0,0.0,120000.0,3353.33,0.0,0.0
MERKEZ DEPO,212959-25,185/65R15 88T SNOWAYS 4 E-B-69dB,LASTIK TUKETICI,LASSA,KIS,PSR STANDART,PSR 15,194.0,0.0,1940000.0,3353.33,0.0,0.0
COMPETUS DEPO,212959-25,185/65R15 88T SNOWAYS 4 E-B-69dB,LASTIK TUKETICI,LASSA,KIS,PSR STANDART,PSR 15,3.0,0.0,30000.0,3353.33,0.0,0.0
IZMIT SUBE DEPO,212959-25,185/65R15 88T SNOWAYS 4 E-B-69dB,LASTIK TUKETICI,LASSA,KIS,PSR STANDART,PSR 15,4.0,0.0,40000.0,3353.33,0.0,0.0
COMPETUS DEPO,213103-26,175/65R14 86H XL MULTIWAYS 2 D-C-70dB,LASTIK TUKETICI,LASSA,4 MEVSIM,PSR STANDART,PSR 13-14,30.0,0.0,300000.0,3720.83,0.0,0.0
MERKEZ DEPO,213103-26,175/65R14 86H XL MULTIWAYS 2 D-C-70dB,LASTIK TUKETICI,LASSA,4 MEVSIM,PSR STANDART,PSR 13-14,2.0,0.0,20000.0,3720.83,0.0,0.0
MERKEZ DEPO,213105-26,175/70R14 88T XL MULTIWAYS 2 C-C-70dB,LASTIK TUKETICI,LASSA,4 MEVSIM,PSR STANDART,PSR 13-14,1.0,0.0,10000.0,4315.0,0.0,0.0
COMPETUS DEPO,213105-26,175/70R14 88T XL MULTIWAYS 2 C-C-70dB,LASTIK TUKETICI,LASSA,4 MEVSIM,PSR STANDART,PSR 13-14,3.0,0.0,30000.0,4315.0,0.0,0.0
MERKEZ DEPO,213106-26,185/60R14 86H XL MULTIWAYS 2 C-C-70dB,LASTIK TUKETICI,LASSA,4 MEVSIM,PSR STANDART,PSR 13-14,24.0,0.0,240000.0,4125.0,0.0,0.0
COMPETUS DEPO,213107-26,185/60R15 88V XL MULTIWAYS 2 C-C-70dB,LASTIK TUKETICI,LASSA,4 MEVSIM,PSR STANDART,PSR 15,28.0,0.0,280000.0,4723.33,0.0,0.0
MERKEZ DEPO,213107-26,185/60R15 88V XL MULTIWAYS 2 C-C-70dB,LASTIK TUKETICI,LASSA,4 MEVSIM,PSR STANDART,PSR 15,20.0,0.0,200000.0,4723.33,0.0,0.0
MERKEZ DEPO,213108-26,185/65R14 90H XL MULTIWAYS 2 C-C-70dB,LASTIK TUKETICI,LASSA,4 MEVSIM,PSR STANDART,PSR 13-14,35.0,0.0,350000.0,4015.0,0.0,0.0
MERKEZ DEPO,213109-26,185/65R15 92V XL MULTIWAYS 2 C-C-70dB,LASTIK TUKETICI,LASSA,4 MEVSIM,PSR STANDART,PSR 15,6.0,0.0,60000.0,4243.33,0.0,0.0
COMPETUS DEPO,213109-26,185/65R15 92V XL MULTIWAYS 2 C-C-70dB,LASTIK TUKETICI,LASSA,4 MEVSIM,PSR STANDART,PSR 15,27.0,0.0,270000.0,4243.33,0.0,0.0
MERKEZ DEPO,213111-26,195/55R16 91V XL MULTIWAYS 2 C-C-70dB,LASTIK TUKETICI,LASSA,4 MEVSIM,PSR STANDART,PSR 16,36.0,0.0,360000.0,5808.33,0.0,0.0
IZMIT SUBE DEPO,213111-26,195/55R16 91V XL MULTIWAYS 2 C-C-70dB,LASTIK TUKETICI,LASSA,4 MEVSIM,PSR STANDART,PSR 16,4.0,0.0,40000.0,5808.33,0.0,0.0
COMPETUS DEPO,213112,195/60R15 88V MULTIWAYS 2 C-C-70dB-2022,LASTIK TUKETICI,LASSA,4 MEVSIM,PSR STANDART,PSR 15,1.0,0.0,10000.0,1075.0,0.0,0.0
MERKEZ DEPO,213112-26,195/60R15 88V MULTIWAYS 2 C-C-70dB,LASTIK TUKETICI,LASSA,4 MEVSIM,PSR STANDART,PSR 15,19.0,0.0,190000.0,4969.17,0.0,0.0
COMPETUS DEPO,213114-26,195/65R15 95V XL MULTIWAYS 2 C-C-70dB,LASTIK TUKETICI,LASSA,4 MEVSIM,PSR STANDART,PSR 15,35.0,0.0,350000.0,4243.33,0.0,0.0
MERKEZ DEPO,213114-26,195/65R15 95V XL MULTIWAYS 2 C-C-70dB,LASTIK TUKETICI,LASSA,4 MEVSIM,PSR STANDART,PSR 15,21.0,0.0,210000.0,4243.33,0.0,0.0
MERKEZ DEPO,213115-26,205/55R16 94V XL MULTIWAYS 2 C-C-70dB,LASTIK TUKETICI,LASSA,4 MEVSIM,PSR STANDART,PSR 16,60.0,0.0,600000.0,5135.0,0.0,0.0
MERKEZ DEPO,213116-26,205/60R16 96V XL MULTIWAYS 2 C-C-70dB,LASTIK TUKETICI,LASSA,4 MEVSIM,PSR STANDART,PSR 16,6.0,0.0,60000.0,6234.17,0.0,0.0
COMPETUS DEPO,213116-26,205/60R16 96V XL MULTIWAYS 2 C-C-70dB,LASTIK TUKETICI,LASSA,4 MEVSIM,PSR STANDART,PSR 16,14.0,0.0,140000.0,6234.17,0.0,0.0
MERKEZ DEPO,213117-26,185/55R15 82V MULTIWAYS 2 C-C-70dB,LASTIK TUKETICI,LASSA,4 MEVSIM,PSR STANDART,PSR 15,16.0,0.0,160000.0,5766.67,0.0,0.0
COMPETUS DEPO,213117-26,185/55R15 82V MULTIWAYS 2 C-C-70dB,LASTIK TUKETICI,LASSA,4 MEVSIM,PSR STANDART,PSR 15,4.0,0.0,40000.0,5766.67,0.0,0.0
COMPETUS DEPO,213118-26,215/50R17 95W XL MULTIWAYS 2 C-C-70dB,LASTIK TUKETICI,LASSA,4 MEVSIM,PSR 4X4-UHP-RFT,PSR UHP,8.0,0.0,80000.0,7968.33,0.0,0.0
MERKEZ DEPO,213118-26,215/50R17 95W XL MULTIWAYS 2 C-C-70dB,LASTIK TUKETICI,LASSA,4 MEVSIM,PSR 4X4-UHP-RFT,PSR UHP,8.0,0.0,80000.0,7968.33,0.0,0.0
MERKEZ DEPO,213119-26,215/55R16 97V XL MULTIWAYS 2 C-C-70dB,LASTIK TUKETICI,LASSA,4 MEVSIM,PSR STANDART,PSR 16,41.0,0.0,410000.0,7070.0,0.0,0.0
MERKEZ DEPO,213135-26,215/55R17 94W MULTIWAYS 2 C-C-70dB,LASTIK TUKETICI,LASSA,4 MEVSIM,PSR 4X4-UHP-RFT,PSR UHP,36.0,0.0,360000.0,7945.0,0.0,0.0
IZMIT SUBE DEPO,213135-26,215/55R17 94W MULTIWAYS 2 C-C-70dB,LASTIK TUKETICI,LASSA,4 MEVSIM,PSR 4X4-UHP-RFT,PSR UHP,4.0,0.0,40000.0,7945.0,0.0,0.0
MERKEZ DEPO,213136-26,215/60R16 99V XL MULTIWAYS 2 C-C-70dB,LASTIK TUKETICI,LASSA,4 MEVSIM,PSR STANDART,PSR 16,8.0,0.0,80000.0,7711.67,0.0,0.0
COMPETUS DEPO,213137-26,215/60R17 100H XL MULTIWAYS 2 C-C-70dB,LASTIK TUKETICI,LASSA,4 MEVSIM,PSR 4X4-UHP-RFT,PSR UHP,4.0,0.0,40000.0,7718.33,0.0,0.0
MERKEZ DEPO,213137-26,215/60R17 100H XL MULTIWAYS 2 C-C-70dB,LASTIK TUKETICI,LASSA,4 MEVSIM,PSR 4X4-UHP-RFT,PSR UHP,12.0,0.0,120000.0,7718.33,0.0,0.0
MERKEZ DEPO,213138-26,215/65R16 102H XL MULTIWAYS 2 C-C-70dB,LASTIK TUKETICI,LASSA,4 MEVSIM,PSR 4X4-UHP-RFT,PSR 4X4,1.0,0.0,10000.0,5957.5,0.0,0.0
MERKEZ DEPO,213139-26,195/55R15 89H XL MULTIWAYS 2 C-C-70dB,LASTIK TUKETICI,LASSA,4 MEVSIM,PSR STANDART,PSR 15,8.0,0.0,80000.0,6342.5,0.0,0.0
MERKEZ DEPO,213141-26,225/40R18 92W XL MULTIWAYS 2 C-C-70dB,LASTIK TUKETICI,LASSA,4 MEVSIM,PSR 4X4-UHP-RFT,PSR UHP,28.0,0.0,280000.0,6314.17,0.0,0.0
MERKEZ DEPO,213142-26,225/45R17 94W XL MULTIWAYS 2 C-C-70dB,LASTIK TUKETICI,LASSA,4 MEVSIM,PSR 4X4-UHP-RFT,PSR UHP,34.0,0.0,340000.0,5545.83,0.0,0.0
MERKEZ DEPO,213144-26,225/55R17 101W XL MULTIWAYS 2 C-C-70dB,LASTIK TUKETICI,LASSA,4 MEVSIM,PSR 4X4-UHP-RFT,PSR UHP,8.0,0.0,80000.0,8395.83,0.0,0.0
MERKEZ DEPO,213145-26,225/55R18 98V MULTIWAYS 2 C-C-70dB,LASTIK TUKETICI,LASSA,4 MEVSIM,PSR 4X4-UHP-RFT,PSR UHP,2.0,0.0,20000.0,8610.0,0.0,0.0
COMPETUS DEPO,213145-26,225/55R18 98V MULTIWAYS 2 C-C-70dB,LASTIK TUKETICI,LASSA,4 MEVSIM,PSR 4X4-UHP-RFT,PSR UHP,2.0,0.0,20000.0,8610.0,0.0,0.0
COMPETUS DEPO,213146-26,175/65R15 88H XL MULTIWAYS 2 C-C-70dB,LASTIK TUKETICI,LASSA,4 MEVSIM,PSR STANDART,PSR 15,10.0,0.0,100000.0,4780.83,0.0,0.0
MERKEZ DEPO,213146-26,175/65R15 88H XL MULTIWAYS 2 C-C-70dB,LASTIK TUKETICI,LASSA,4 MEVSIM,PSR STANDART,PSR 15,2.0,0.0,20000.0,4780.83,0.0,0.0
COMPETUS DEPO,213147-26,205/55R16 91V MULTIWAYS 2 C-C-70dB,LASTIK TUKETICI,LASSA,4 MEVSIM,PSR STANDART,PSR 16,45.0,0.0,450000.0,4976.67,0.0,0.0
MERKEZ DEPO,213147-26,205/55R16 91V MULTIWAYS 2 C-C-70dB,LASTIK TUKETICI,LASSA,4 MEVSIM,PSR STANDART,PSR 16,31.0,0.0,310000.0,4976.67,0.0,0.0
MERKEZ DEPO,213148-26,195/50R15 86V XL MULTIWAYS 2 D-C-70dB,LASTIK TUKETICI,LASSA,4 MEVSIM,PSR STANDART,PSR 15,16.0,0.0,160000.0,4440.83,0.0,0.0
COMPETUS DEPO,213148-26,195/50R15 86V XL MULTIWAYS 2 D-C-70dB,LASTIK TUKETICI,LASSA,4 MEVSIM,PSR STANDART,PSR 15,4.0,0.0,40000.0,4440.83,0.0,0.0
MERKEZ DEPO,213152-26,205/50R17 93V XL MULTIWAYS 2 C-C-70dB,LASTIK TUKETICI,LASSA,4 MEVSIM,PSR 4X4-UHP-RFT,PSR UHP,10.0,0.0,100000.0,7693.33,0.0,0.0
COMPETUS DEPO,213153-26,205/55R17 95V XL MULTIWAYS 2 C-C-70dB,LASTIK TUKETICI,LASSA,4 MEVSIM,PSR 4X4-UHP-RFT,PSR UHP,8.0,0.0,80000.0,7590.83,0.0,0.0
MERKEZ DEPO,213153-26,205/55R17 95V XL MULTIWAYS 2 C-C-70dB,LASTIK TUKETICI,LASSA,4 MEVSIM,PSR 4X4-UHP-RFT,PSR UHP,12.0,0.0,120000.0,7590.83,0.0,0.0
MERKEZ DEPO,213167-26,225/50R17 98W XL MULTIWAYS 2 C-C-70dB,LASTIK TUKETICI,LASSA,4 MEVSIM,PSR 4X4-UHP-RFT,PSR UHP,8.0,0.0,80000.0,7836.67,0.0,0.0
MERKEZ DEPO,213603-26,225/65R17 106H XL MULTIWAYS 4X4 D-D-71dB,LASTIK TUKETICI,LASSA,4 MEVSIM,PSR 4X4-UHP-RFT,PSR 4X4,4.0,0.0,40000.0,8513.33,0.0,0.0
MERKEZ DEPO,214419-25,275/40R20 106H XL COMPETUS WINTER 2+ C-B-73dB,LASTIK TUKETICI,LASSA,KIS,PSR 4X4-UHP-RFT,PSR 4X4,4.0,0.0,40000.0,10686.67,0.0,0.0
MERKEZ DEPO,214454-25,255/55R18 109H XL COMPETUS WINTER 2 +,LASTIK TUKETICI,LASSA,KIS,PSR 4X4-UHP-RFT,PSR 4X4,4.0,0.0,40000.0,7655.0,0.0,0.0
MERKEZ DEPO,214457-25,255/55R19 111V XL COMPETUS WINTER 2 +,LASTIK TUKETICI,LASSA,KIS,PSR 4X4-UHP-RFT,PSR 4X4,2.0,0.0,20000.0,8461.67,0.0,0.0
MERKEZ DEPO,214459-25,265/65R17 116H XL COMPETUS WINTER 2 + M+S / SFM D-B-72db,LASTIK TUKETICI,LASSA,KIS,PSR 4X4-UHP-RFT,PSR 4X4,8.0,0.0,80000.0,8796.67,0.0,0.0
COMPETUS DEPO,214464,215/65R16 98V COMPETUS WINTER 2+ D-B-71db-2024,LASTIK TUKETICI,LASSA,KIS,PSR 4X4-UHP-RFT,PSR 4X4,63.0,0.0,630000.0,4858.33,0.0,0.0
MERKEZ DEPO,214464,215/65R16 98V COMPETUS WINTER 2+ D-B-71db-2024,LASTIK TUKETICI,LASSA,KIS,PSR 4X4-UHP-RFT,PSR 4X4,63.0,0.0,630000.0,4858.33,0.0,0.0
MERKEZ DEPO,214464-25,215/65R16 98V COMPETUS WINTER 2 + D-B-71db,LASTIK TUKETICI,LASSA,KIS,PSR 4X4-UHP-RFT,PSR 4X4,2.0,0.0,20000.0,4858.33,0.0,0.0
IZMIT SUBE DEPO,214464-25,215/65R16 98V COMPETUS WINTER 2 + D-B-71db,LASTIK TUKETICI,LASSA,KIS,PSR 4X4-UHP-RFT,PSR 4X4,4.0,0.0,40000.0,4858.33,0.0,0.0
COMPETUS DEPO,214464-25,215/65R16 98V COMPETUS WINTER 2 + D-B-71db,LASTIK TUKETICI,LASSA,KIS,PSR 4X4-UHP-RFT,PSR 4X4,8.0,0.0,80000.0,4858.33,0.0,0.0
MERKEZ DEPO,214473-25,225/60R18 100H COMPETUS WINTER 2 + M+S / SFM D-B-71db,LASTIK TUKETICI,LASSA,KIS,PSR 4X4-UHP-RFT,PSR 4X4,33.0,0.0,330000.0,8003.33,0.0,0.0
MERKEZ DEPO,214479,235/60R16 104H XL COMPETUS WINTER 2+ C-B-71db-2023,LASTIK TUKETICI,LASSA,KIS,PSR 4X4-UHP-RFT,PSR 4X4,4.0,0.0,40000.0,5803.33,0.0,0.0
MERKEZ DEPO,214486-25,245/65R17 111H XL COMPETUS WINTER 2 + C-B-70dB,LASTIK TUKETICI,LASSA,KIS,PSR 4X4-UHP-RFT,PSR 4X4,4.0,0.0,40000.0,8215.0,0.0,0.0
COMPETUS DEPO,214487,245/70R16 107H COMPETUS WINTER 2 + E-B-70dB-2024,LASTIK TUKETICI,LASSA,KIS,PSR 4X4-UHP-RFT,PSR 4X4,1.0,0.0,10000.0,5500.0,0.0,0.0
MERKEZ DEPO,214492-26,175/65R14 86T XL GREENWAYS D-C-69dB,LASTIK TUKETICI,LASSA,YAZ,PSR STANDART,PSR 13-14,4.0,0.0,40000.0,3618.33,0.0,0.0
COMPETUS DEPO,214493-26,175/65R14 82H GREENWAYS D-C-69dB,LASTIK TUKETICI,LASSA,YAZ,PSR STANDART,PSR 13-14,13.0,0.0,130000.0,3529.17,0.0,0.0
MERKEZ DEPO,214493-26,175/65R14 82H GREENWAYS D-C-69dB,LASTIK TUKETICI,LASSA,YAZ,PSR STANDART,PSR 13-14,9.0,0.0,90000.0,3529.17,0.0,0.0
IZMIT SUBE DEPO,214493-26,175/65R14 82H GREENWAYS D-C-69dB,LASTIK TUKETICI,LASSA,YAZ,PSR STANDART,PSR 13-14,4.0,0.0,40000.0,3529.17,0.0,0.0
SANAYI SUBE DEPO,214493-26,175/65R14 82H GREENWAYS D-C-69dB,LASTIK TUKETICI,LASSA,YAZ,PSR STANDART,PSR 13-14,8.0,0.0,80000.0,3529.17,0.0,0.0
IZMIT SUBE DEPO,214494-26,185/65R14 86H GREENWAYS D-C-69dB,LASTIK TUKETICI,LASSA,YAZ,PSR STANDART,PSR 13-14,8.0,0.0,80000.0,3779.17,0.0,0.0
MERKEZ DEPO,214494-26,185/65R14 86H GREENWAYS D-C-69dB,LASTIK TUKETICI,LASSA,YAZ,PSR STANDART,PSR 13-14,138.0,0.0,1380000.0,3779.17,0.0,0.0
COMPETUS DEPO,214516-26,185/55R16 87V XL GREENWAYS B-B-69dB,LASTIK TUKETICI,LASSA,YAZ,PSR STANDART,PSR 16,8.0,0.0,80000.0,6654.17,0.0,0.0
MERKEZ DEPO,214520-26,185/60R14 82H GREENWAYS C-B-70dB,LASTIK TUKETICI,LASSA,YAZ,PSR STANDART,PSR 13-14,48.0,0.0,480000.0,3906.67,0.0,0.0
MERKEZ DEPO,214535-26,165/80R13 83T GREENWAYS C-C-70dB,LASTIK TUKETICI,LASSA,YAZ,PSR STANDART,PSR 13-14,5.0,0.0,50000.0,3239.17,0.0,0.0
IZMIT SUBE DEPO,214535-26,165/80R13 83T GREENWAYS C-C-70dB,LASTIK TUKETICI,LASSA,YAZ,PSR STANDART,PSR 13-14,4.0,0.0,40000.0,3239.17,0.0,0.0
COMPETUS DEPO,214539-26,155/70R13 75T GREENWAYS C-C-69dB,LASTIK TUKETICI,LASSA,YAZ,PSR STANDART,PSR 13-14,7.0,0.0,70000.0,3415.0,0.0,0.0
MERKEZ DEPO,214539-26,155/70R13 75T GREENWAYS C-C-69dB,LASTIK TUKETICI,LASSA,YAZ,PSR STANDART,PSR 13-14,1.0,0.0,10000.0,3415.0,0.0,0.0
COMPETUS DEPO,214547-26,185/55R14 80H GREENWAYS C-B-70dB,LASTIK TUKETICI,LASSA,YAZ,PSR STANDART,PSR 13-14,29.0,0.0,290000.0,3198.33,0.0,0.0
MERKEZ DEPO,214547-26,185/55R14 80H GREENWAYS C-B-70dB,LASTIK TUKETICI,LASSA,YAZ,PSR STANDART,PSR 13-14,22.0,0.0,220000.0,3198.33,0.0,0.0
COMPETUS DEPO,214561-26,175/70R14 88T XL GREENWAYS C-B-71dB,LASTIK TUKETICI,LASSA,YAZ,PSR STANDART,PSR 13-14,1.0,0.0,10000.0,4119.17,0.0,0.0
MERKEZ DEPO,214561-26,175/70R14 88T XL GREENWAYS C-B-71dB,LASTIK TUKETICI,LASSA,YAZ,PSR STANDART,PSR 13-14,9.0,0.0,90000.0,4119.17,0.0,0.0
MERKEZ DEPO,214565-26,175/65R15 84H GREENWAYS C-B-70dB,LASTIK TUKETICI,LASSA,YAZ,PSR STANDART,PSR 15,16.0,0.0,160000.0,4602.5,0.0,0.0
MERKEZ DEPO,214604-26,175/80R14 88T GREENWAYS C-C-69dB,LASTIK TUKETICI,LASSA,YAZ,PSR STANDART,PSR 13-14,8.0,0.0,80000.0,4771.67,0.0,0.0
COMPETUS DEPO,214606-26,175/70R14 84T GREENWAYS C-B-70dB,LASTIK TUKETICI,LASSA,YAZ,PSR STANDART,PSR 13-14,4.0,0.0,40000.0,4016.67,0.0,0.0
MERKEZ DEPO,214606-26,175/70R14 84T GREENWAYS C-B-70dB,LASTIK TUKETICI,LASSA,YAZ,PSR STANDART,PSR 13-14,34.0,0.0,340000.0,4016.67,0.0,0.0
MERKEZ DEPO,214607-26,175/70R13 82T GREENWAYS C-C-69dB,LASTIK TUKETICI,LASSA,YAZ,PSR STANDART,PSR 13-14,82.0,0.0,820000.0,3271.67,0.0,0.0
MERKEZ DEPO,214608-26,185/70R14 88H GREENWAYS C-B-70dB,LASTIK TUKETICI,LASSA,YAZ,PSR STANDART,PSR 13-14,16.0,0.0,160000.0,4454.17,0.0,0.0
SANAYI SUBE DEPO,214609,165/70R13 79T GREENWAYS C-C-70db-2024,LASTIK TUKETICI,LASSA,YAZ,PSR STANDART,PSR 13-14,2.0,0.0,20000.0,2963.33,0.0,0.0
MERKEZ DEPO,214609-26,165/70R13 79T GREENWAYS C-C-70dB,LASTIK TUKETICI,LASSA,YAZ,PSR STANDART,PSR 13-14,16.0,0.0,160000.0,3587.5,0.0,0.0
COMPETUS DEPO,214609-26,165/70R13 79T GREENWAYS C-C-70dB,LASTIK TUKETICI,LASSA,YAZ,PSR STANDART,PSR 13-14,4.0,0.0,40000.0,3587.5,0.0,0.0
MERKEZ DEPO,214905,225/55R16 99V XL SNOWAYS 4 E-E-70dB,LASTIK TUKETICI,LASSA,KIS,PSR STANDART,PSR 16,3.0,0.0,30000.0,6745.0,0.0,0.0
MERKEZ DEPO,214905-25,225/55R16 99V XL SNOWAYS 4 E-E-70dB,LASTIK TUKETICI,LASSA,KIS,PSR STANDART,PSR 16,1.0,0.0,10000.0,6745.0,0.0,0.0
COMPETUS DEPO,214905-25,225/55R16 99V XL SNOWAYS 4 E-E-70dB,LASTIK TUKETICI,LASSA,KIS,PSR STANDART,PSR 16,2.0,0.0,20000.0,6745.0,0.0,0.0
MERKEZ DEPO,214909,185/60R15 88T XL SNOWAYS 4-2023,LASTIK TUKETICI,LASSA,KIS,PSR STANDART,PSR 15,2.0,0.0,20000.0,3775.0,0.0,0.0
IZMIT SUBE DEPO,214909-25,185/60R15 88T XL SNOWAYS 4,LASTIK TUKETICI,LASSA,KIS,PSR STANDART,PSR 15,4.0,0.0,40000.0,3775.0,0.0,0.0
COMPETUS DEPO,214909-25,185/60R15 88T XL SNOWAYS 4,LASTIK TUKETICI,LASSA,KIS,PSR STANDART,PSR 15,4.0,0.0,40000.0,3775.0,0.0,0.0
MERKEZ DEPO,214909-25,185/60R15 88T XL SNOWAYS 4,LASTIK TUKETICI,LASSA,KIS,PSR STANDART,PSR 15,64.0,0.0,640000.0,3775.0,0.0,0.0
COMPETUS DEPO,214913-25,195/60R15 88H SNOWAYS 4 E-B-69dB,LASTIK TUKETICI,LASSA,KIS,PSR STANDART,PSR 15,12.0,0.0,120000.0,4016.67,0.0,0.0
IZMIT SUBE DEPO,214913-25,195/60R15 88H SNOWAYS 4 E-B-69dB,LASTIK TUKETICI,LASSA,KIS,PSR STANDART,PSR 15,6.0,0.0,60000.0,4016.67,0.0,0.0
MERKEZ DEPO,214913-25,195/60R15 88H SNOWAYS 4 E-B-69dB,LASTIK TUKETICI,LASSA,KIS,PSR STANDART,PSR 15,93.0,0.0,930000.0,4016.67,0.0,0.0
COMPETUS DEPO,214918-25,205/65R15 94H SNOWAYS 4 E-C-69dB,LASTIK TUKETICI,LASSA,KIS,PSR STANDART,PSR 15,4.0,0.0,40000.0,5756.67,0.0,0.0
MERKEZ DEPO,214918-25,205/65R15 94H SNOWAYS 4 E-C-69dB,LASTIK TUKETICI,LASSA,KIS,PSR STANDART,PSR 15,4.0,0.0,40000.0,5756.67,0.0,0.0
COMPETUS DEPO,214932,215/55R17 98V XL SNOWAYS 4 D-C-69dB-2024,LASTIK TUKETICI,LASSA,KIS,PSR 4X4-UHP-RFT,PSR UHP,3.0,0.0,30000.0,6426.67,0.0,0.0
IZMIT SUBE DEPO,214933-25,245/45R17 99V XL SNOWAYS 4 E-E-70dB,LASTIK TUKETICI,LASSA,KIS,PSR 4X4-UHP-RFT,PSR UHP,4.0,0.0,40000.0,6705.0,0.0,0.0
COMPETUS DEPO,214933-25,245/45R17 99V XL SNOWAYS 4 E-E-70dB,LASTIK TUKETICI,LASSA,KIS,PSR 4X4-UHP-RFT,PSR UHP,4.0,0.0,40000.0,6705.0,0.0,0.0
IZMIT SUBE DEPO,214935-25,215/60R16 99H XL SNOWAYS 4 E-C-69dB,LASTIK TUKETICI,LASSA,KIS,PSR STANDART,PSR 16,4.0,0.0,40000.0,6243.33,0.0,0.0
MERKEZ DEPO,214940-25,255/45R18 103V XL SNOWAYS 4 M+S / SFM D-C-70db,LASTIK TUKETICI,LASSA,KIS,PSR 4X4-UHP-RFT,PSR UHP,4.0,0.0,40000.0,9070.0,0.0,0.0
MERKEZ DEPO,214943-25,225/45R18 95V XL SNOWAYS 4 M+S / SFM D-C-70db,LASTIK TUKETICI,LASSA,KIS,PSR 4X4-UHP-RFT,PSR UHP,11.0,0.0,110000.0,7965.0,0.0,0.0
MERKEZ DEPO,214950-25,255/35R20 97W XL SNOWAYS 4 F-C-70dB,LASTIK TUKETICI,LASSA,KIS,PSR 4X4-UHP-RFT,PSR UHP,4.0,0.0,40000.0,9856.67,0.0,0.0
MERKEZ DEPO,214951-25,255/40R20 101W XL SNOWAYS 4 E-C-70dB,LASTIK TUKETICI,LASSA,KIS,PSR 4X4-UHP-RFT,PSR UHP,4.0,0.0,40000.0,15051.67,0.0,0.0
MERKEZ DEPO,214952-25,295/35R20 105W XL SNOWAYS 4 F-C-73dB,LASTIK TUKETICI,LASSA,KIS,PSR 4X4-UHP-RFT,PSR UHP,4.0,0.0,40000.0,15278.33,0.0,0.0
MERKEZ DEPO,214953-25,275/35R19 100V XL SNOWAYS 4 E-E-70dB,LASTIK TUKETICI,LASSA,KIS,PSR 4X4-UHP-RFT,PSR UHP,2.0,0.0,20000.0,14203.33,0.0,0.0
MERKEZ DEPO,214981,245/40R18 97V XL  SNOWAYS 4 M+S / SFM D-C-70db-2023,LASTIK TUKETICI,LASSA,KIS,PSR 4X4-UHP-RFT,PSR UHP,6.0,0.0,60000.0,7546.67,0.0,0.0
MERKEZ DEPO,214981-25,245/40R18 97V XL  SNOWAYS 4 M+S / SFM D-C-70db,LASTIK TUKETICI,LASSA,KIS,PSR 4X4-UHP-RFT,PSR UHP,14.0,0.0,140000.0,7546.67,0.0,0.0
COMPETUS DEPO,214982-25,245/40R19 98V XL SNOWAYS 4 E-E-70dB,LASTIK TUKETICI,LASSA,KIS,PSR 4X4-UHP-RFT,PSR UHP,4.0,0.0,40000.0,9840.0,0.0,0.0
MERKEZ DEPO,214983,245/45R18 100V XL SNOWAYS 4 E-E-70dB-2023,LASTIK TUKETICI,LASSA,KIS,PSR 4X4-UHP-RFT,PSR UHP,1.0,0.0,10000.0,7873.33,0.0,0.0
IZMIT SUBE DEPO,214983-25,245/45R18 100V XL SNOWAYS 4 E-E-70dB,LASTIK TUKETICI,LASSA,KIS,PSR 4X4-UHP-RFT,PSR UHP,4.0,0.0,40000.0,7873.33,0.0,0.0
COMPETUS DEPO,214983-25,245/45R18 100V XL SNOWAYS 4 E-E-70dB,LASTIK TUKETICI,LASSA,KIS,PSR 4X4-UHP-RFT,PSR UHP,8.0,0.0,80000.0,7873.33,0.0,0.0
MERKEZ DEPO,214983-25,245/45R18 100V XL SNOWAYS 4 E-E-70dB,LASTIK TUKETICI,LASSA,KIS,PSR 4X4-UHP-RFT,PSR UHP,25.0,0.0,250000.0,7873.33,0.0,0.0
MERKEZ DEPO,214985-25,255/40R19 100V XL SNOWAYS 4 E-E-70dB,LASTIK TUKETICI,LASSA,KIS,PSR 4X4-UHP-RFT,PSR UHP,4.0,0.0,40000.0,10436.67,0.0,0.0
COMPETUS DEPO,214990,195/55R16 87H SNOWAYS 4 E-B-69dB-2024,LASTIK TUKETICI,LASSA,KIS,PSR STANDART,PSR 16,4.0,0.0,40000.0,4790.0,0.0,0.0
MERKEZ DEPO,214990,195/55R16 87H SNOWAYS 4 E-B-69dB-2024,LASTIK TUKETICI,LASSA,KIS,PSR STANDART,PSR 16,25.0,0.0,250000.0,4790.0,0.0,0.0
IZMIT SUBE DEPO,214990,195/55R16 87H SNOWAYS 4 E-B-69dB-2024,LASTIK TUKETICI,LASSA,KIS,PSR STANDART,PSR 16,4.0,0.0,40000.0,4790.0,0.0,0.0
MERKEZ DEPO,214991,195/65R15 91H SNOWAYS 4 E-B-69dB-2024,LASTIK TUKETICI,LASSA,KIS,PSR STANDART,PSR 15,125.0,0.0,1250000.0,3353.33,0.0,0.0
COMPETUS DEPO,214991,195/65R15 91H SNOWAYS 4 E-B-69dB-2024,LASTIK TUKETICI,LASSA,KIS,PSR STANDART,PSR 15,7.0,0.0,70000.0,3353.33,0.0,0.0
IZMIT SUBE DEPO,214991-25,195/65R15 91H SNOWAYS 4 D-B-69dB,LASTIK TUKETICI,LASSA,KIS,PSR STANDART,PSR 15,3.0,0.0,30000.0,3353.33,0.0,0.0
IZMIT SUBE DEPO,214992,205/55R16 91H SNOWAYS 4 F-E-72dB-2024,LASTIK TUKETICI,LASSA,KIS,PSR STANDART,PSR 16,8.0,0.0,80000.0,4096.67,0.0,0.0
MERKEZ DEPO,214992,205/55R16 91H SNOWAYS 4 F-E-72dB-2024,LASTIK TUKETICI,LASSA,KIS,PSR STANDART,PSR 16,89.0,0.0,890000.0,4096.67,0.0,0.0
COMPETUS DEPO,214992,205/55R16 91H SNOWAYS 4 F-E-72dB-2024,LASTIK TUKETICI,LASSA,KIS,PSR STANDART,PSR 16,16.0,0.0,160000.0,4096.67,0.0,0.0
MERKEZ DEPO,214992-25,205/55R16 91H SNOWAYS 4 F-E-72dB,LASTIK TUKETICI,LASSA,KIS,PSR STANDART,PSR 16,2.0,0.0,20000.0,4096.67,0.0,0.0
IZMIT SUBE DEPO,214993-25,215/50R17 95V XL SNOWAYS 4 D-B-69dB,LASTIK TUKETICI,LASSA,KIS,PSR 4X4-UHP-RFT,PSR UHP,1.0,0.0,10000.0,6291.67,0.0,0.0
MERKEZ DEPO,214993-25,215/50R17 95V XL SNOWAYS 4 D-B-69dB,LASTIK TUKETICI,LASSA,KIS,PSR 4X4-UHP-RFT,PSR UHP,15.0,0.0,150000.0,6291.67,0.0,0.0
COMPETUS DEPO,214994-25,215/55R16 97H XL SNOWAYS 4 E-B-69dB,LASTIK TUKETICI,LASSA,KIS,PSR STANDART,PSR 16,4.0,0.0,40000.0,5733.33,0.0,0.0
MERKEZ DEPO,214994-25,215/55R16 97H XL SNOWAYS 4 E-B-69dB,LASTIK TUKETICI,LASSA,KIS,PSR STANDART,PSR 16,32.0,0.0,320000.0,5733.33,0.0,0.0
IZMIT SUBE DEPO,214994-25,215/55R16 97H XL SNOWAYS 4 E-B-69dB,LASTIK TUKETICI,LASSA,KIS,PSR STANDART,PSR 16,4.0,0.0,40000.0,5733.33,0.0,0.0
COMPETUS DEPO,214996-25,225/45R17 94V XL SNOWAYS 4 E-B-69dB,LASTIK TUKETICI,LASSA,KIS,PSR 4X4-UHP-RFT,PSR UHP,12.0,0.0,120000.0,4468.33,0.0,0.0
MERKEZ DEPO,214996-25,225/45R17 94V XL SNOWAYS 4 E-B-69dB,LASTIK TUKETICI,LASSA,KIS,PSR 4X4-UHP-RFT,PSR UHP,23.0,0.0,230000.0,4468.33,0.0,0.0
IZMIT SUBE DEPO,214996-25,225/45R17 94V XL SNOWAYS 4 E-B-69dB,LASTIK TUKETICI,LASSA,KIS,PSR 4X4-UHP-RFT,PSR UHP,4.0,0.0,40000.0,4468.33,0.0,0.0
COMPETUS DEPO,214997-25,225/55R17 101V XL SNOWAYS 4 D-B-69dB,LASTIK TUKETICI,LASSA,KIS,PSR 4X4-UHP-RFT,PSR UHP,4.0,0.0,40000.0,6898.33,0.0,0.0
MERKEZ DEPO,214998-25,235/35R19 91V XL SNOWAYS 4 E-E-70dB,LASTIK TUKETICI,LASSA,KIS,PSR 4X4-UHP-RFT,PSR UHP,4.0,0.0,40000.0,10206.67,0.0,0.0
MERKEZ DEPO,214999-25,235/40R18 95V XL SNOWAYS 4 D-C-70dB,LASTIK TUKETICI,LASSA,KIS,PSR 4X4-UHP-RFT,PSR UHP,8.0,0.0,80000.0,7476.67,0.0,0.0
MERKEZ DEPO,216178-26,265/70R16 112H COMPETUS H/L D-C-72dB,LASTIK TUKETICI,LASSA,YAZ,PSR 4X4-UHP-RFT,PSR 4X4,8.0,0.0,80000.0,8260.0,0.0,0.0
MERKEZ DEPO,216180-26,215/70R16 100H COMPETUS H/L D-C-71dB,LASTIK TUKETICI,LASSA,YAZ,PSR 4X4-UHP-RFT,PSR 4X4,2.0,0.0,20000.0,6344.17,0.0,0.0
IZMIT SUBE DEPO,216553,205/80R16 104T XL COMPETUS A/T2 E-C-72dB-2021,LASTIK TUKETICI,LASSA,YAZ,PSR 4X4-UHP-RFT,PSR 4X4,1.0,0.0,10000.0,,0.0,0.0
MERKEZ DEPO,216588-26,265/65R17 112T COMPETUS A/T 3 M+S/SFM C-C-73db,LASTIK TUKETICI,LASSA,YAZ,PSR 4X4-UHP-RFT,PSR 4X4,12.0,0.0,120000.0,9112.5,0.0,0.0
MERKEZ DEPO,216604-26,225/65R17 102V  COMPETUS H/P 2 C-B-71dB,LASTIK TUKETICI,LASSA,YAZ,PSR 4X4-UHP-RFT,PSR 4X4,16.0,0.0,160000.0,7790.83,0.0,0.0
COMPETUS DEPO,216675,235/55R19 105Y XL COMPETUS H/P2 B-B-72dB-2019,LASTIK TUKETICI,LASSA,YAZ,PSR 4X4-UHP-RFT,PSR 4X4,1.0,0.0,10000.0,,0.0,0.0
IZMIT SUBE DEPO,216702-26,225/60R18 100H COMPETUS H/P 2 B-A-68db,LASTIK TUKETICI,LASSA,YAZ,PSR 4X4-UHP-RFT,PSR 4X4,4.0,0.0,40000.0,8287.5,0.0,0.0
MERKEZ DEPO,216702-26,225/60R18 100H COMPETUS H/P 2 B-A-68db,LASTIK TUKETICI,LASSA,YAZ,PSR 4X4-UHP-RFT,PSR 4X4,32.0,0.0,320000.0,8287.5,0.0,0.0
IZMIT SUBE DEPO,216703,235/50R19 99H  COMPETUS H/P 2 B-A-69db-2023,LASTIK TUKETICI,LASSA,YAZ,PSR 4X4-UHP-RFT,PSR 4X4,1.0,0.0,10000.0,7640.0,0.0,0.0
MERKEZ DEPO,216703-26,235/50R19 99H COMPETUS H/P 2 B-A-69dB,LASTIK TUKETICI,LASSA,YAZ,PSR 4X4-UHP-RFT,PSR 4X4,176.0,0.0,1760000.0,9367.5,0.0,0.0
IZMIT SUBE DEPO,216703-26,235/50R19 99H COMPETUS H/P 2 B-A-69dB,LASTIK TUKETICI,LASSA,YAZ,PSR 4X4-UHP-RFT,PSR 4X4,6.0,0.0,60000.0,9367.5,0.0,0.0
MERKEZ DEPO,216717-26,245/65R17 111T XL COMPETUS A/T 3 C-C-71dB,LASTIK TUKETICI,LASSA,YAZ,PSR 4X4-UHP-RFT,PSR 4X4,10.0,0.0,100000.0,8272.5,0.0,0.0
MERKEZ DEPO,216719-26,255/60R18 112T XL COMPETUS A/T 3 C-C-73dB,LASTIK TUKETICI,LASSA,YAZ,PSR 4X4-UHP-RFT,PSR 4X4,4.0,0.0,40000.0,8574.17,0.0,0.0
MERKEZ DEPO,216721-26,255/65R17 110T COMPETUS A/T 3 C-C-73dB,LASTIK TUKETICI,LASSA,YAZ,PSR 4X4-UHP-RFT,PSR 4X4,8.0,0.0,80000.0,8259.17,0.0,0.0
COMPETUS DEPO,216724-26,265/60R18 110T COMPETUS A/T 3 C-C-73dB,LASTIK TUKETICI,LASSA,YAZ,PSR 4X4-UHP-RFT,PSR 4X4,16.0,4.0,120000.0,9611.67,0.0,0.0
MERKEZ DEPO,216740-26,255/60R17 106V COMPETUS H/P D-B-71dB,LASTIK TUKETICI,LASSA,YAZ,PSR 4X4-UHP-RFT,PSR 4X4,4.0,0.0,40000.0,8410.83,0.0,0.0
COMPETUS DEPO,216850,255/55R18 109W XL COMPETUS H/P E-B-73dB-2019,LASTIK TUKETICI,LASSA,YAZ,PSR 4X4-UHP-RFT,PSR 4X4,1.0,0.0,10000.0,,0.0,0.0
COMPETUS DEPO,216960,215/70R16 100H COMPETUS WINTER2 E-C-72dB-2015,LASTIK TUKETICI,LASSA,KIS,PSR 4X4-UHP-RFT,PSR 4X4,1.0,0.0,10000.0,,0.0,0.0
COMPETUS DEPO,216996,275/40R20 106H XL COMPETUS WINTER2 E-B-73dB-2016,LASTIK TUKETICI,LASSA,KIS,PSR 4X4-UHP-RFT,PSR 4X4,1.0,0.0,10000.0,,0.0,0.0
IZMIT SUBE DEPO,217001-26,215/65R16 102V XL COMPETUS H/P 3 B-A-71dB,LASTIK TUKETICI,LASSA,YAZ,PSR 4X4-UHP-RFT,PSR 4X4,4.0,0.0,40000.0,5682.5,0.0,0.0
MERKEZ DEPO,217001-26,215/65R16 102V XL COMPETUS H/P 3 B-A-71dB,LASTIK TUKETICI,LASSA,YAZ,PSR 4X4-UHP-RFT,PSR 4X4,23.0,0.0,230000.0,5682.5,0.0,0.0
COMPETUS DEPO,217003-26,225/55R19 99V COMPETUS H/P 3 B-A-71dB,LASTIK TUKETICI,LASSA,YAZ,PSR 4X4-UHP-RFT,PSR 4X4,25.0,0.0,250000.0,8085.83,0.0,0.0
MERKEZ DEPO,217003-26,225/55R19 99V COMPETUS H/P 3 B-A-71dB,LASTIK TUKETICI,LASSA,YAZ,PSR 4X4-UHP-RFT,PSR 4X4,35.0,0.0,350000.0,8085.83,0.0,0.0
MERKEZ DEPO,217004-26,245/45R19 102W XL COMPETUS H/P 3 B-A-71dB,LASTIK TUKETICI,LASSA,YAZ,PSR 4X4-UHP-RFT,PSR 4X4,8.0,0.0,80000.0,11679.17,0.0,0.0
COMPETUS DEPO,217004-26,245/45R19 102W XL COMPETUS H/P 3 B-A-71dB,LASTIK TUKETICI,LASSA,YAZ,PSR 4X4-UHP-RFT,PSR 4X4,32.0,0.0,320000.0,11679.17,0.0,0.0
MERKEZ DEPO,217005-26,235/50R18 97V COMPETUS H/P 3 B-A-71dB,LASTIK TUKETICI,LASSA,YAZ,PSR 4X4-UHP-RFT,PSR 4X4,12.0,0.0,120000.0,8857.5,0.0,0.0
MERKEZ DEPO,217007-26,235/55R17 103V XL COMPETUS H/P 3 B-A-71dB,LASTIK TUKETICI,LASSA,YAZ,PSR 4X4-UHP-RFT,PSR 4X4,6.0,0.0,60000.0,8080.83,0.0,0.0
MERKEZ DEPO,217008-26,215/65R17 99V COMPETUS H/P 3 B-A-71dB,LASTIK TUKETICI,LASSA,YAZ,PSR 4X4-UHP-RFT,PSR 4X4,12.0,0.0,120000.0,7256.67,0.0,0.0
SANAYI SUBE DEPO,217009-26,215/55R18 99V XL COMPETUS H/P3 B-A-71dB,LASTIK TUKETICI,LASSA,YAZ,PSR 4X4-UHP-RFT,PSR 4X4,4.0,0.0,40000.0,8625.0,0.0,0.0
IZMIT SUBE DEPO,217009-26,215/55R18 99V XL COMPETUS H/P3 B-A-71dB,LASTIK TUKETICI,LASSA,YAZ,PSR 4X4-UHP-RFT,PSR 4X4,4.0,0.0,40000.0,8625.0,0.0,0.0
MERKEZ DEPO,217009-26,215/55R18 99V XL COMPETUS H/P3 B-A-71dB,LASTIK TUKETICI,LASSA,YAZ,PSR 4X4-UHP-RFT,PSR 4X4,10.0,0.0,100000.0,8625.0,0.0,0.0
MERKEZ DEPO,217010-26,225/50R18 99Y XL COMPETUS H/P 3 B-A-71dB,LASTIK TUKETICI,LASSA,YAZ,PSR 4X4-UHP-RFT,PSR 4X4,16.0,0.0,160000.0,10493.33,0.0,0.0
MERKEZ DEPO,217011-26,225/60R17 99V COMPETUS H/P 3 C-A-71dB,LASTIK TUKETICI,LASSA,YAZ,PSR 4X4-UHP-RFT,PSR 4X4,60.0,0.0,600000.0,8842.5,0.0,0.0
COMPETUS DEPO,217012-26,235/55R18 100V COMPETUS H/P 3 C-A-71dB,LASTIK TUKETICI,LASSA,YAZ,PSR 4X4-UHP-RFT,PSR 4X4,16.0,0.0,160000.0,7898.33,0.0,0.0
MERKEZ DEPO,217012-26,235/55R18 100V COMPETUS H/P 3 C-A-71dB,LASTIK TUKETICI,LASSA,YAZ,PSR 4X4-UHP-RFT,PSR 4X4,20.0,0.0,200000.0,7898.33,0.0,0.0
MERKEZ DEPO,217013-26,235/55R19 105Y XL COMPETUS H/P 3 B-A-71dB,LASTIK TUKETICI,LASSA,YAZ,PSR 4X4-UHP-RFT,PSR 4X4,24.0,0.0,240000.0,9158.33,0.0,0.0
MERKEZ DEPO,217014-26,235/60R18 107W XL COMPETUS H/P 3 B-A-71dB,LASTIK TUKETICI,LASSA,YAZ,PSR 4X4-UHP-RFT,PSR 4X4,8.0,0.0,80000.0,8224.17,0.0,0.0
MERKEZ DEPO,217015-26,235/65R17 108V XL COMPETUS H/P 3 B-A-71dB,LASTIK TUKETICI,LASSA,YAZ,PSR 4X4-UHP-RFT,PSR 4X4,4.0,0.0,40000.0,7474.17,0.0,0.0
MERKEZ DEPO,217016-26,255/50R19 107Y XL COMPETUS H/P 3 B-A-71dB,LASTIK TUKETICI,LASSA,YAZ,PSR 4X4-UHP-RFT,PSR 4X4,8.0,0.0,80000.0,10850.83,0.0,0.0
MERKEZ DEPO,217017-26,255/60R18 112V XL COMPETUS H/P 3 B-A-71dB,LASTIK TUKETICI,LASSA,YAZ,PSR 4X4-UHP-RFT,PSR 4X4,16.0,0.0,160000.0,8580.0,0.0,0.0
MERKEZ DEPO,217018-26,265/60R18 110V COMPETUS H/P 3 C-A-71dB,LASTIK TUKETICI,LASSA,YAZ,PSR 4X4-UHP-RFT,PSR 4X4,10.0,0.0,100000.0,9613.33,0.0,0.0
MERKEZ DEPO,217019-26,225/55R18 98V COMPETUS H/P 3 B-A-71dB,LASTIK TUKETICI,LASSA,YAZ,PSR 4X4-UHP-RFT,PSR 4X4,44.0,0.0,440000.0,7963.33,0.0,0.0
MERKEZ DEPO,217020-26,225/45R19 96W XL COMPETUS H/P 3 B-A-71dB,LASTIK TUKETICI,LASSA,YAZ,PSR 4X4-UHP-RFT,PSR 4X4,72.0,0.0,720000.0,11455.83,0.0,0.0
MERKEZ DEPO,218004-26,205/55R16 94W XL REVOLA B-A-71dB,LASTIK TUKETICI,LASSA,YAZ,PSR STANDART,PSR 16,16.0,0.0,160000.0,4972.5,0.0,0.0
MERKEZ DEPO,218006-26,185/65R15 92T XL REVOLA B-A-70dB,LASTIK TUKETICI,LASSA,YAZ,PSR STANDART,PSR 15,54.0,0.0,540000.0,4140.83,0.0,0.0
SANAYI SUBE DEPO,218006-26,185/65R15 92T XL REVOLA B-A-70dB,LASTIK TUKETICI,LASSA,YAZ,PSR STANDART,PSR 15,8.0,0.0,80000.0,4140.83,0.0,0.0
COMPETUS DEPO,218006-26,185/65R15 92T XL REVOLA B-A-70dB,LASTIK TUKETICI,LASSA,YAZ,PSR STANDART,PSR 15,32.0,0.0,320000.0,4140.83,0.0,0.0
IZMIT SUBE DEPO,218007-26,195/60R15 88H REVOLA B-A-71dB,LASTIK TUKETICI,LASSA,YAZ,PSR STANDART,PSR 15,4.0,0.0,40000.0,4665.83,0.0,0.0
COMPETUS DEPO,218008-26,205/60R16 92V REVOLA B-A-71dB,LASTIK TUKETICI,LASSA,YAZ,PSR STANDART,PSR 16,48.0,0.0,480000.0,6191.67,0.0,0.0
IZMIT SUBE DEPO,218008-26,205/60R16 92V REVOLA B-A-71dB,LASTIK TUKETICI,LASSA,YAZ,PSR STANDART,PSR 16,8.0,0.0,80000.0,6191.67,0.0,0.0
MERKEZ DEPO,218009-26,215/60R16 99V XL REVOLA B-A-71db,LASTIK TUKETICI,LASSA,YAZ,PSR STANDART,PSR 16,40.0,0.0,400000.0,7229.17,0.0,0.0
COMPETUS DEPO,218015-26,225/40R18 92Y XL REVOLA B-A-71dB,LASTIK TUKETICI,LASSA,YAZ,PSR 4X4-UHP-RFT,PSR UHP,6.0,0.0,60000.0,5460.0,0.0,0.0
IZMIT SUBE DEPO,218015-26,225/40R18 92Y XL REVOLA B-A-71dB,LASTIK TUKETICI,LASSA,YAZ,PSR 4X4-UHP-RFT,PSR UHP,4.0,0.0,40000.0,5460.0,0.0,0.0
MERKEZ DEPO,218015-26,225/40R18 92Y XL REVOLA B-A-71dB,LASTIK TUKETICI,LASSA,YAZ,PSR 4X4-UHP-RFT,PSR UHP,4.0,0.0,40000.0,5460.0,0.0,0.0
MERKEZ DEPO,218016-25,205/60R15 91V REVOLA B-A-71dB,LASTIK TUKETICI,LASSA,YAZ,PSR STANDART,PSR 15,12.0,0.0,120000.0,6253.33,0.0,0.0
COMPETUS DEPO,218016-26,205/60R15 91V REVOLA B-A-71dB,LASTIK TUKETICI,LASSA,YAZ,PSR STANDART,PSR 15,5.0,0.0,50000.0,6253.33,0.0,0.0
MERKEZ DEPO,218016-26,205/60R15 91V REVOLA B-A-71dB,LASTIK TUKETICI,LASSA,YAZ,PSR STANDART,PSR 15,3.0,0.0,30000.0,6253.33,0.0,0.0
MERKEZ DEPO,218017-26,205/65R15 94V REVOLA B-A-71dB,LASTIK TUKETICI,LASSA,YAZ,PSR STANDART,PSR 15,11.0,0.0,110000.0,6690.83,0.0,0.0
COMPETUS DEPO,218017-26,205/65R15 94V REVOLA B-A-71dB,LASTIK TUKETICI,LASSA,YAZ,PSR STANDART,PSR 15,9.0,0.0,90000.0,6690.83,0.0,0.0
COMPETUS DEPO,218018-26,225/50R17 98Y XL REVOLA B-A-71dB,LASTIK TUKETICI,LASSA,YAZ,PSR 4X4-UHP-RFT,PSR UHP,8.0,0.0,80000.0,7273.33,0.0,0.0
MERKEZ DEPO,218018-26,225/50R17 98Y XL REVOLA B-A-71dB,LASTIK TUKETICI,LASSA,YAZ,PSR 4X4-UHP-RFT,PSR UHP,61.0,0.0,610000.0,7273.33,0.0,0.0
COMPETUS DEPO,218019-26,215/55R16 93V REVOLA B-A-71db,LASTIK TUKETICI,LASSA,YAZ,PSR STANDART,PSR 16,37.0,0.0,370000.0,6845.0,0.0,0.0
MERKEZ DEPO,218019-26,215/55R16 93V REVOLA B-A-71db,LASTIK TUKETICI,LASSA,YAZ,PSR STANDART,PSR 16,55.0,0.0,550000.0,6845.0,0.0,0.0
MERKEZ DEPO,218022-26,215/55R16 97W XL REVOLA B-A-71dB,LASTIK TUKETICI,LASSA,YAZ,PSR STANDART,PSR 16,16.0,0.0,160000.0,6960.0,0.0,0.0
COMPETUS DEPO,218024,225/55R17 101Y XL REVOLA B-A-71db,LASTIK TUKETICI,LASSA,YAZ,PSR 4X4-UHP-RFT,PSR UHP,2.0,0.0,20000.0,6450.0,0.0,0.0
IZMIT SUBE DEPO,218024-25,225/55R17 101Y XL REVOLA B-A-71db,LASTIK TUKETICI,LASSA,YAZ,PSR 4X4-UHP-RFT,PSR UHP,4.0,0.0,40000.0,6450.0,0.0,0.0
COMPETUS DEPO,218024-25,225/55R17 101Y XL REVOLA B-A-71db,LASTIK TUKETICI,LASSA,YAZ,PSR 4X4-UHP-RFT,PSR UHP,2.0,0.0,20000.0,6450.0,0.0,0.0
MERKEZ DEPO,218024-26,225/55R17 101Y XL REVOLA B-A-71dB,LASTIK TUKETICI,LASSA,YAZ,PSR 4X4-UHP-RFT,PSR UHP,114.0,0.0,1140000.0,7910.83,0.0,0.0
MERKEZ DEPO,218025-26,195/65R15 91V REVOLA B-A-71dB,LASTIK TUKETICI,LASSA,YAZ,PSR STANDART,PSR 15,7.0,0.0,70000.0,4016.67,0.0,0.0
COMPETUS DEPO,218027-26,195/65R15 95H XL REVOLA B-A-71dB,LASTIK TUKETICI,LASSA,YAZ,PSR STANDART,PSR 15,24.0,0.0,240000.0,4140.83,0.0,0.0
MERKEZ DEPO,218027-26,195/65R15 95H XL REVOLA B-A-71dB,LASTIK TUKETICI,LASSA,YAZ,PSR STANDART,PSR 15,2.0,0.0,20000.0,4140.83,0.0,0.0
IZMIT SUBE DEPO,218028-25,215/50R17 95W XL REVOLA B-A-71db,LASTIK TUKETICI,LASSA,YAZ,PSR 4X4-UHP-RFT,PSR UHP,1.0,0.0,10000.0,7375.0,0.0,0.0
IZMIT SUBE DEPO,218028-26,215/50R17 95W XL REVOLA B-A-71db,LASTIK TUKETICI,LASSA,YAZ,PSR 4X4-UHP-RFT,PSR UHP,4.0,0.0,40000.0,7375.0,0.0,0.0
COMPETUS DEPO,218028-26,215/50R17 95W XL REVOLA B-A-71db,LASTIK TUKETICI,LASSA,YAZ,PSR 4X4-UHP-RFT,PSR UHP,7.0,0.0,70000.0,7375.0,0.0,0.0
MERKEZ DEPO,218028-26,215/50R17 95W XL REVOLA B-A-71db,LASTIK TUKETICI,LASSA,YAZ,PSR 4X4-UHP-RFT,PSR UHP,35.0,0.0,350000.0,7375.0,0.0,0.0
COMPETUS DEPO,218029-26,235/45R18 98W XL REVOLA B-A-71dB,LASTIK TUKETICI,LASSA,YAZ,PSR 4X4-UHP-RFT,PSR UHP,34.0,0.0,340000.0,9351.67,0.0,0.0
COMPETUS DEPO,218031-25,245/45R17 99W XL REVOLA B-A-71db,LASTIK TUKETICI,LASSA,YAZ,PSR 4X4-UHP-RFT,PSR UHP,2.0,0.0,20000.0,6191.67,0.0,0.0
COMPETUS DEPO,218035-26,195/55R16 87V REVOLA B-A-71db,LASTIK TUKETICI,LASSA,YAZ,PSR STANDART,PSR 16,8.0,0.0,80000.0,5593.33,0.0,0.0
IZMIT SUBE DEPO,218035-26,195/55R16 87V REVOLA B-A-71db,LASTIK TUKETICI,LASSA,YAZ,PSR STANDART,PSR 16,4.0,0.0,40000.0,5593.33,0.0,0.0
SANAYI SUBE DEPO,218036,185/60R15 84H REVOLA B-A-70db,LASTIK TUKETICI,LASSA,YAZ,PSR STANDART,PSR 15,2.0,0.0,20000.0,3540.0,0.0,0.0
IZMIT SUBE DEPO,218036-26,185/60R15 84H REVOLA B-A-70dB,LASTIK TUKETICI,LASSA,YAZ,PSR STANDART,PSR 15,7.0,0.0,70000.0,4496.67,0.0,0.0
COMPETUS DEPO,218036-26,185/60R15 84H REVOLA B-A-70dB,LASTIK TUKETICI,LASSA,YAZ,PSR STANDART,PSR 15,5.0,0.0,50000.0,4496.67,0.0,0.0
MERKEZ DEPO,218037-26,235/45R17 97W XL REVOLA B-A-71dB,LASTIK TUKETICI,LASSA,YAZ,PSR 4X4-UHP-RFT,PSR UHP,13.0,0.0,130000.0,5770.83,0.0,0.0
IZMIT SUBE DEPO,218038-25,185/55R15 82V REVOLA B-A-70db,LASTIK TUKETICI,LASSA,YAZ,PSR STANDART,PSR 15,2.0,0.0,20000.0,4538.33,0.0,0.0
MERKEZ DEPO,218038-26,185/55R15 82V REVOLA B-A-70dB,LASTIK TUKETICI,LASSA,YAZ,PSR STANDART,PSR 15,12.0,0.0,120000.0,5541.67,0.0,0.0
SANAYI SUBE DEPO,218039,205/55R17 95W XL REVOLA B-A-71db-2024,LASTIK TUKETICI,LASSA,YAZ,PSR 4X4-UHP-RFT,PSR UHP,4.0,0.0,40000.0,5705.0,0.0,0.0
SANAYI SUBE DEPO,218039-26,205/55R17 95W XL REVOLA B-A-71dB,LASTIK TUKETICI,LASSA,YAZ,PSR 4X4-UHP-RFT,PSR UHP,4.0,0.0,40000.0,7000.0,0.0,0.0
MERKEZ DEPO,218039-26,205/55R17 95W XL REVOLA B-A-71dB,LASTIK TUKETICI,LASSA,YAZ,PSR 4X4-UHP-RFT,PSR UHP,63.0,0.0,630000.0,7000.0,0.0,0.0
IZMIT SUBE DEPO,218039-26,205/55R17 95W XL REVOLA B-A-71dB,LASTIK TUKETICI,LASSA,YAZ,PSR 4X4-UHP-RFT,PSR UHP,4.0,0.0,40000.0,7000.0,0.0,0.0
MERKEZ DEPO,218040-26,195/55R15 85V REVOLA B-A-71dB,LASTIK TUKETICI,LASSA,YAZ,PSR STANDART,PSR 15,7.0,0.0,70000.0,6067.5,0.0,0.0
MERKEZ DEPO,218041-26,225/45R18 95Y XL REVOLA B-A-71dB,LASTIK TUKETICI,LASSA,YAZ,PSR 4X4-UHP-RFT,PSR UHP,44.0,0.0,440000.0,8520.0,0.0,0.0
COMPETUS DEPO,218042-26,235/40R18 95Y XL REVOLA B-A-71dB,LASTIK TUKETICI,LASSA,YAZ,PSR 4X4-UHP-RFT,PSR UHP,8.0,0.0,80000.0,7531.67,0.0,0.0
MERKEZ DEPO,218042-26,235/40R18 95Y XL REVOLA B-A-71dB,LASTIK TUKETICI,LASSA,YAZ,PSR 4X4-UHP-RFT,PSR UHP,10.0,0.0,100000.0,7531.67,0.0,0.0
COMPETUS DEPO,218043-26,195/50R15 82V REVOLA C-A-71dB,LASTIK TUKETICI,LASSA,YAZ,PSR STANDART,PSR 15,40.0,0.0,400000.0,4224.17,0.0,0.0
IZMIT SUBE DEPO,218043-26,195/50R15 82V REVOLA C-A-71dB,LASTIK TUKETICI,LASSA,YAZ,PSR STANDART,PSR 15,4.0,0.0,40000.0,4224.17,0.0,0.0
MERKEZ DEPO,218043-26,195/50R15 82V REVOLA C-A-71dB,LASTIK TUKETICI,LASSA,YAZ,PSR STANDART,PSR 15,7.0,0.0,70000.0,4224.17,0.0,0.0
MERKEZ DEPO,218044-25,195/50R16 88V XL REVOLA B-A-71dB,LASTIK TUKETICI,LASSA,YAZ,PSR STANDART,PSR 16,20.0,0.0,200000.0,6364.17,0.0,0.0
MERKEZ DEPO,218044-26,195/50R16 88V XL REVOLA B-A-71dB,LASTIK TUKETICI,LASSA,YAZ,PSR STANDART,PSR 16,8.0,0.0,80000.0,6364.17,0.0,0.0
MERKEZ DEPO,218045-26,225/55R16 99W XL REVOLA B-A-71dB,LASTIK TUKETICI,LASSA,YAZ,PSR STANDART,PSR 16,18.0,0.0,180000.0,8484.17,0.0,0.0
MERKEZ DEPO,218046-26,245/40R18 97Y XL REVOLA B-A-71dB,LASTIK TUKETICI,LASSA,YAZ,PSR 4X4-UHP-RFT,PSR UHP,24.0,0.0,240000.0,7924.17,0.0,0.0
COMPETUS DEPO,218046-26,245/40R18 97Y XL REVOLA B-A-71dB,LASTIK TUKETICI,LASSA,YAZ,PSR 4X4-UHP-RFT,PSR UHP,20.0,0.0,200000.0,7924.17,0.0,0.0
SANAYI SUBE DEPO,218047-26,225/45R17 91W REVOLA B-A-71dB,LASTIK TUKETICI,LASSA,YAZ,PSR 4X4-UHP-RFT,PSR UHP,4.0,0.0,40000.0,5110.0,0.0,0.0
IZMIT SUBE DEPO,218047-26,225/45R17 91W REVOLA B-A-71dB,LASTIK TUKETICI,LASSA,YAZ,PSR 4X4-UHP-RFT,PSR UHP,4.0,0.0,40000.0,5110.0,0.0,0.0
COMPETUS DEPO,218047-26,225/45R17 91W REVOLA B-A-71dB,LASTIK TUKETICI,LASSA,YAZ,PSR 4X4-UHP-RFT,PSR UHP,175.0,0.0,1750000.0,5110.0,0.0,0.0
MERKEZ DEPO,218047-26,225/45R17 91W REVOLA B-A-71dB,LASTIK TUKETICI,LASSA,YAZ,PSR 4X4-UHP-RFT,PSR UHP,67.0,0.0,670000.0,5110.0,0.0,0.0
MERKEZ DEPO,218048-26,195/65R15 91V REVOLA B-A-71dB,LASTIK TUKETICI,LASSA,YAZ,PSR STANDART,PSR 15,230.0,0.0,2300000.0,4016.67,0.0,0.0
IZMIT SUBE DEPO,218048-26,195/65R15 91V REVOLA B-A-71dB,LASTIK TUKETICI,LASSA,YAZ,PSR STANDART,PSR 15,12.0,0.0,120000.0,4016.67,0.0,0.0
COMPETUS DEPO,218048-26,195/65R15 91V REVOLA B-A-71dB,LASTIK TUKETICI,LASSA,YAZ,PSR STANDART,PSR 15,94.0,0.0,940000.0,4016.67,0.0,0.0
COMPETUS DEPO,218049-26,185/65R15 88H REVOLA B-A-70dB,LASTIK TUKETICI,LASSA,YAZ,PSR STANDART,PSR 15,117.0,0.0,1170000.0,4032.5,0.0,0.0
SANAYI SUBE DEPO,218049-26,185/65R15 88H REVOLA B-A-70dB,LASTIK TUKETICI,LASSA,YAZ,PSR STANDART,PSR 15,6.0,0.0,60000.0,4032.5,0.0,0.0
IZMIT SUBE DEPO,218049-26,185/65R15 88H REVOLA B-A-70dB,LASTIK TUKETICI,LASSA,YAZ,PSR STANDART,PSR 15,8.0,0.0,80000.0,4032.5,0.0,0.0
MERKEZ DEPO,218049-26,185/65R15 88H REVOLA B-A-70dB,LASTIK TUKETICI,LASSA,YAZ,PSR STANDART,PSR 15,120.0,0.0,1200000.0,4032.5,0.0,0.0
MERKEZ DEPO,218052-26,205/55R16 91V REVOLA B-A-71db,LASTIK TUKETICI,LASSA,YAZ,PSR STANDART,PSR 16,275.0,0.0,2750000.0,4850.0,0.0,0.0
IZMIT SUBE DEPO,218052-26,205/55R16 91V REVOLA B-A-71db,LASTIK TUKETICI,LASSA,YAZ,PSR STANDART,PSR 16,11.0,0.0,110000.0,4850.0,0.0,0.0
SANAYI SUBE DEPO,218052-26,205/55R16 91V REVOLA B-A-71db,LASTIK TUKETICI,LASSA,YAZ,PSR STANDART,PSR 16,12.0,0.0,120000.0,4850.0,0.0,0.0
COMPETUS DEPO,218052-26,205/55R16 91V REVOLA B-A-71db,LASTIK TUKETICI,LASSA,YAZ,PSR STANDART,PSR 16,243.0,0.0,2430000.0,4850.0,0.0,0.0
MERKEZ DEPO,219423-26,195/45R16 84V XL DRIVEWAYS C-B-71dB,LASTIK TUKETICI,LASSA,YAZ,PSR STANDART,PSR 16,9.0,0.0,90000.0,5969.17,0.0,0.0
MERKEZ DEPO,219462-26,215/45R16 90V XL DRIVEWAYS C-B-71dB,LASTIK TUKETICI,LASSA,YAZ,PSR STANDART,PSR 16,4.0,0.0,40000.0,6936.67,0.0,0.0
IADE VE ARIZALI URUN DEPO,219774-26,205/45R17 88W XL DRIVEWAYS SPORT+ C-A-71dB,LASTIK TUKETICI,LASSA,YAZ,PSR 4X4-UHP-RFT,PSR UHP,1.0,0.0,10000.0,6364.17,0.0,0.0
MERKEZ DEPO,219774-26,205/45R17 88W XL DRIVEWAYS SPORT+ C-A-71dB,LASTIK TUKETICI,LASSA,YAZ,PSR 4X4-UHP-RFT,PSR UHP,27.0,0.0,270000.0,6364.17,0.0,0.0
COMPETUS DEPO,219775-26,215/45R17 91Y XL DRIVEWAYS SPORT+ C-A-71dB,LASTIK TUKETICI,LASSA,YAZ,PSR 4X4-UHP-RFT,PSR UHP,2.0,0.0,20000.0,6291.67,0.0,0.0
MERKEZ DEPO,219775-26,215/45R17 91Y XL DRIVEWAYS SPORT+ C-A-71dB,LASTIK TUKETICI,LASSA,YAZ,PSR 4X4-UHP-RFT,PSR UHP,6.0,0.0,60000.0,6291.67,0.0,0.0
MERKEZ DEPO,219776-26,225/45R17 94Y XL DRIVEWAYS SPORT+ C-A-71dB,LASTIK TUKETICI,LASSA,YAZ,PSR 4X4-UHP-RFT,PSR UHP,12.0,0.0,120000.0,5413.33,0.0,0.0
COMPETUS DEPO,219776-26,225/45R17 94Y XL DRIVEWAYS SPORT+ C-A-71dB,LASTIK TUKETICI,LASSA,YAZ,PSR 4X4-UHP-RFT,PSR UHP,8.0,0.0,80000.0,5413.33,0.0,0.0
MERKEZ DEPO,219779-26,245/40R18 97Y XL DRIVEWAYS SPORT+ C-A-71dB,LASTIK TUKETICI,LASSA,YAZ,PSR 4X4-UHP-RFT,PSR UHP,8.0,0.0,80000.0,8070.0,0.0,0.0
MERKEZ DEPO,219783-26,225/40R18 92Y XL DRIVEWAYS SPORT+ C-A-71dB,LASTIK TUKETICI,LASSA,YAZ,PSR 4X4-UHP-RFT,PSR UHP,4.0,0.0,40000.0,5568.33,0.0,0.0
MERKEZ DEPO,219784-26,245/40R19 98Y XL DRIVEWAYS SPORT+ C-A-71dB,LASTIK TUKETICI,LASSA,YAZ,PSR 4X4-UHP-RFT,PSR UHP,10.0,0.0,100000.0,10305.83,0.0,0.0
CORLU DEPO,219784-26,245/40R19 98Y XL DRIVEWAYS SPORT+ C-A-71dB,LASTIK TUKETICI,LASSA,YAZ,PSR 4X4-UHP-RFT,PSR UHP,1.0,0.0,10000.0,10305.83,0.0,0.0
COMPETUS DEPO,219785-25,255/35R20 97Y XL DRIVEWAYS SPORT+ C-A-71dB,LASTIK TUKETICI,LASSA,YAZ,PSR 4X4-UHP-RFT,PSR UHP,1.0,0.0,10000.0,10799.17,0.0,0.0
MERKEZ DEPO,219785-26,255/35R20 97Y XL DRIVEWAYS SPORT+ C-A-71dB,LASTIK TUKETICI,LASSA,YAZ,PSR 4X4-UHP-RFT,PSR UHP,3.0,0.0,30000.0,10799.17,0.0,0.0
MERKEZ DEPO,219787-26,225/35R19 88Y XL DRIVEWAYS SPORT+ D-A-71dB,LASTIK TUKETICI,LASSA,YAZ,PSR 4X4-UHP-RFT,PSR UHP,4.0,0.0,40000.0,9814.17,0.0,0.0
MERKEZ DEPO,219790-26,235/35R19 91Y XL DRIVEWAYS SPORT+ D-A-71dB,LASTIK TUKETICI,LASSA,YAZ,PSR 4X4-UHP-RFT,PSR UHP,4.0,0.0,40000.0,10202.5,0.0,0.0
COMPETUS DEPO,219790-26,235/35R19 91Y XL DRIVEWAYS SPORT+ D-A-71dB,LASTIK TUKETICI,LASSA,YAZ,PSR 4X4-UHP-RFT,PSR UHP,4.0,0.0,40000.0,10202.5,0.0,0.0
MERKEZ DEPO,219791-26,255/35R19 96Y XL DRIVEWAYS SPORT+ C-A-71dB,LASTIK TUKETICI,LASSA,YAZ,PSR 4X4-UHP-RFT,PSR UHP,8.0,0.0,80000.0,9870.83,0.0,0.0
MERKEZ DEPO,219792-26,255/40R19 100Y XL DRIVEWAYS SPORT+ C-A-71dB,LASTIK TUKETICI,LASSA,YAZ,PSR 4X4-UHP-RFT,PSR UHP,3.0,0.0,30000.0,11087.5,0.0,0.0
MERKEZ DEPO,219793-26,245/50R18 100Y XL DRIVEWAYS SPORT+ C-A-71dB,LASTIK TUKETICI,LASSA,YAZ,PSR 4X4-UHP-RFT,PSR UHP,4.0,0.0,40000.0,10041.67,0.0,0.0
COMPETUS DEPO,242051-26,"155R12C 88/86N 8PR, TL LC/R D-B-70dB",LASTIK TUKETICI,LASSA,YAZ,MINIBUS / KAMYONET,LVR,20.0,0.0,200000.0,3398.33,0.0,0.0
MERKEZ DEPO,242051-26,"155R12C 88/86N 8PR, TL LC/R D-B-70dB",LASTIK TUKETICI,LASSA,YAZ,MINIBUS / KAMYONET,LVR,67.0,0.0,670000.0,3398.33,0.0,0.0
MERKEZ DEPO,242091-26,195/75R16C 110/108R MULTIWAYS-C E-B-72dB,LASTIK TUKETICI,LASSA,4 MEVSIM,MINIBUS / KAMYONET,LVR,6.0,0.0,60000.0,7236.67,0.0,0.0
MERKEZ DEPO,242095-26,225/70R15C 116/114Q MULTIWAYS-C D-B-73dB,LASTIK TUKETICI,LASSA,4 MEVSIM,MINIBUS / KAMYONET,LVR,44.0,0.0,440000.0,7821.67,0.0,0.0
COMPETUS DEPO,242099-26,215/70R15C 109/107S MULTIWAYS-C C-B-73dB,LASTIK TUKETICI,LASSA,4 MEVSIM,MINIBUS / KAMYONET,LVR,8.0,0.0,80000.0,9036.67,0.0,0.0
MERKEZ DEPO,242099-26,215/70R15C 109/107S MULTIWAYS-C C-B-73dB,LASTIK TUKETICI,LASSA,4 MEVSIM,MINIBUS / KAMYONET,LVR,8.0,0.0,80000.0,9036.67,0.0,0.0
COMPETUS DEPO,242132-26,"155R13C 90/89R 8PR, TL LC/R D-A-69dB",LASTIK TUKETICI,LASSA,YAZ,MINIBUS / KAMYONET,LVR,40.0,0.0,400000.0,3826.67,0.0,0.0
MERKEZ DEPO,242132-26,"155R13C 90/89R 8PR, TL LC/R D-A-69dB",LASTIK TUKETICI,LASSA,YAZ,MINIBUS / KAMYONET,LVR,48.0,0.0,480000.0,3826.67,0.0,0.0
MERKEZ DEPO,242142-26,165R13C 91/89P 6PR LC/R D-B-70dB,LASTIK TUKETICI,LASSA,YAZ,MINIBUS / KAMYONET,LVR,20.0,0.0,200000.0,4317.5,0.0,0.0
MERKEZ DEPO,242254-25,195R15C 106/104R TRANSWAY D-B-70dB,LASTIK TUKETICI,LASSA,YAZ,MINIBUS / KAMYONET,LVR,16.0,0.0,160000.0,6360.0,0.0,0.0
MERKEZ DEPO,242254-26,195R15C 106/104R TRANSWAY D-B-70dB,LASTIK TUKETICI,LASSA,YAZ,MINIBUS / KAMYONET,LVR,12.0,0.0,120000.0,6360.0,0.0,0.0
MERKEZ DEPO,242388-26,"195R14C 106/104R 8PR, TL MULTIWAYS-C E-B-72dB",LASTIK TUKETICI,LASSA,4 MEVSIM,MINIBUS / KAMYONET,LVR,24.0,0.0,240000.0,5716.67,0.0,0.0
COMPETUS DEPO,242393-26,225/70R15C 112/110R 8PR MULTIWAYS-C E-C-73dB,LASTIK TUKETICI,LASSA,4 MEVSIM,MINIBUS / KAMYONET,LVR,18.0,0.0,180000.0,7557.5,0.0,0.0
MERKEZ DEPO,242393-26,225/70R15C 112/110R 8PR MULTIWAYS-C E-C-73dB,LASTIK TUKETICI,LASSA,4 MEVSIM,MINIBUS / KAMYONET,LVR,6.0,0.0,60000.0,7557.5,0.0,0.0
COMPETUS DEPO,242395,195/70R15C 104/102R MULTIWAYS-C M+S/SFM E-B-72db-2024,LASTIK TUKETICI,LASSA,4 MEVSIM,MINIBUS / KAMYONET,LVR,1.0,0.0,10000.0,5165.0,0.0,0.0
MERKEZ DEPO,242397-26,"205/65R15C 102/100R 6PR, TL MULTIWAYS-C E-C-73dB",LASTIK TUKETICI,LASSA,4 MEVSIM,MINIBUS / KAMYONET,LVR,12.0,0.0,120000.0,8041.67,0.0,0.0
MERKEZ DEPO,242398-26,"185R14C 102/100Q 8PR, TL MULTIWAYS-C E-B-72dB",LASTIK TUKETICI,LASSA,4 MEVSIM,MINIBUS / KAMYONET,LVR,24.0,0.0,240000.0,5260.0,0.0,0.0
MERKEZ DEPO,242996-26,205/65R15C 102/100T TRANSWAY 2 D-B-71dB,LASTIK TUKETICI,LASSA,YAZ,MINIBUS / KAMYONET,LVR,9.0,0.0,90000.0,7724.17,0.0,0.0
MERKEZ DEPO,243090-26,"195/60R16C 99/97R 6PR, TL MULTIWAYS-C D-B-73dB",LASTIK TUKETICI,LASSA,4 MEVSIM,MINIBUS / KAMYONET,LVR,16.0,0.0,160000.0,7818.33,0.0,0.0
MERKEZ DEPO,243092-26,205/65R16C 107/105R MULTIWAYS-C C-B-73dB,LASTIK TUKETICI,LASSA,4 MEVSIM,MINIBUS / KAMYONET,LVR,7.0,0.0,70000.0,8390.0,0.0,0.0
MERKEZ DEPO,243093-26,"215/65R16C 109/107R 8PR, TL MULTIWAYS-C D-B-73dB",LASTIK TUKETICI,LASSA,4 MEVSIM,MINIBUS / KAMYONET,LVR,19.0,0.0,190000.0,9068.33,0.0,0.0
COMPETUS DEPO,243093-26,"215/65R16C 109/107R 8PR, TL MULTIWAYS-C D-B-73dB",LASTIK TUKETICI,LASSA,4 MEVSIM,MINIBUS / KAMYONET,LVR,12.0,0.0,120000.0,9068.33,0.0,0.0
MERKEZ DEPO,243094-26,"225/65R16C 112/110R 8PR, TL MULTIWAYS-C C-B-73dB",LASTIK TUKETICI,LASSA,4 MEVSIM,MINIBUS / KAMYONET,LVR,3.0,0.0,30000.0,10174.17,0.0,0.0
COMPETUS DEPO,243094-26,"225/65R16C 112/110R 8PR, TL MULTIWAYS-C C-B-73dB",LASTIK TUKETICI,LASSA,4 MEVSIM,MINIBUS / KAMYONET,LVR,16.0,0.0,160000.0,10174.17,0.0,0.0
MERKEZ DEPO,243096-26,235/65R16C 121/119N MULTIWAYS-C D-B-74dB,LASTIK TUKETICI,LASSA,4 MEVSIM,MINIBUS / KAMYONET,LVR,76.0,0.0,760000.0,10556.67,0.0,0.0
COMPETUS DEPO,243097-26,285/65R16C 131R MULTIWAYS-C D-B-72dB,LASTIK TUKETICI,LASSA,4 MEVSIM,MINIBUS / KAMYONET,LVR,8.0,0.0,80000.0,16837.5,0.0,0.0
MERKEZ DEPO,243097-26,285/65R16C 131R MULTIWAYS-C D-B-72dB,LASTIK TUKETICI,LASSA,4 MEVSIM,MINIBUS / KAMYONET,LVR,24.0,0.0,240000.0,16837.5,0.0,0.0
MERKEZ DEPO,243391-26,"175/75R16C 101/99Q 8PR, TL MULTIWAYS-C E-B-71dB",LASTIK TUKETICI,LASSA,4 MEVSIM,MINIBUS / KAMYONET,LVR,8.0,0.0,80000.0,7625.83,0.0,0.0
MERKEZ DEPO,243392-26,"215/75R16C 113/111Q 8PR, TL MULTIWAYS-C D-B-73dB",LASTIK TUKETICI,LASSA,4 MEVSIM,MINIBUS / KAMYONET,LVR,5.0,0.0,50000.0,8193.33,0.0,0.0
COMPETUS DEPO,243392-26,"215/75R16C 113/111Q 8PR, TL MULTIWAYS-C D-B-73dB",LASTIK TUKETICI,LASSA,4 MEVSIM,MINIBUS / KAMYONET,LVR,58.0,0.0,580000.0,8193.33,0.0,0.0
COMPETUS DEPO,243394-26,"205/75R16C 113/111Q 10PR, TL MULTIWAYS-C E-B-73dB",LASTIK TUKETICI,LASSA,4 MEVSIM,MINIBUS / KAMYONET,LVR,4.0,0.0,40000.0,7935.0,0.0,0.0
MERKEZ DEPO,243394-26,"205/75R16C 113/111Q 10PR, TL MULTIWAYS-C E-B-73dB",LASTIK TUKETICI,LASSA,4 MEVSIM,MINIBUS / KAMYONET,LVR,16.0,0.0,160000.0,7935.0,0.0,0.0
MERKEZ DEPO,243399-26,"195/75R16C 107/105Q 8PR, TL MULTIWAYS-C D-B-72dB",LASTIK TUKETICI,LASSA,4 MEVSIM,MINIBUS / KAMYONET,LVR,32.0,0.0,320000.0,7098.33,0.0,0.0
MERKEZ DEPO,243534-26,205/65R16C 107/105T TRANSWAY 3+ C-B-69dB,LASTIK TUKETICI,LASSA,YAZ,MINIBUS / KAMYONET,LVR,2.0,0.0,20000.0,7840.0,0.0,0.0
COMPETUS DEPO,243534-26,205/65R16C 107/105T TRANSWAY 3+ C-B-69dB,LASTIK TUKETICI,LASSA,YAZ,MINIBUS / KAMYONET,LVR,46.0,0.0,460000.0,7840.0,0.0,0.0
COMPETUS DEPO,243535-26,215/75R16C 116/114R 10PR TRANSWAY 3+ C-B-69dB,LASTIK TUKETICI,LASSA,YAZ,MINIBUS / KAMYONET,LVR,102.0,0.0,1020000.0,7869.17,0.0,0.0
EMANET DEPO,243535-26,215/75R16C 116/114R 10PR TRANSWAY 3+ C-B-69dB,LASTIK TUKETICI,LASSA,YAZ,MINIBUS / KAMYONET,LVR,4.0,0.0,40000.0,7869.17,0.0,0.0
MERKEZ DEPO,243535-26,215/75R16C 116/114R 10PR TRANSWAY 3+ C-B-69dB,LASTIK TUKETICI,LASSA,YAZ,MINIBUS / KAMYONET,LVR,182.0,0.0,1820000.0,7869.17,0.0,0.0
MERKEZ DEPO,243537-26,235/65R16C 121/119R TRANSWAY 3+ C-B-69dB,LASTIK TUKETICI,LASSA,YAZ,MINIBUS / KAMYONET,LVR,450.0,0.0,4500000.0,9395.0,0.0,0.0
COMPETUS DEPO,243537-26,235/65R16C 121/119R TRANSWAY 3+ C-B-69dB,LASTIK TUKETICI,LASSA,YAZ,MINIBUS / KAMYONET,LVR,579.0,0.0,5790000.0,9395.0,0.0,0.0
EMANET DEPO,243537-26,235/65R16C 121/119R TRANSWAY 3+ C-B-69dB,LASTIK TUKETICI,LASSA,YAZ,MINIBUS / KAMYONET,LVR,4.0,0.0,40000.0,9395.0,0.0,0.0
MERKEZ DEPO,243539-26,225/75R16C 121/120R TRANSWAY 3+ C-B-69dB,LASTIK TUKETICI,LASSA,YAZ,MINIBUS / KAMYONET,LVR,56.0,0.0,560000.0,8740.83,0.0,0.0
COMPETUS DEPO,243539-26,225/75R16C 121/120R TRANSWAY 3+ C-B-69dB,LASTIK TUKETICI,LASSA,YAZ,MINIBUS / KAMYONET,LVR,62.0,0.0,620000.0,8740.83,0.0,0.0
COMPETUS DEPO,243742-25,"195/75R16C 110/108R 10PR,TL TRANSWAY 3 C-B-69db",LASTIK TUKETICI,LASSA,YAZ,MINIBUS / KAMYONET,LVR,1.0,0.0,10000.0,5451.67,0.0,0.0
MERKEZ DEPO,243742-26,"195/75R16C 110/108R 10PR,TL TRANSWAY 3 C-B-69db",LASTIK TUKETICI,LASSA,YAZ,MINIBUS / KAMYONET,LVR,42.0,0.0,420000.0,6750.83,0.0,0.0
MERKEZ DEPO,243744-26,205/75R16C 113/111R 10PR TRANSWAY 3 C-B-69dB,LASTIK TUKETICI,LASSA,YAZ,MINIBUS / KAMYONET,LVR,402.0,0.0,4020000.0,7689.17,0.0,0.0
COMPETUS DEPO,243744-26,205/75R16C 113/111R 10PR TRANSWAY 3 C-B-69dB,LASTIK TUKETICI,LASSA,YAZ,MINIBUS / KAMYONET,LVR,67.0,0.0,670000.0,7689.17,0.0,0.0
MERKEZ DEPO,243745-26,"215/60R17C 109/107T 8PR, TL TRANSWAY 3 B-B-69dB",LASTIK TUKETICI,LASSA,YAZ,MINIBUS / KAMYONET,LVR,56.0,0.0,560000.0,9490.0,0.0,0.0
MERKEZ DEPO,243746-26,215/65R15C 104/102T TRANSWAY 3 C-B-69dB,LASTIK TUKETICI,LASSA,YAZ,MINIBUS / KAMYONET,LVR,1.0,0.0,10000.0,8930.0,0.0,0.0
MERKEZ DEPO,243749-26,"225/65R16C 112/110T 8PR, TL TRANSWAY 3 B-B-69dB",LASTIK TUKETICI,LASSA,YAZ,MINIBUS / KAMYONET,LVR,84.0,0.0,840000.0,9630.0,0.0,0.0
COMPETUS DEPO,243749-26,"225/65R16C 112/110T 8PR, TL TRANSWAY 3 B-B-69dB",LASTIK TUKETICI,LASSA,YAZ,MINIBUS / KAMYONET,LVR,24.0,0.0,240000.0,9630.0,0.0,0.0
MERKEZ DEPO,243750-26,185/75R16C 104/102R 8PR TRANSWAY 3 C-B-69dB,LASTIK TUKETICI,LASSA,YAZ,MINIBUS / KAMYONET,LVR,40.0,0.0,400000.0,7046.67,0.0,0.0
COMPETUS DEPO,243755-26,225/70R15C 116/114S TRANSWAY 3 C-B-69dB,LASTIK TUKETICI,LASSA,YAZ,MINIBUS / KAMYONET,LVR,71.0,0.0,710000.0,7417.5,0.0,0.0
MERKEZ DEPO,243755-26,225/70R15C 116/114S TRANSWAY 3 C-B-69dB,LASTIK TUKETICI,LASSA,YAZ,MINIBUS / KAMYONET,LVR,73.0,0.0,730000.0,7417.5,0.0,0.0
COMPETUS DEPO,243778-26,"185R14C 102/100R 8PR, TL TRANSWAY 3 C-B-69dB",LASTIK TUKETICI,LASSA,YAZ,MINIBUS / KAMYONET,LVR,20.0,0.0,200000.0,5042.5,0.0,0.0
MERKEZ DEPO,243778-26,"185R14C 102/100R 8PR, TL TRANSWAY 3 C-B-69dB",LASTIK TUKETICI,LASSA,YAZ,MINIBUS / KAMYONET,LVR,118.0,0.0,1180000.0,5042.5,0.0,0.0
MERKEZ DEPO,243779-25,195/60R16C 99/97T TRANSWAY 3 C-B-69dB,LASTIK TUKETICI,LASSA,YAZ,MINIBUS / KAMYONET,LVR,1.0,0.0,10000.0,7602.5,0.0,0.0
COMPETUS DEPO,243779-26,195/60R16C 99/97T TRANSWAY 3 C-B-69dB,LASTIK TUKETICI,LASSA,YAZ,MINIBUS / KAMYONET,LVR,84.0,0.0,840000.0,7602.5,0.0,0.0
MERKEZ DEPO,243779-26,195/60R16C 99/97T TRANSWAY 3 C-B-69dB,LASTIK TUKETICI,LASSA,YAZ,MINIBUS / KAMYONET,LVR,243.0,0.0,2430000.0,7602.5,0.0,0.0
MERKEZ DEPO,243799-26,195/65R16C 104/102T TRANSWAY 3 C-B-69dB,LASTIK TUKETICI,LASSA,YAZ,MINIBUS / KAMYONET,LVR,12.0,0.0,120000.0,8187.5,0.0,0.0
COMPETUS DEPO,243799-26,195/65R16C 104/102T TRANSWAY 3 C-B-69dB,LASTIK TUKETICI,LASSA,YAZ,MINIBUS / KAMYONET,LVR,8.0,0.0,80000.0,8187.5,0.0,0.0
COMPETUS DEPO,243802-25,"195/70R15C 104/102R 8PR, TL TRANSWAY 3 C-B-69dB",LASTIK TUKETICI,LASSA,YAZ,MINIBUS / KAMYONET,LVR,8.0,0.0,80000.0,6214.17,0.0,0.0
MERKEZ DEPO,243802-26,"195/70R15C 104/102R 8PR, TL TRANSWAY 3 C-B-69dB",LASTIK TUKETICI,LASSA,YAZ,MINIBUS / KAMYONET,LVR,10.0,0.0,100000.0,6214.17,0.0,0.0
MERKEZ DEPO,243803-26,195R14C 106/104R TRANSWAY 3 C-B-69dB,LASTIK TUKETICI,LASSA,YAZ,MINIBUS / KAMYONET,LVR,27.0,0.0,270000.0,5508.33,0.0,0.0
COMPETUS DEPO,243803-26,195R14C 106/104R TRANSWAY 3 C-B-69dB,LASTIK TUKETICI,LASSA,YAZ,MINIBUS / KAMYONET,LVR,69.0,0.0,690000.0,5508.33,0.0,0.0
MERKEZ DEPO,243804-25,205/70R15C 106/104R TRANSWAY 3 C-B-69dB,LASTIK TUKETICI,LASSA,YAZ,MINIBUS / KAMYONET,LVR,24.0,0.0,240000.0,7535.0,0.0,0.0
COMPETUS DEPO,243804-26,205/70R15C 106/104R TRANSWAY 3 C-B-69dB,LASTIK TUKETICI,LASSA,YAZ,MINIBUS / KAMYONET,LVR,20.0,0.0,200000.0,7535.0,0.0,0.0
COMPETUS DEPO,243805-26,"215/60R16C 103/101T 6PR, TL TRANSWAY 3 C-B-69dB",LASTIK TUKETICI,LASSA,YAZ,MINIBUS / KAMYONET,LVR,2.0,0.0,20000.0,10045.83,0.0,0.0
MERKEZ DEPO,243805-26,"215/60R16C 103/101T 6PR, TL TRANSWAY 3 C-B-69dB",LASTIK TUKETICI,LASSA,YAZ,MINIBUS / KAMYONET,LVR,14.0,0.0,140000.0,10045.83,0.0,0.0
COMPETUS DEPO,243806-26,"215/70R15C 109/107S 8PR, TL TRANSWAY 3 C-B-69dB",LASTIK TUKETICI,LASSA,YAZ,MINIBUS / KAMYONET,LVR,12.0,0.0,120000.0,8683.33,0.0,0.0
MERKEZ DEPO,243874-26,285/65R16C 131R TRANSWAY C-B-69dB,LASTIK TUKETICI,LASSA,YAZ,MINIBUS / KAMYONET,LVR,60.0,0.0,600000.0,16115.83,0.0,0.0
COMPETUS DEPO,243874-26,285/65R16C 131R TRANSWAY C-B-69dB,LASTIK TUKETICI,LASSA,YAZ,MINIBUS / KAMYONET,LVR,20.0,0.0,200000.0,16115.83,0.0,0.0
MERKEZ DEPO,245260-25,195/65R16C 104/102R WINTUS 2 D-C-75dB,LASTIK TUKETICI,LASSA,KIS,MINIBUS / KAMYONET,LVR,20.0,0.0,200000.0,6283.33,0.0,0.0
MERKEZ DEPO,245262-25,205/65R16C 107/105R WINTUS 2 D-B-75dB,LASTIK TUKETICI,LASSA,KIS,MINIBUS / KAMYONET,LVR,6.0,0.0,60000.0,6588.33,0.0,0.0
MERKEZ DEPO,245911,185/75R16C 104/102R WINTUS 2 D-B-75dB-2024,LASTIK TUKETICI,LASSA,KIS,MINIBUS / KAMYONET,LVR,4.0,0.0,40000.0,5608.33,0.0,0.0
MERKEZ DEPO,245911-25,185/75R16C 104/102R WINTUS 2 D-B-75dB,LASTIK TUKETICI,LASSA,KIS,MINIBUS / KAMYONET,LVR,8.0,0.0,80000.0,5608.33,0.0,0.0
MERKEZ DEPO,245912,185R14C 102/100R WINTUS 2 M+S / SFM 8PR D-D-75db-2023,LASTIK TUKETICI,LASSA,KIS,MINIBUS / KAMYONET,LVR,4.0,0.0,40000.0,4141.67,0.0,0.0
MERKEZ DEPO,245917,195/60R16C 99/97T WINTUS 2  M+S / SFM 6PR D-B-75db-2024,LASTIK TUKETICI,LASSA,KIS,MINIBUS / KAMYONET,LVR,8.0,0.0,80000.0,6200.0,0.0,0.0
COMPETUS DEPO,245917-25,195/60R16C 99/97T WINTUS 2 M+S / SFM 6PR D-B-75db,LASTIK TUKETICI,LASSA,KIS,MINIBUS / KAMYONET,LVR,4.0,0.0,40000.0,6200.0,0.0,0.0
MERKEZ DEPO,245917-25,195/60R16C 99/97T WINTUS 2 M+S / SFM 6PR D-B-75db,LASTIK TUKETICI,LASSA,KIS,MINIBUS / KAMYONET,LVR,28.0,0.0,280000.0,6200.0,0.0,0.0
IZMIT SUBE DEPO,245927-25,195/75R16C 107/105R WINTUS 2 D-B-75dB,LASTIK TUKETICI,LASSA,KIS,MINIBUS / KAMYONET,LVR,2.0,0.0,20000.0,5645.0,0.0,0.0
MERKEZ DEPO,245927-25,195/75R16C 107/105R WINTUS 2 D-B-75dB,LASTIK TUKETICI,LASSA,KIS,MINIBUS / KAMYONET,LVR,45.0,0.0,450000.0,5645.0,0.0,0.0
IZMIT SUBE DEPO,245941-25,225/65R16C 112/110R WINTUS 2 D-B-75dB,LASTIK TUKETICI,LASSA,KIS,MINIBUS / KAMYONET,LVR,4.0,0.0,40000.0,7855.0,0.0,0.0
MERKEZ DEPO,245941-25,225/65R16C 112/110R WINTUS 2 D-B-75dB,LASTIK TUKETICI,LASSA,KIS,MINIBUS / KAMYONET,LVR,1.0,0.0,10000.0,7855.0,0.0,0.0
MERKEZ DEPO,245967,235/65R16C 121/119N WINTUS 2 D-B-75dB-2024,LASTIK TUKETICI,LASSA,KIS,MINIBUS / KAMYONET,LVR,5.0,4.0,10000.0,8491.67,0.0,0.0
MERKEZ DEPO,248019,8.5R17.5 121/120M LC/T,LASTIK TICARI,LASSA,LSR,MIDIBUS / KAMYONET,CEKER TIP,12.0,0.0,120000.0,9808.33,0.0,0.0
MERKEZ DEPO,248368,215/75R17.5 126/124M MAXIWAYS 110D,LASTIK TICARI,LASSA,LSR,MIDIBUS / KAMYONET,CEKER TIP,196.0,0.0,1960000.0,11334.17,0.0,0.0
MERKEZ DEPO,248372,215/75R17.5 128/126M MAXIWAYS 100S,LASTIK TICARI,LASSA,LSR,MIDIBUS / KAMYONET,DUZ TIP,146.0,0.0,1460000.0,10838.33,0.0,0.0
TICARI DEPO,248372,215/75R17.5 128/126M MAXIWAYS 100S,LASTIK TICARI,LASSA,LSR,MIDIBUS / KAMYONET,DUZ TIP,2.0,2.0,0.0,10838.33,0.0,0.0
MERKEZ DEPO,248382,235/75R17.5 132/130M MAXIWAYS 100S,LASTIK TICARI,LASSA,LSR,MIDIBUS / KAMYONET,DUZ TIP,31.0,0.0,310000.0,12550.83,0.0,0.0
MERKEZ DEPO,248398,235/75R17.5 132/130 MAXIWAYS 110D,LASTIK TICARI,LASSA,LSR,MIDIBUS / KAMYONET,CEKER TIP,12.0,0.0,120000.0,13298.33,0.0,0.0
MERKEZ DEPO,248462,225/75R17.5 129/127M MAXIWAYS 100S,LASTIK TICARI,LASSA,LSR,MIDIBUS / KAMYONET,DUZ TIP,180.0,0.0,1800000.0,12105.83,0.0,0.0
MERKEZ DEPO,248468,225/75R17.5 129/127M MAXIWAYS 110D,LASTIK TICARI,LASSA,LSR,MIDIBUS / KAMYONET,CEKER TIP,6.0,0.0,60000.0,12429.17,0.0,0.0
TICARI DEPO,248660,245/70R17.5 143/141J ENERGIA 310T,LASTIK TICARI,LASSA,TBR,BOLGESEL TASIMACILIK,TREYLER,2.0,2.0,0.0,12625.83,0.0,0.0
MERKEZ DEPO,248660,245/70R17.5 143/141J ENERGIA 310T,LASTIK TICARI,LASSA,TBR,BOLGESEL TASIMACILIK,TREYLER,140.0,0.0,1400000.0,12625.83,0.0,0.0
MERKEZ DEPO,256078,385/65R22.5 160K (158L) ENERGIA 310T,LASTIK TICARI,LASSA,TBR,BOLGESEL TASIMACILIK,TREYLER,378.0,1.0,3770000.0,28230.83,0.0,0.0
MERKEZ DEPO,256139,315/80R22.5 156/150L ENERGIA 330S M+S SFM,LASTIK TICARI,LASSA,TBR,BOLGESEL TASIMACILIK,DUZ,117.0,0.0,1170000.0,30305.0,0.0,0.0
MERKEZ DEPO,256140,315/70R22.5 152/148M ENERGIA 330S M+S SFM,LASTIK TICARI,LASSA,TBR,BOLGESEL TASIMACILIK,DUZ,38.0,7.0,310000.0,29256.67,0.0,0.0
MERKEZ DEPO,256404,12R22.5 152/148M ENERGIA 2500 C-B-68db,LASTIK TICARI,LASSA,TBR,BOLGESEL TASIMACILIK,DUZ,4.0,0.0,40000.0,25381.67,0.0,0.0
MERKEZ DEPO,256531,13R22.5 156/150K EG520S,LASTIK TICARI,LASSA,TBR,INSAAT HAFRIYAT,DUZ,74.0,0.0,740000.0,29128.33,0.0,0.0
MERKEZ DEPO,256532,13R22.5 154/150K (156/150G) ENERGIA 600D,LASTIK TICARI,LASSA,TBR,MADEN,CEKER,207.0,0.0,2070000.0,29846.67,0.0,0.0
MERKEZ DEPO,256626,295/80R22.5 154/149M ENERGIA 330S C-A-70db,LASTIK TICARI,LASSA,TBR,BOLGESEL TASIMACILIK,DUZ,124.0,0.0,1240000.0,27671.67,0.0,0.0
MERKEZ DEPO,256628,295/80R22.5 152/148K EG510S D-B-69dB,LASTIK TICARI,LASSA,TBR,INSAAT HAFRIYAT,DUZ,20.0,0.0,200000.0,27721.67,0.0,0.0
MERKEZ DEPO,256639,295/80R22.5 154/150L (152/148M) ENERGIA 5500,LASTIK TICARI,LASSA,TBR,BOLGESEL TASIMACILIK,CEKER,138.0,0.0,1380000.0,28880.0,0.0,0.0
MERKEZ DEPO,256712,315/80R22.5 156/150K EG520S D-B-69dB,LASTIK TICARI,LASSA,TBR,INSAAT HAFRIYAT,DUZ,385.0,0.0,3850000.0,29636.67,0.0,0.0
MERKEZ DEPO,256729,315/80R22.5 156/150K (154/150L) EG7500+ E-C-74dB,LASTIK TICARI,LASSA,TBR,INSAAT HAFRIYAT,CEKER,602.0,0.0,6020000.0,30978.33,0.0,0.0
REYON,256729,315/80R22.5 156/150K (154/150L) EG7500+ E-C-74dB,LASTIK TICARI,LASSA,TBR,INSAAT HAFRIYAT,CEKER,1.0,0.0,10000.0,30978.33,0.0,0.0
MERKEZ DEPO,256739,315/80R22.5 154/150M EG5500 D-B-76dB,LASTIK TICARI,LASSA,TBR,BOLGESEL TASIMACILIK,CEKER,190.0,0.0,1900000.0,31985.83,0.0,0.0
TICARI DEPO,256793,315/70R22.5 154/150L (152/148M) ENERGIA 330D,LASTIK TICARI,LASSA,TBR,BOLGESEL TASIMACILIK,CEKER,4.0,4.0,0.0,30323.33,0.0,0.0
MERKEZ DEPO,256793,315/70R22.5 154/150L (152/148M) ENERGIA 330D,LASTIK TICARI,LASSA,TBR,BOLGESEL TASIMACILIK,CEKER,303.0,0.0,3030000.0,30323.33,0.0,0.0
MERKEZ DEPO,256806,385/65R22.5 160K EG510T C-C-73dB,LASTIK TICARI,LASSA,TBR,INSAAT HAFRIYAT,TREYLER,101.0,0.0,1010000.0,28890.0,0.0,0.0
MERKEZ DEPO,256808,385/55R22.5 160K (158L) ENERGIA 310T,LASTIK TICARI,LASSA,TBR,BOLGESEL TASIMACILIK,TREYLER,135.0,0.0,1350000.0,28230.83,0.0,0.0
MERKEZ DEPO,256832,285/70R19.5 146/144M MAXIWAYS 100S,LASTIK TICARI,LASSA,TBR,BOLGESEL TASIMACILIK,DUZ,25.0,0.0,250000.0,21233.33,0.0,0.0
MERKEZ DEPO,256833,285/70R19.5 146/144M MAXIWAYS 110D E-0-71dB,LASTIK TICARI,LASSA,TBR,BOLGESEL TASIMACILIK,CEKER,10.0,0.0,100000.0,21849.17,0.0,0.0
MERKEZ DEPO,256901,275/70R22.5 150/148J EG110S,LASTIK TICARI,LASSA,TBR,BOLGESEL TASIMACILIK,DUZ,40.0,0.0,400000.0,25631.67,0.0,0.0
MERKEZ DEPO,256902,275/70R22.5 148/145 M ENERGIA 110D E-C-75dB,LASTIK TICARI,LASSA,TBR,BOLGESEL TASIMACILIK,CEKER,40.0,0.0,400000.0,25811.67,0.0,0.0
MERKEZ DEPO,260270,6.50-20 6PR TR66-2011,LASTIK TUKETICI,LASSA,AG,TRAKTOR AGS,,2.0,0.0,20000.0,,0.0,0.0
MERKEZ DEPO,260409,5.50-16 8PR TR68-2019,LASTIK TUKETICI,LASSA,AG,TRAKTOR AGS,TRAKTOR AGS,1.0,0.0,10000.0,,0.0,0.0
MERKEZ DEPO,276210,280/85R24 115A8/112B (11.2R24) AGRI1-2022,LASTIK TUKETICI,LASSA,AG,TRAKTOR AGR,TRAKTOR AGR,4.0,0.0,40000.0,10000.0,0.0,0.0
MERKEZ DEPO,280015,12.5/80-18 12PR EG TL,LASTIK TICARI,LASSA,OTR,ORS,BCP,4.0,0.0,40000.0,12098.33,0.0,0.0
MERKEZ DEPO,280026,400/70-20 (16.0/70-20) 14PR  EG TL,LASTIK TICARI,LASSA,OTR,ORS,BCP,59.0,0.0,590000.0,18250.0,30.0,0.0
MERKEZ DEPO,280157,14.00-24 16PR G2 TL,LASTIK TICARI,LASSA,OTR,ORS,G2,18.0,0.0,180000.0,22005.0,0.0,0.0
MERKEZ DEPO,282038,440/80-24  20 PR 168 A8 TELEGRIPPER,LASTIK TICARI,LASSA,OTR,ORS,BCP,8.0,0.0,80000.0,31248.33,0.0,0.0
MERKEZ DEPO,282042,400/80-24 20PR 162 A8 TELEGRIPPER,LASTIK TICARI,LASSA,OTR,ORS,BCP,14.0,0.0,140000.0,29874.17,0.0,0.0
MERKEZ DEPO,282055,18.4-26 12PR  EG TL,LASTIK TICARI,LASSA,OTR,ORS,BCP,8.0,0.0,80000.0,26871.67,0.0,0.0
MERKEZ DEPO,282068,440/80-28 (16.9-28) 14PR  EG  TL,LASTIK TICARI,LASSA,OTR,ORS,BCP,69.0,4.0,650000.0,25223.33,30.0,0.0
COMPETUS DEPO,311669,175/65R15 DW510E 84T-2018,LASTIK TUKETICI,DAYTON,KIS,PSR STANDART,PSR 15,1.0,0.0,10000.0,,0.0,0.0
MERKEZ DEPO,3220001821-25,235/60R16 100H SR18 TERRAMAX CVR,LASTIK TUKETICI,SAILUN,YAZ,PSR 4X4-UHP-RFT,PSR 4X4,4.0,0.0,40000.0,5000.0,0.0,0.0
COMPETUS DEPO,3220001823,225/65R17 102H SR18 TERRAMAX CVR-2024,LASTIK TUKETICI,SAILUN,YAZ,PSR 4X4-UHP-RFT,PSR 4X4,8.0,0.0,80000.0,4916.67,0.0,0.0
MERKEZ DEPO,3220001823,225/65R17 102H SR18 TERRAMAX CVR-2024,LASTIK TUKETICI,SAILUN,YAZ,PSR 4X4-UHP-RFT,PSR 4X4,11.0,0.0,110000.0,4916.67,0.0,0.0
MERKEZ DEPO,3220001823-25,225/65R17 102H SR18 TERRAMAX CVR,LASTIK TUKETICI,SAILUN,YAZ,PSR 4X4-UHP-RFT,PSR 4X4,20.0,0.0,200000.0,5000.0,0.0,0.0
MERKEZ DEPO,3220001824-25,235/70R16 106H SR18 TERRAMAX CVR,LASTIK TUKETICI,SAILUN,YAZ,PSR 4X4-UHP-RFT,PSR 4X4,2.0,0.0,20000.0,5000.0,0.0,0.0
IZMIT SUBE DEPO,3220001906-25,225/55R18 98V SR18 TERRAMAX CVR,LASTIK TUKETICI,SAILUN,YAZ,PSR 4X4-UHP-RFT,PSR 4X4,4.0,0.0,40000.0,5333.33,0.0,0.0
MERKEZ DEPO,3220001908-25,235/60R18 103V SR18 TERRAMAX CVR,LASTIK TUKETICI,SAILUN,YAZ,PSR 4X4-UHP-RFT,PSR 4X4,4.0,0.0,40000.0,5500.0,0.0,0.0
MERKEZ DEPO,3220004866-25,165/80R13 83T SH31 ATREZZO ECO,LASTIK TUKETICI,SAILUN,YAZ,PSR STANDART,PSR 13-14,118.0,0.0,1180000.0,2416.67,0.0,0.0
COMPETUS DEPO,3220004869-25,175/70R13 82T SH31 ATREZZO ECO,LASTIK TUKETICI,SAILUN,YAZ,PSR STANDART,PSR 13-14,484.0,0.0,4840000.0,2500.0,0.0,0.0
IZMIT SUBE DEPO,3220004869-25,175/70R13 82T SH31 ATREZZO ECO,LASTIK TUKETICI,SAILUN,YAZ,PSR STANDART,PSR 13-14,8.0,0.0,80000.0,2500.0,0.0,0.0
SANAYI SUBE DEPO,3220004869-25,175/70R13 82T SH31 ATREZZO ECO,LASTIK TUKETICI,SAILUN,YAZ,PSR STANDART,PSR 13-14,12.0,0.0,120000.0,2500.0,0.0,0.0
MERKEZ DEPO,3220004870-25,185/70R13 86T SH31 ATREZZO ECO,LASTIK TUKETICI,SAILUN,YAZ,PSR STANDART,PSR 13-14,4.0,0.0,40000.0,2500.0,0.0,0.0
MERKEZ DEPO,3220004877,175/70R14 84T SH31 ATREZZO ECO-2024 D-B-70db,LASTIK TUKETICI,SAILUN,YAZ,PSR STANDART,PSR 13-14,6.0,0.0,60000.0,2666.67,0.0,0.0
MERKEZ DEPO,3220004877-25,175/70R14 84T SH31 ATREZZO ECO,LASTIK TUKETICI,SAILUN,YAZ,PSR STANDART,PSR 13-14,66.0,0.0,660000.0,2833.33,0.0,0.0
TICARI DEPO,3220004877-25,175/70R14 84T SH31 ATREZZO ECO,LASTIK TUKETICI,SAILUN,YAZ,PSR STANDART,PSR 13-14,4.0,4.0,0.0,2833.33,0.0,0.0
COMPETUS DEPO,3220004878-25,175/70R14 88T XL SH31 ATREZZO ECO,LASTIK TUKETICI,SAILUN,YAZ,PSR STANDART,PSR 13-14,8.0,0.0,80000.0,3000.0,0.0,0.0
MERKEZ DEPO,3220004878-25,175/70R14 88T XL SH31 ATREZZO ECO,LASTIK TUKETICI,SAILUN,YAZ,PSR STANDART,PSR 13-14,16.0,0.0,160000.0,3000.0,0.0,0.0
IZMIT SUBE DEPO,3220004880,185/70R14 88H SH31 ATREZZO ECO-2024 D-B-70db,LASTIK TUKETICI,SAILUN,YAZ,PSR STANDART,PSR 13-14,4.0,0.0,40000.0,2750.0,0.0,0.0
MERKEZ DEPO,3220004880-25,185/70R14 88H SH31 ATREZZO ECO D-B-70db,LASTIK TUKETICI,SAILUN,YAZ,PSR STANDART,PSR 13-14,4.0,0.0,40000.0,3000.0,0.0,0.0
MERKEZ DEPO,3220004882,155/65R14 75T SH31 ATREZZO ECO-2024 D-B-70db,LASTIK TUKETICI,SAILUN,YAZ,PSR STANDART,PSR 13-14,6.0,0.0,60000.0,2500.0,0.0,0.0
IZMIT SUBE DEPO,3220004882,155/65R14 75T SH31 ATREZZO ECO-2024 D-B-70db,LASTIK TUKETICI,SAILUN,YAZ,PSR STANDART,PSR 13-14,4.0,0.0,40000.0,2500.0,0.0,0.0
COMPETUS DEPO,3220004882,155/65R14 75T SH31 ATREZZO ECO-2024 D-B-70db,LASTIK TUKETICI,SAILUN,YAZ,PSR STANDART,PSR 13-14,8.0,0.0,80000.0,2500.0,0.0,0.0
SANAYI SUBE DEPO,3220004882,155/65R14 75T SH31 ATREZZO ECO-2024 D-B-70db,LASTIK TUKETICI,SAILUN,YAZ,PSR STANDART,PSR 13-14,2.0,0.0,20000.0,2500.0,0.0,0.0
MERKEZ DEPO,3220004883,165/65R14 79T SH31 ATREZZO ECO-2024 D-B-70db,LASTIK TUKETICI,SAILUN,YAZ,PSR STANDART,PSR 13-14,6.0,0.0,60000.0,2500.0,0.0,0.0
IZMIT SUBE DEPO,3220004884,175/65R14 82T SH31 ATREZZO ECO-2024 D-B-70db,LASTIK TUKETICI,SAILUN,YAZ,PSR STANDART,PSR 13-14,4.0,0.0,40000.0,2500.0,0.0,0.0
IZMIT SUBE DEPO,3220004884-25,175/65R14 82T SH31 ATREZZO ECO D-B-70db,LASTIK TUKETICI,SAILUN,YAZ,PSR STANDART,PSR 13-14,8.0,0.0,80000.0,2833.33,0.0,0.0
SANAYI SUBE DEPO,3220004884-25,175/65R14 82T SH31 ATREZZO ECO D-B-70db,LASTIK TUKETICI,SAILUN,YAZ,PSR STANDART,PSR 13-14,4.0,0.0,40000.0,2833.33,0.0,0.0
MERKEZ DEPO,3220004884-25,175/65R14 82T SH31 ATREZZO ECO D-B-70db,LASTIK TUKETICI,SAILUN,YAZ,PSR STANDART,PSR 13-14,3181.0,0.0,3181.0,2833.33,0.0,0.0
COMPETUS DEPO,3220004886-25,175/65R14 86T XL SH31 ATREZZO ECO C-B-70db,LASTIK TUKETICI,SAILUN,YAZ,PSR STANDART,PSR 13-14,8.0,0.0,80000.0,3000.0,0.0,0.0
COMPETUS DEPO,3220004890,165/60R14 75H SH31 ATREZZO ECO-2024 D-B-70db,LASTIK TUKETICI,SAILUN,YAZ,PSR STANDART,PSR 13-14,4.0,0.0,40000.0,2500.0,0.0,0.0
COMPETUS DEPO,3220004896-25,175/65R15 84H SH31 ATREZZO ECO,LASTIK TUKETICI,SAILUN,YAZ,PSR STANDART,PSR 15,4.0,0.0,40000.0,3000.0,0.0,0.0
MERKEZ DEPO,3220004902-25,175/55R15 77T SH31 ATREZZO ECO,LASTIK TUKETICI,SAILUN,YAZ,PSR STANDART,PSR 15,4.0,0.0,40000.0,3166.67,0.0,0.0
MERKEZ DEPO,3220004903-25,185/50R16 81V SH32 ATREZZO ELITE,LASTIK TUKETICI,SAILUN,YAZ,PSR STANDART,PSR 16,4.0,0.0,40000.0,3166.67,0.0,0.0
SANAYI SUBE DEPO,3220004905-25,195/55R16 87V SH32 ATREZZO ELITE D-B-70db,LASTIK TUKETICI,SAILUN,YAZ,PSR STANDART,PSR 16,12.0,0.0,120000.0,3666.67,0.0,0.0
IZMIT SUBE DEPO,3220004905-25,195/55R16 87V SH32 ATREZZO ELITE D-B-70db,LASTIK TUKETICI,SAILUN,YAZ,PSR STANDART,PSR 16,11.0,0.0,110000.0,3666.67,0.0,0.0
MERKEZ DEPO,3220004905-25,195/55R16 87V SH32 ATREZZO ELITE D-B-70db,LASTIK TUKETICI,SAILUN,YAZ,PSR STANDART,PSR 16,39.0,0.0,390000.0,3666.67,0.0,0.0
SANAYI SUBE DEPO,3220004912-25,185/55R14 80H SH32 ATREZZO ELITE D-B-70db,LASTIK TUKETICI,SAILUN,YAZ,PSR STANDART,PSR 13-14,2.0,0.0,20000.0,2833.33,0.0,0.0
COMPETUS DEPO,3220004912-25,185/55R14 80H SH32 ATREZZO ELITE D-B-70db,LASTIK TUKETICI,SAILUN,YAZ,PSR STANDART,PSR 13-14,10.0,4.0,60000.0,2833.33,0.0,0.0
SANAYI SUBE DEPO,3220004922,185/65R15 88H SH32 ATREZZO ELITE-2024 D-B-70db,LASTIK TUKETICI,SAILUN,YAZ,PSR STANDART,PSR 15,4.0,0.0,40000.0,2833.33,0.0,0.0
MERKEZ DEPO,3220004922-25,185/65R15 88H SH32 ATREZZO ELITE D-B-70db,LASTIK TUKETICI,SAILUN,YAZ,PSR STANDART,PSR 15,413.0,0.0,4130000.0,2833.33,0.0,0.0
IZMIT SUBE DEPO,3220004922-25,185/65R15 88H SH32 ATREZZO ELITE D-B-70db,LASTIK TUKETICI,SAILUN,YAZ,PSR STANDART,PSR 15,24.0,0.0,240000.0,2833.33,0.0,0.0
SANAYI SUBE DEPO,3220004922-25,185/65R15 88H SH32 ATREZZO ELITE D-B-70db,LASTIK TUKETICI,SAILUN,YAZ,PSR STANDART,PSR 15,20.0,0.0,200000.0,2833.33,0.0,0.0
COMPETUS DEPO,3220004924,185/65R15 92T XL SH32 ATREZZO ELITE-2024 C-B-70db,LASTIK TUKETICI,SAILUN,YAZ,PSR STANDART,PSR 15,3.0,0.0,30000.0,2833.33,0.0,0.0
MERKEZ DEPO,3220004924,185/65R15 92T XL SH32 ATREZZO ELITE-2024 C-B-70db,LASTIK TUKETICI,SAILUN,YAZ,PSR STANDART,PSR 15,181.0,0.0,1810000.0,2833.33,0.0,0.0
TICARI DEPO,3220004924,185/65R15 92T XL SH32 ATREZZO ELITE-2024 C-B-70db,LASTIK TUKETICI,SAILUN,YAZ,PSR STANDART,PSR 15,4.0,4.0,0.0,2833.33,0.0,0.0
EMANET DEPO,3220004924,185/65R15 92T XL SH32 ATREZZO ELITE-2024 C-B-70db,LASTIK TUKETICI,SAILUN,YAZ,PSR STANDART,PSR 15,4.0,0.0,40000.0,2833.33,0.0,0.0
SANAYI SUBE DEPO,3220004926,195/50R15 82V SH32 ATREZZO ELITE-2024 D-B-70db,LASTIK TUKETICI,SAILUN,YAZ,PSR STANDART,PSR 15,1.0,0.0,10000.0,3000.0,0.0,0.0
MERKEZ DEPO,3220004928-25,195/50R16 88V XL SH32 ATREZZO ELITE,LASTIK TUKETICI,SAILUN,YAZ,PSR STANDART,PSR 16,14.0,0.0,140000.0,3750.0,0.0,0.0
MERKEZ DEPO,3220004933,195/60R15 88V SH32 ATREZZO ELITE-2024 D-B-70db,LASTIK TUKETICI,SAILUN,YAZ,PSR STANDART,PSR 15,24.0,0.0,240000.0,3166.67,0.0,0.0
IZMIT SUBE DEPO,3220004933,195/60R15 88V SH32 ATREZZO ELITE-2024 D-B-70db,LASTIK TUKETICI,SAILUN,YAZ,PSR STANDART,PSR 15,8.0,0.0,80000.0,3166.67,0.0,0.0
MERKEZ DEPO,3220004933-25,195/60R15 88V SH32 ATREZZO ELITE,LASTIK TUKETICI,SAILUN,YAZ,PSR STANDART,PSR 15,80.0,0.0,800000.0,3250.0,0.0,0.0
COMPETUS DEPO,3220004933-25,195/60R15 88V SH32 ATREZZO ELITE,LASTIK TUKETICI,SAILUN,YAZ,PSR STANDART,PSR 15,96.0,0.0,960000.0,3250.0,0.0,0.0
IZMIT SUBE DEPO,3220004933-25,195/60R15 88V SH32 ATREZZO ELITE,LASTIK TUKETICI,SAILUN,YAZ,PSR STANDART,PSR 15,4.0,0.0,40000.0,3250.0,0.0,0.0
SANAYI SUBE DEPO,3220004933-25,195/60R15 88V SH32 ATREZZO ELITE,LASTIK TUKETICI,SAILUN,YAZ,PSR STANDART,PSR 15,4.0,0.0,40000.0,3250.0,0.0,0.0
MERKEZ DEPO,3220004935-25,195/60R16 89V SH32 ATREZZO ELITE,LASTIK TUKETICI,SAILUN,YAZ,PSR STANDART,PSR 16,4.0,0.0,40000.0,3750.0,0.0,0.0
COMPETUS DEPO,3220004936,195/65R15 91H SH32 ATREZZO ELITE-2024 C-B-70db,LASTIK TUKETICI,SAILUN,YAZ,PSR STANDART,PSR 15,218.0,0.0,2180000.0,2833.33,0.0,0.0
IZMIT SUBE DEPO,3220004936,195/65R15 91H SH32 ATREZZO ELITE-2024 C-B-70db,LASTIK TUKETICI,SAILUN,YAZ,PSR STANDART,PSR 15,9.0,0.0,90000.0,2833.33,0.0,0.0
MERKEZ DEPO,3220004936,195/65R15 91H SH32 ATREZZO ELITE-2024 C-B-70db,LASTIK TUKETICI,SAILUN,YAZ,PSR STANDART,PSR 15,528.0,0.0,5280000.0,2833.33,0.0,0.0
SANAYI SUBE DEPO,3220004936-25,195/65R15 91H SH32 ATREZZO ELITE C-B-70db,LASTIK TUKETICI,SAILUN,YAZ,PSR STANDART,PSR 15,4.0,0.0,40000.0,3083.33,0.0,0.0
MERKEZ DEPO,3220004936-25,195/65R15 91H SH32 ATREZZO ELITE C-B-70db,LASTIK TUKETICI,SAILUN,YAZ,PSR STANDART,PSR 15,1170.0,0.0,1170.0,3083.33,0.0,0.0
MERKEZ DEPO,3220004939,195/65R15 95H XL SH32 ATREZZO ELITE-2024 C-B-70db,LASTIK TUKETICI,SAILUN,YAZ,PSR STANDART,PSR 15,149.0,0.0,1490000.0,3000.0,0.0,0.0
COMPETUS DEPO,3220004939,195/65R15 95H XL SH32 ATREZZO ELITE-2024 C-B-70db,LASTIK TUKETICI,SAILUN,YAZ,PSR STANDART,PSR 15,100.0,0.0,1000000.0,3000.0,0.0,0.0
COMPETUS DEPO,3220004939-25,195/65R15 95H XL SH32 ATREZZO ELITE C-B-70db,LASTIK TUKETICI,SAILUN,YAZ,PSR STANDART,PSR 15,213.0,0.0,2130000.0,3166.67,0.0,0.0
MERKEZ DEPO,3220004939-25,195/65R15 95H XL SH32 ATREZZO ELITE C-B-70db,LASTIK TUKETICI,SAILUN,YAZ,PSR STANDART,PSR 15,642.0,0.0,6420000.0,3166.67,0.0,0.0
MERKEZ DEPO,3220004942,205/50R16 87V SH32 ATREZZO ELITE-2024 D-B-70db,LASTIK TUKETICI,SAILUN,YAZ,PSR STANDART,PSR 16,2.0,0.0,20000.0,5666.67,0.0,0.0
IZMIT SUBE DEPO,3220004948-25,205/55R17 95V XL SH32 ATREZZO ELITE,LASTIK TUKETICI,SAILUN,YAZ,PSR 4X4-UHP-RFT,PSR UHP,4.0,0.0,40000.0,4083.33,0.0,0.0
MERKEZ DEPO,3220004948-25,205/55R17 95V XL SH32 ATREZZO ELITE,LASTIK TUKETICI,SAILUN,YAZ,PSR 4X4-UHP-RFT,PSR UHP,10.0,0.0,100000.0,4083.33,0.0,0.0
COMPETUS DEPO,3220004948-25,205/55R17 95V XL SH32 ATREZZO ELITE,LASTIK TUKETICI,SAILUN,YAZ,PSR 4X4-UHP-RFT,PSR UHP,6.0,0.0,60000.0,4083.33,0.0,0.0
IZMIT SUBE DEPO,3220004950,205/60R15 91V SH32 ATREZZO ELITE-2024 C-B-70db,LASTIK TUKETICI,SAILUN,YAZ,PSR STANDART,PSR 15,4.0,0.0,40000.0,3416.67,0.0,0.0
IZMIT SUBE DEPO,3220004957-25,215/55R18 99V XL SH32 ATREZZO ELITE,LASTIK TUKETICI,SAILUN,YAZ,PSR 4X4-UHP-RFT,PSR UHP,4.0,0.0,40000.0,4916.67,0.0,0.0
MERKEZ DEPO,3220004957-25,215/55R18 99V XL SH32 ATREZZO ELITE,LASTIK TUKETICI,SAILUN,YAZ,PSR 4X4-UHP-RFT,PSR UHP,24.0,0.0,240000.0,4916.67,0.0,0.0
MERKEZ DEPO,3220004962-25,215/60R16 99V XL SH32 ATREZZO ELITE,LASTIK TUKETICI,SAILUN,YAZ,PSR STANDART,PSR 16,12.0,0.0,120000.0,4833.33,0.0,0.0
MERKEZ DEPO,3220004973-25,225/60R18 104W XL SH32 ATREZZO ELITE,LASTIK TUKETICI,SAILUN,YAZ,PSR 4X4-UHP-RFT,PSR UHP,24.0,0.0,240000.0,5000.0,0.0,0.0
MERKEZ DEPO,3220004975-25,235/60R17 102V SH32 ATREZZO ELITE,LASTIK TUKETICI,SAILUN,YAZ,PSR 4X4-UHP-RFT,PSR UHP,60.0,0.0,600000.0,5000.0,0.0,0.0
MERKEZ DEPO,3220004979,195/65R15 91T SW4S ATREZZO 4SEASONS-2024,LASTIK TUKETICI,SAILUN,4 MEVSIM,PSR STANDART,PSR 15,82.0,0.0,820000.0,3000.0,0.0,0.0
COMPETUS DEPO,3220004980,215/60R16 99H XL SW4S ATREZZO 4SEASONS-2024 C-C-72db,LASTIK TUKETICI,SAILUN,4 MEVSIM,PSR STANDART,PSR 16,4.0,0.0,40000.0,4416.67,0.0,0.0
MERKEZ DEPO,3220004980-25,215/60R16 99H XL SW4S ATREZZO 4SEASONS C-C-72db,LASTIK TUKETICI,SAILUN,4 MEVSIM,PSR STANDART,PSR 16,4.0,0.0,40000.0,4416.67,0.0,0.0
MERKEZ DEPO,3220005049,245/40ZR17 95Y XL SU18 ATREZZO ZSR-2024,LASTIK TUKETICI,SAILUN,YAZ,PSR 4X4-UHP-RFT,PSR UHP,4.0,0.0,40000.0,4250.0,0.0,0.0
SANAYI SUBE DEPO,3220005049-25,245/40ZR17 95Y XL SU18 ATREZZO ZSR,LASTIK TUKETICI,SAILUN,YAZ,PSR 4X4-UHP-RFT,PSR UHP,2.0,0.0,20000.0,4750.0,0.0,0.0
MERKEZ DEPO,3220005049-25,245/40ZR17 95Y XL SU18 ATREZZO ZSR,LASTIK TUKETICI,SAILUN,YAZ,PSR 4X4-UHP-RFT,PSR UHP,4.0,0.0,40000.0,4750.0,0.0,0.0
MERKEZ DEPO,3220005312-25,235/70R16 106S SV12 TERRAMAX A/T,LASTIK TUKETICI,SAILUN,YAZ,PSR 4X4-UHP-RFT,PSR 4X4,2.0,0.0,20000.0,5000.0,0.0,0.0
COMPETUS DEPO,3220005316,235/75R15 109S XL SV12 TERRAMAX A/T-2024,LASTIK TUKETICI,SAILUN,YAZ,PSR 4X4-UHP-RFT,PSR 4X4,4.0,0.0,40000.0,4500.0,0.0,0.0
MERKEZ DEPO,3220005316-25,235/75R15 109S XL SV12 TERRAMAX A/T,LASTIK TUKETICI,SAILUN,YAZ,PSR 4X4-UHP-RFT,PSR 4X4,4.0,0.0,40000.0,5000.0,0.0,0.0
COMPETUS DEPO,3220005319,235/65R17 104S SV12 TERRAMAX A/T-2024,LASTIK TUKETICI,SAILUN,YAZ,PSR 4X4-UHP-RFT,PSR 4X4,8.0,0.0,80000.0,5083.33,0.0,0.0
MERKEZ DEPO,3220005319-25,235/65R17 104S SV12 TERRAMAX A/T,LASTIK TUKETICI,SAILUN,4 MEVSIM,PSR 4X4-UHP-RFT,PSR 4X4,16.0,0.0,160000.0,5666.67,0.0,0.0
MERKEZ DEPO,3220005386-25,185/65R15 88T SW4S ATREZZO 4SEASONS D-C-71db,LASTIK TUKETICI,SAILUN,4 MEVSIM,PSR STANDART,PSR 15,1.0,0.0,10000.0,2833.33,0.0,0.0
MERKEZ DEPO,3220005391-25,195/55R15 85H SW4S ATREZZO 4SEASONS D-C-72db,LASTIK TUKETICI,SAILUN,4 MEVSIM,PSR STANDART,PSR 15,4.0,0.0,40000.0,3583.33,0.0,0.0
COMPETUS DEPO,3220005396,175/65R15 88H XL SW4S ATREZZO 4SEASONS-2024 D-C-71db,LASTIK TUKETICI,SAILUN,4 MEVSIM,PSR STANDART,PSR 15,4.0,0.0,40000.0,2750.0,0.0,0.0
MERKEZ DEPO,3220005397,195/55R16 87V SW4S ATREZZO 4SEASONS-2024 D-C-72db,LASTIK TUKETICI,SAILUN,4 MEVSIM,PSR STANDART,PSR 16,1.0,0.0,10000.0,3500.0,0.0,0.0
COMPETUS DEPO,3220005397,195/55R16 87V SW4S ATREZZO 4SEASONS-2024 D-C-72db,LASTIK TUKETICI,SAILUN,4 MEVSIM,PSR STANDART,PSR 16,2.0,0.0,20000.0,3500.0,0.0,0.0
COMPETUS DEPO,3220005409,195R14C 106/104R 8PR WSL1 ENDURE WSL1-2024 C-B-72db,LASTIK TUKETICI,SAILUN,KIS,MINIBUS / KAMYONET,LVR,1.0,0.0,10000.0,2750.0,0.0,0.0
MERKEZ DEPO,3220005488-25,295/35ZR21 107Y XL SU18 ATREZZO ZSR SUV,LASTIK TUKETICI,SAILUN,YAZ,PSR 4X4-UHP-RFT,PSR 4X4,4.0,0.0,40000.0,6750.0,0.0,0.0
MERKEZ DEPO,3220005528-25,295/40ZR22 112Y XL SU18 ATREZZO ZSR SUV,LASTIK TUKETICI,SAILUN,YAZ,PSR 4X4-UHP-RFT,PSR 4X4,4.0,0.0,40000.0,8166.67,0.0,0.0
MERKEZ DEPO,3220005533-25,255/50ZR20 109Y XL SU18 ATREZZO ZSR SUV,LASTIK TUKETICI,SAILUN,YAZ,PSR 4X4-UHP-RFT,PSR 4X4,16.0,0.0,160000.0,6750.0,0.0,0.0
MERKEZ DEPO,3220005637,255/50ZR19 107Y XL SU18 ATREZZO ZSR SUV C-B-72db,LASTIK TUKETICI,SAILUN,YAZ,PSR 4X4-UHP-RFT,PSR 4X4,4.0,0.0,40000.0,5666.67,0.0,0.0
MERKEZ DEPO,3220005637-25,255/50ZR19 107Y XL SU18 ATREZZO ZSR SUV,LASTIK TUKETICI,SAILUN,YAZ,PSR 4X4-UHP-RFT,PSR 4X4,12.0,0.0,120000.0,6250.0,0.0,0.0
COMPETUS DEPO,3220005639,255/55ZR20 110Y XL SU18 ATREZZO ZSR SUV-2024 C-B-72db,LASTIK TUKETICI,SAILUN,YAZ,PSR 4X4-UHP-RFT,PSR 4X4,4.0,0.0,40000.0,6750.0,0.0,0.0
MERKEZ DEPO,3220005639-25,255/55ZR20 110Y XL SU18 ATREZZO ZSR SUV,LASTIK TUKETICI,SAILUN,YAZ,PSR 4X4-UHP-RFT,PSR 4X4,4.0,0.0,40000.0,6916.67,0.0,0.0
MERKEZ DEPO,3220005653-25,195/55RF16 87V SU18 ATREZZO ZSR,LASTIK TUKETICI,SAILUN,YAZ,PSR 4X4-UHP-RFT,PSR RFT,4.0,0.0,40000.0,5500.0,0.0,0.0
COMPETUS DEPO,3220005739,205/50ZRF17 89W SU18 ATREZZO ZSR-2024 D-B-71db,LASTIK TUKETICI,SAILUN,YAZ,PSR 4X4-UHP-RFT,PSR RFT,4.0,0.0,40000.0,5083.33,0.0,0.0
MERKEZ DEPO,3220005739-25,205/50ZRF17 89W SU18 ATREZZO ZSR,LASTIK TUKETICI,SAILUN,YAZ,PSR 4X4-UHP-RFT,PSR RFT,4.0,0.0,40000.0,5666.67,0.0,0.0
MERKEZ DEPO,3220005740-25,205/55ZRF16 91W SU18 ATREZZO ZSR,LASTIK TUKETICI,SAILUN,YAZ,PSR 4X4-UHP-RFT,PSR RFT,4.0,0.0,40000.0,5500.0,0.0,0.0
MERKEZ DEPO,3220005741-25,225/40ZRF18 92Y XL SU18 ATREZZO ZSR,LASTIK TUKETICI,SAILUN,YAZ,PSR 4X4-UHP-RFT,PSR RFT,4.0,0.0,40000.0,5666.67,0.0,0.0
MERKEZ DEPO,3220005743-25,225/45ZRF17 91Y SU18 ATREZZO ZSR,LASTIK TUKETICI,SAILUN,YAZ,PSR 4X4-UHP-RFT,PSR RFT,4.0,0.0,40000.0,5000.0,0.0,0.0
MERKEZ DEPO,3220005745,245/40ZRF18 97Y XL SU18 ATREZZO ZSR-2024 D-B-71db,LASTIK TUKETICI,SAILUN,YAZ,PSR 4X4-UHP-RFT,PSR RFT,10.0,0.0,100000.0,5000.0,0.0,0.0
COMPETUS DEPO,3220005745,245/40ZRF18 97Y XL SU18 ATREZZO ZSR-2024 D-B-71db,LASTIK TUKETICI,SAILUN,YAZ,PSR 4X4-UHP-RFT,PSR RFT,4.0,0.0,40000.0,5000.0,0.0,0.0
MERKEZ DEPO,3220005745-25,245/40ZRF18 97Y XL SU18 ATREZZO ZSR D-B-71db,LASTIK TUKETICI,SAILUN,YAZ,PSR 4X4-UHP-RFT,PSR RFT,8.0,0.0,80000.0,5500.0,0.0,0.0
MERKEZ DEPO,3220005746-25,255/35ZRF18 90Y SU18 ATREZZO ZSR,LASTIK TUKETICI,SAILUN,YAZ,PSR 4X4-UHP-RFT,PSR RFT,4.0,0.0,40000.0,6166.67,0.0,0.0
MERKEZ DEPO,3220005747-25,245/40ZRF19 98Y XL SU18 ATREZZO ZSR,LASTIK TUKETICI,SAILUN,YAZ,PSR 4X4-UHP-RFT,PSR RFT,2.0,0.0,20000.0,6250.0,0.0,0.0
SANAYI SUBE DEPO,3220005750-25,275/35ZRF19 100Y XL SU18 ATREZZO ZSR,LASTIK TUKETICI,SAILUN,YAZ,PSR 4X4-UHP-RFT,PSR RFT,2.0,0.0,20000.0,5916.67,0.0,0.0
IZMIT SUBE DEPO,3220006362,225/55R16 99W XL SW4S ATREZZO 4SEASONS-2024 C-C-72db,LASTIK TUKETICI,SAILUN,4 MEVSIM,PSR STANDART,PSR 16,2.0,0.0,20000.0,4083.33,0.0,0.0
IZMIT SUBE DEPO,3220006511-25,235/50ZR19 99W SR18 TERRAMAX CVR,LASTIK TUKETICI,SAILUN,YAZ,PSR 4X4-UHP-RFT,PSR 4X4,4.0,0.0,40000.0,6000.0,0.0,0.0
MERKEZ DEPO,3220006513-25,235/55R19 101V SR18 TERRAMAX CVR,LASTIK TUKETICI,SAILUN,YAZ,PSR 4X4-UHP-RFT,PSR 4X4,4.0,0.0,40000.0,6250.0,0.0,0.0
IZMIT SUBE DEPO,3220006557,245/50ZRF18 100Y SU18 ATREZZO ZSR-2024 D-B-71db,LASTIK TUKETICI,SAILUN,YAZ,PSR 4X4-UHP-RFT,PSR RFT,4.0,0.0,40000.0,6916.67,0.0,0.0
MERKEZ DEPO,3220006558-25,245/45ZRF18 100W XL SU18 ATREZZO ZSR,LASTIK TUKETICI,SAILUN,YAZ,PSR 4X4-UHP-RFT,PSR RFT,2.0,0.0,20000.0,6166.67,0.0,0.0
IZMIT SUBE DEPO,3220006558-25,245/45ZRF18 100W XL SU18 ATREZZO ZSR,LASTIK TUKETICI,SAILUN,YAZ,PSR 4X4-UHP-RFT,PSR RFT,4.0,0.0,40000.0,6166.67,0.0,0.0
MERKEZ DEPO,3220006568-25,215/65R17 99V SH32 ATREZZO ELITE,LASTIK TUKETICI,SAILUN,YAZ,PSR 4X4-UHP-RFT,PSR UHP,1.0,0.0,10000.0,4916.67,0.0,0.0
IZMIT SUBE DEPO,3220006569-25,215/60R17 96V SH32 ATREZZO ELITE,LASTIK TUKETICI,SAILUN,YAZ,PSR 4X4-UHP-RFT,PSR UHP,4.0,0.0,40000.0,4916.67,0.0,0.0
SANAYI SUBE DEPO,3220006569-25,215/60R17 96V SH32 ATREZZO ELITE,LASTIK TUKETICI,SAILUN,YAZ,PSR 4X4-UHP-RFT,PSR UHP,4.0,0.0,40000.0,4916.67,0.0,0.0
MERKEZ DEPO,3220006569-25,215/60R17 96V SH32 ATREZZO ELITE,LASTIK TUKETICI,SAILUN,YAZ,PSR 4X4-UHP-RFT,PSR UHP,1.0,0.0,10000.0,4916.67,0.0,0.0
SANAYI SUBE DEPO,3220006571-25,215/65R16 102V XL SH32 ATREZZO ELITE,LASTIK TUKETICI,SAILUN,YAZ,PSR STANDART,PSR 16,8.0,0.0,80000.0,4416.67,0.0,0.0
IZMIT SUBE DEPO,3220006571-25,215/65R16 102V XL SH32 ATREZZO ELITE,LASTIK TUKETICI,SAILUN,YAZ,PSR STANDART,PSR 16,5.0,0.0,50000.0,4416.67,0.0,0.0
MERKEZ DEPO,3220006571-25,215/65R16 102V XL SH32 ATREZZO ELITE,LASTIK TUKETICI,SAILUN,YAZ,PSR STANDART,PSR 16,150.0,0.0,1500000.0,4416.67,0.0,0.0
COMPETUS DEPO,3220006572-25,235/55R17 103V XL SH32 ATREZZO ELITE,LASTIK TUKETICI,SAILUN,YAZ,PSR 4X4-UHP-RFT,PSR UHP,8.0,0.0,80000.0,5416.67,0.0,0.0
MERKEZ DEPO,3220006737-25,225/45ZR19 96Y XL SU18 ATREZZO ZSR SUV,LASTIK TUKETICI,SAILUN,YAZ,PSR 4X4-UHP-RFT,PSR 4X4,16.0,0.0,160000.0,5916.67,0.0,0.0
MERKEZ DEPO,3220006738,225/55R19 99V SU18 ATREZZO ZSR SUV-2024,LASTIK TUKETICI,SAILUN,YAZ,PSR 4X4-UHP-RFT,PSR 4X4,4.0,0.0,40000.0,5083.33,0.0,0.0
MERKEZ DEPO,3220006738-25,225/55R19 99V SU18 ATREZZO ZSR SUV,LASTIK TUKETICI,SAILUN,YAZ,PSR 4X4-UHP-RFT,PSR 4X4,8.0,0.0,80000.0,5666.67,0.0,0.0
MERKEZ DEPO,3220006748-25,265/35ZR22 102Y XL SU18 ATREZZO ZSR SUV,LASTIK TUKETICI,SAILUN,YAZ,PSR 4X4-UHP-RFT,PSR 4X4,4.0,0.0,40000.0,8166.67,0.0,0.0
MERKEZ DEPO,3220006749,255/55ZR19 111W XL SU18 ATREZZO ZSR SUV-2024 C-B-72db,LASTIK TUKETICI,SAILUN,YAZ,PSR 4X4-UHP-RFT,PSR 4X4,4.0,0.0,40000.0,6250.0,0.0,0.0
COMPETUS DEPO,3220006749,255/55ZR19 111W XL SU18 ATREZZO ZSR SUV-2024 C-B-72db,LASTIK TUKETICI,SAILUN,YAZ,PSR 4X4-UHP-RFT,PSR 4X4,4.0,0.0,40000.0,6250.0,0.0,0.0
MERKEZ DEPO,3220006750-25,285/45ZR19 111Y XL SU18 ATREZZO ZSR SUV,LASTIK TUKETICI,SAILUN,YAZ,PSR 4X4-UHP-RFT,PSR 4X4,4.0,0.0,40000.0,7500.0,0.0,0.0
COMPETUS DEPO,3220006751,265/50ZR19 110Y XL SU18 ATREZZO ZSR SUV-2024 C-B-72db,LASTIK TUKETICI,SAILUN,YAZ,PSR 4X4-UHP-RFT,PSR 4X4,4.0,0.0,40000.0,6000.0,0.0,0.0
MERKEZ DEPO,3220006751-25,265/50ZR19 110Y XL SU18 ATREZZO ZSR SUV C-B-72db,LASTIK TUKETICI,SAILUN,YAZ,PSR 4X4-UHP-RFT,PSR 4X4,4.0,0.0,40000.0,6250.0,0.0,0.0
MERKEZ DEPO,3220006753-25,265/45ZR20 108Y XL SU18 ATREZZO ZSR SUV,LASTIK TUKETICI,SAILUN,YAZ,PSR 4X4-UHP-RFT,PSR 4X4,4.0,0.0,40000.0,7500.0,0.0,0.0
MERKEZ DEPO,3220006755-25,275/50ZR20 113W XL SU18 ATREZZO ZSR SUV,LASTIK TUKETICI,SAILUN,YAZ,PSR 4X4-UHP-RFT,PSR 4X4,4.0,0.0,40000.0,7500.0,0.0,0.0
MERKEZ DEPO,3220006756-25,285/35ZR22 106Y XL SU18 ATREZZO ZSR SUV,LASTIK TUKETICI,SAILUN,YAZ,PSR 4X4-UHP-RFT,PSR 4X4,2.0,0.0,20000.0,11000.0,0.0,0.0
MERKEZ DEPO,3220006954,205/55R16 91H WSL3+ ICE BLAZER ALPINE +-2024 D-C-72db,LASTIK TUKETICI,SAILUN,KIS,PSR STANDART,PSR 16,1.0,0.0,10000.0,3416.67,0.0,0.0
MERKEZ DEPO,3220006959,155/65R14 75T WSL3+ ICE BLAZER ALPINE + E-C-71db,LASTIK TUKETICI,SAILUN,KIS,PSR STANDART,PSR 13-14,12.0,0.0,120000.0,2750.0,0.0,0.0
COMPETUS DEPO,3220006969,175/65R14 82T WSL3+ ICE BLAZER ALPINE +-2024 E-C-71db,LASTIK TUKETICI,SAILUN,KIS,PSR STANDART,PSR 13-14,557.0,0.0,5570000.0,2750.0,0.0,0.0
MERKEZ DEPO,3220006970,175/65R15 84T WSL3+ ICE BLAZER ALPINE + E-C-71db,LASTIK TUKETICI,SAILUN,KIS,PSR STANDART,PSR 15,4.0,0.0,40000.0,3083.33,0.0,0.0
COMPETUS DEPO,3220006978,185/60R15 88T XL WSL3+ ICE BLAZER ALPINE +-2024 D-C-71db,LASTIK TUKETICI,SAILUN,KIS,PSR STANDART,PSR 15,126.0,0.0,1260000.0,3416.67,0.0,0.0
COMPETUS DEPO,3220006980,185/65R15 88H WSL3+ ICE BLAZER ALPINE +-2024 E-C-71db,LASTIK TUKETICI,SAILUN,KIS,PSR STANDART,PSR 15,2.0,0.0,20000.0,3166.67,0.0,0.0
COMPETUS DEPO,3220006981,195/45R16 84H XL WSL3+ ICE BLAZER ALPINE + E-C-72db,LASTIK TUKETICI,SAILUN,KIS,PSR STANDART,PSR 16,2.0,0.0,20000.0,4083.33,0.0,0.0
COMPETUS DEPO,3220006985,195/55R16 87H WSL3+ ICE BLAZER ALPINE +-2024 D-C-72db,LASTIK TUKETICI,SAILUN,KIS,PSR STANDART,PSR 16,35.0,0.0,350000.0,3833.33,0.0,0.0
IZMIT SUBE DEPO,3220006985,195/55R16 87H WSL3+ ICE BLAZER ALPINE +-2024 D-C-72db,LASTIK TUKETICI,SAILUN,KIS,PSR STANDART,PSR 16,7.0,0.0,70000.0,3833.33,0.0,0.0
COMPETUS DEPO,3220006986,195/60R15 88H WSL3+ ICE BLAZER ALPINE +-2024 D-C-72db,LASTIK TUKETICI,SAILUN,KIS,PSR STANDART,PSR 15,1.0,0.0,10000.0,3416.67,0.0,0.0
MERKEZ DEPO,3220006988,195/65R15 91T WSL3+ ICE BLAZER ALPINE +-2024 D-C-72db,LASTIK TUKETICI,SAILUN,KIS,PSR STANDART,PSR 15,1.0,0.0,10000.0,3166.67,0.0,0.0
COMPETUS DEPO,3220006988,195/65R15 91T WSL3+ ICE BLAZER ALPINE +-2024 D-C-72db,LASTIK TUKETICI,SAILUN,KIS,PSR STANDART,PSR 15,457.0,0.0,4570000.0,3166.67,0.0,0.0
IZMIT SUBE DEPO,3220006988,195/65R15 91T WSL3+ ICE BLAZER ALPINE +-2024 D-C-72db,LASTIK TUKETICI,SAILUN,KIS,PSR STANDART,PSR 15,8.0,0.0,80000.0,3166.67,0.0,0.0
IZMIT SUBE DEPO,3220006989,195/65R15 95T XL WSL3+ ICE BLAZER ALPINE +-2024 D-C-72db,LASTIK TUKETICI,SAILUN,KIS,PSR STANDART,PSR 15,4.0,0.0,40000.0,3250.0,0.0,0.0
COMPETUS DEPO,3220006989,195/65R15 95T XL WSL3+ ICE BLAZER ALPINE +-2024 D-C-72db,LASTIK TUKETICI,SAILUN,KIS,PSR STANDART,PSR 15,308.0,0.0,3080000.0,3250.0,0.0,0.0
COMPETUS DEPO,3220006992,205/50R17 93H XL WSL3+ ICE BLAZER ALPINE +-2024 D-C-72db,LASTIK TUKETICI,SAILUN,KIS,PSR 4X4-UHP-RFT,PSR UHP,2.0,0.0,20000.0,4750.0,0.0,0.0
MERKEZ DEPO,3220007134-25,195/75R16C 107/105R 8PR RXQUEST C02,LASTIK TUKETICI,ROADX,YAZ,MINIBUS / KAMYONET,LVR,4.0,0.0,40000.0,4916.67,0.0,0.0
MERKEZ DEPO,3220007149-25,225/60R17 99H RXQUEST H/T02,LASTIK TUKETICI,ROADX,YAZ,PSR 4X4-UHP-RFT,PSR 4X4,4.0,0.0,40000.0,5333.33,0.0,0.0
MERKEZ DEPO,3220007173-25,195R14C 106/104Q 8PR RXQUEST C02,LASTIK TUKETICI,ROADX,YAZ,MINIBUS / KAMYONET,LVR,32.0,0.0,320000.0,3666.67,0.0,0.0
MERKEZ DEPO,3220007326-25,195/65R15 91H RXMOTION 4S,LASTIK TUKETICI,ROADX,4 MEVSIM,PSR STANDART,PSR 15,40.0,0.0,400000.0,3000.0,0.0,0.0
MERKEZ DEPO,3220007348-25,225/55R16 99V XL RXMOTION 4S,LASTIK TUKETICI,ROADX,4 MEVSIM,PSR STANDART,PSR 16,4.0,0.0,40000.0,4916.67,0.0,0.0
MERKEZ DEPO,3220007375-25,165/80R13 83T RXMOTION H11,LASTIK TUKETICI,ROADX,YAZ,PSR STANDART,PSR 13-14,60.0,0.0,600000.0,2250.0,0.0,0.0
MERKEZ DEPO,3220007419-25,175/65R14 82T RXMOTION H11,LASTIK TUKETICI,ROADX,YAZ,PSR STANDART,PSR 13-14,192.0,0.0,1920000.0,2500.0,0.0,0.0
MERKEZ DEPO,3220007510-25,225/60R18 100V RXQUEST SU01,LASTIK TUKETICI,ROADX,YAZ,PSR 4X4-UHP-RFT,PSR UHP,4.0,0.0,40000.0,5000.0,0.0,0.0
COMPETUS DEPO,3220009597,195/65R15 91H SW4S ATREZZO 4SEASONS-2024 D-C-72db,LASTIK TUKETICI,SAILUN,4 MEVSIM,PSR STANDART,PSR 15,238.0,0.0,2380000.0,3083.33,0.0,0.0
MERKEZ DEPO,3220009597,195/65R15 91H SW4S ATREZZO 4SEASONS-2024 D-C-72db,LASTIK TUKETICI,SAILUN,4 MEVSIM,PSR STANDART,PSR 15,91.0,0.0,910000.0,3083.33,0.0,0.0
SANAYI SUBE DEPO,3220009597,195/65R15 91H SW4S ATREZZO 4SEASONS-2024 D-C-72db,LASTIK TUKETICI,SAILUN,4 MEVSIM,PSR STANDART,PSR 15,20.0,0.0,200000.0,3083.33,0.0,0.0
EMANET DEPO,3220009597,195/65R15 91H SW4S ATREZZO 4SEASONS-2024 D-C-72db,LASTIK TUKETICI,SAILUN,4 MEVSIM,PSR STANDART,PSR 15,4.0,0.0,40000.0,3083.33,0.0,0.0
COMPETUS DEPO,3220009598,195/65R15 95T XL SW4S ATREZZO 4SEASONS-2024 D-C-72db,LASTIK TUKETICI,SAILUN,4 MEVSIM,PSR STANDART,PSR 15,12.0,0.0,120000.0,3083.33,0.0,0.0
MERKEZ DEPO,3220009599,205/55R16 91H SW4S ATREZZO 4SEASONS-2024 D-C-72db,LASTIK TUKETICI,SAILUN,4 MEVSIM,PSR STANDART,PSR 16,1.0,0.0,10000.0,3166.67,0.0,0.0
MERKEZ DEPO,3220009838-25,215/55R18 99V XL RXMOTION H12,LASTIK TUKETICI,ROADX,YAZ,PSR 4X4-UHP-RFT,PSR UHP,4.0,0.0,40000.0,4916.67,0.0,0.0
COMPETUS DEPO,3220009869,265/70R16 112T WST3 ICE BLAZER-2024 C-D-73db,LASTIK TUKETICI,SAILUN,KIS,PSR 4X4-UHP-RFT,PSR 4X4,4.0,0.0,40000.0,5416.67,0.0,0.0
MERKEZ DEPO,3220010097-25,255/60R18 112V XL SU18 ATREZZO ZSR SUV,LASTIK TUKETICI,SAILUN,YAZ,PSR 4X4-UHP-RFT,PSR 4X4,58.0,0.0,580000.0,5666.67,0.0,0.0
MERKEZ DEPO,3220010443,195/60R16C 99/97H 6PR RXQUEST C02-2024,LASTIK TUKETICI,ROADX,YAZ,MINIBUS / KAMYONET,LVR,1.0,0.0,10000.0,4416.67,0.0,0.0
COMPETUS DEPO,3220010458,155/65R14 75T SW4S ATREZZO 4SEASONS-2024 D-C-71db,LASTIK TUKETICI,SAILUN,4 MEVSIM,PSR STANDART,PSR 13-14,4.0,0.0,40000.0,2500.0,0.0,0.0
MERKEZ DEPO,3220010458-25,155/65R14 75T SW4S ATREZZO 4SEASONS D-C-71db,LASTIK TUKETICI,SAILUN,4 MEVSIM,PSR STANDART,PSR 13-14,4.0,0.0,40000.0,2500.0,0.0,0.0
MERKEZ DEPO,3220010465-25,215/65R16 102V XL SW4S ATREZZO 4SEASONS,LASTIK TUKETICI,SAILUN,4 MEVSIM,PSR STANDART,PSR 16,2.0,0.0,20000.0,4083.33,0.0,0.0
MERKEZ DEPO,3220011865,225/65R16C 112/110T 8PR SL4S COMMERCIO 4 SEASONS-2024 C-A-72db,LASTIK TUKETICI,SAILUN,4 MEVSIM,MINIBUS / KAMYONET,LVR,2.0,0.0,20000.0,5000.0,0.0,0.0
COMPETUS DEPO,3220011865,225/65R16C 112/110T 8PR SL4S COMMERCIO 4 SEASONS-2024 C-A-72db,LASTIK TUKETICI,SAILUN,4 MEVSIM,MINIBUS / KAMYONET,LVR,2.0,0.0,20000.0,5000.0,0.0,0.0
COMPETUS DEPO,3220011865-25,225/65R16C 112/110T 8PR SL4S COMMERCIO 4 SEASONS C-A-72db,LASTIK TUKETICI,SAILUN,4 MEVSIM,MINIBUS / KAMYONET,LVR,9.0,0.0,90000.0,5000.0,0.0,0.0
MERKEZ DEPO,3220011865-25,225/65R16C 112/110T 8PR SL4S COMMERCIO 4 SEASONS C-A-72db,LASTIK TUKETICI,SAILUN,4 MEVSIM,MINIBUS / KAMYONET,LVR,10.0,0.0,100000.0,5000.0,0.0,0.0
COMPETUS DEPO,3220012021-25,225/45ZR17 94Y XL SW4S ATREZZO 4SEASONS D-C-72db,LASTIK TUKETICI,SAILUN,4 MEVSIM,PSR 4X4-UHP-RFT,PSR UHP,1.0,0.0,10000.0,3500.0,0.0,0.0
COMPETUS DEPO,3220012049,225/40R18 92V XL WSL3A1 ICE BLAZER ALPINE EVO1-2024,LASTIK TUKETICI,SAILUN,KIS,PSR 4X4-UHP-RFT,PSR 4X4,6.0,0.0,60000.0,4083.33,0.0,0.0
IZMIT SUBE DEPO,3220012049,225/40R18 92V XL WSL3A1 ICE BLAZER ALPINE EVO1-2024,LASTIK TUKETICI,SAILUN,KIS,PSR 4X4-UHP-RFT,PSR 4X4,4.0,0.0,40000.0,4083.33,0.0,0.0
MERKEZ DEPO,3220012054,235/45R18 98V XL WSL3A1 ICE BLAZER ALPINE EVO1,LASTIK TUKETICI,SAILUN,KIS,PSR 4X4-UHP-RFT,PSR 4X4,3.0,0.0,30000.0,4083.33,0.0,0.0
COMPETUS DEPO,3220012055,245/45R17 99V XL WSL3A1 ICE BLAZER ALPINE EVO1-2024,LASTIK TUKETICI,SAILUN,KIS,PSR 4X4-UHP-RFT,PSR UHP,8.0,0.0,80000.0,4750.0,0.0,0.0
COMPETUS DEPO,3220012060,225/55R16 99V XL WSL3A1 ICE BLAZER ALPINE EVO1-2024 D-B-72db,LASTIK TUKETICI,SAILUN,KIS,PSR STANDART,PSR 16,4.0,0.0,40000.0,4083.33,0.0,0.0
MERKEZ DEPO,3220012063,215/70R16 100H WSL3A1 ICE BLAZER ALPINE EVO1 D-B-72db,LASTIK TUKETICI,SAILUN,KIS,PSR 4X4-UHP-RFT,PSR 4X4,4.0,0.0,40000.0,4750.0,0.0,0.0
MERKEZ DEPO,3220012064,215/55R17 98V XL WSL3A1 ICE BLAZER ALPINE EVO1 D-B-72db,LASTIK TUKETICI,SAILUN,KIS,PSR 4X4-UHP-RFT,PSR 4X4,2.0,0.0,20000.0,5250.0,0.0,0.0
COMPETUS DEPO,3220012065,245/40R18 97V XL WSL3A1 ICE BLAZER ALPINE EVO1-2024,LASTIK TUKETICI,SAILUN,KIS,PSR 4X4-UHP-RFT,PSR 4X4,14.0,0.0,140000.0,4750.0,0.0,0.0
MERKEZ DEPO,3220012065,245/40R18 97V XL WSL3A1 ICE BLAZER ALPINE EVO1-2024,LASTIK TUKETICI,SAILUN,KIS,PSR 4X4-UHP-RFT,PSR 4X4,6.0,0.0,60000.0,4750.0,0.0,0.0
MERKEZ DEPO,3220012067,215/65R17 99V WSL3A1 ICE BLAZER ALPINE EVO1-2024,LASTIK TUKETICI,SAILUN,KIS,PSR 4X4-UHP-RFT,PSR 4X4,2.0,0.0,20000.0,4083.33,0.0,0.0
IZMIT SUBE DEPO,3220012069,225/65R17 106H XL WSL3A1 ICE BLAZER ALPINE EVO1-2024,LASTIK TUKETICI,SAILUN,KIS,PSR 4X4-UHP-RFT,PSR 4X4,4.0,0.0,40000.0,4750.0,0.0,0.0
MERKEZ DEPO,3220012073,225/50R18 99V XL WSL3A1 ICE BLAZER ALPINE EVO1,LASTIK TUKETICI,SAILUN,KIS,PSR 4X4-UHP-RFT,PSR 4X4,2.0,0.0,20000.0,5083.33,0.0,0.0
COMPETUS DEPO,3220012075,225/60R18 104V XL WSL3A1 ICE BLAZER ALPINE EVO1,LASTIK TUKETICI,SAILUN,KIS,PSR 4X4-UHP-RFT,PSR 4X4,2.0,0.0,20000.0,5083.33,0.0,0.0
COMPETUS DEPO,3220012076,235/40R18 95V XL WSL3A1 ICE BLAZER ALPINE EVO1-2024,LASTIK TUKETICI,SAILUN,KIS,PSR 4X4-UHP-RFT,PSR 4X4,4.0,0.0,40000.0,4083.33,0.0,0.0
IZMIT SUBE DEPO,3220012078,235/55R18 104H XL WSL3A1 ICE BLAZER ALPINE EVO1,LASTIK TUKETICI,SAILUN,KIS,PSR 4X4-UHP-RFT,PSR 4X4,2.0,0.0,20000.0,5250.0,0.0,0.0
COMPETUS DEPO,3220012084,235/35R19 91W XL WSL3A1 ICE BLAZER ALPINE EVO1-2024,LASTIK TUKETICI,SAILUN,KIS,PSR 4X4-UHP-RFT,PSR UHP,2.0,0.0,20000.0,6083.33,0.0,0.0
COMPETUS DEPO,3220012806,235/65R16C 121/119R 10PR LW31 COMMERCIO ICE C-C-72db,LASTIK TUKETICI,SAILUN,KIS,MINIBUS / KAMYONET,LVR,2.0,0.0,20000.0,6083.33,0.0,0.0
MERKEZ DEPO,3220013416,255/55R18 109W XL SV4S ATREZZO 4SEASONS PRO A-B-72db,LASTIK TUKETICI,SAILUN,4 MEVSIM,PSR 4X4-UHP-RFT,PSR 4X4,8.0,0.0,80000.0,5083.33,0.0,0.0
MERKEZ DEPO,3220013514-25,205/75R16C 113/111R 10PR RXQUEST C02,LASTIK TUKETICI,ROADX,YAZ,MINIBUS / KAMYONET,LVR,9.0,0.0,90000.0,4833.33,0.0,0.0
MERKEZ DEPO,3220013683-25,195R14C 106/104Q 8PR SL87N EXTMILE C-B-70db,LASTIK TUKETICI,SAILUN,YAZ,MINIBUS / KAMYONET,LVR,158.0,0.0,1580000.0,4083.33,0.0,0.0
IZMIT SUBE DEPO,3220013683-25,195R14C 106/104Q 8PR SL87N EXTMILE C-B-70db,LASTIK TUKETICI,SAILUN,YAZ,MINIBUS / KAMYONET,LVR,4.0,0.0,40000.0,4083.33,0.0,0.0
MERKEZ DEPO,3220013685,195R15C 106/104R 8PR SL87N EXTMILE SL87N,LASTIK TUKETICI,SAILUN,YAZ,MINIBUS / KAMYONET,LVR,2.0,0.0,20000.0,4000.0,0.0,0.0
MERKEZ DEPO,3220013685-25,195R15C 106/104R 8PR SL87N EXTMILE SL87N,LASTIK TUKETICI,SAILUN,YAZ,MINIBUS / KAMYONET,LVR,6.0,0.0,60000.0,4416.67,0.0,0.0
COMPETUS DEPO,3220013711,195/50R16 88V XL SW4S ATREZZO 4SEASONS-2024 C-C-72db,LASTIK TUKETICI,SAILUN,4 MEVSIM,PSR STANDART,PSR 16,4.0,0.0,40000.0,3833.33,0.0,0.0
MERKEZ DEPO,3220014843-25,225/65R16C 112/110T 8PR RXQUEST VAN 4S,LASTIK TUKETICI,ROADX,4 MEVSIM,MINIBUS / KAMYONET,LVR,12.0,0.0,120000.0,5000.0,0.0,0.0
COMPETUS DEPO,3220014862-25,195/60R16C 99/97H 6PR LC51 COMMERCIO PRO C-A-70db,LASTIK TUKETICI,SAILUN,YAZ,MINIBUS / KAMYONET,LVR,50.0,0.0,500000.0,4916.67,0.0,0.0
IZMIT SUBE DEPO,3220014862-25,195/60R16C 99/97H 6PR LC51 COMMERCIO PRO C-A-70db,LASTIK TUKETICI,SAILUN,YAZ,MINIBUS / KAMYONET,LVR,2.0,0.0,20000.0,4916.67,0.0,0.0
MERKEZ DEPO,3220014862-25,195/60R16C 99/97H 6PR LC51 COMMERCIO PRO C-A-70db,LASTIK TUKETICI,SAILUN,YAZ,MINIBUS / KAMYONET,LVR,10.0,0.0,100000.0,4916.67,0.0,0.0
MERKEZ DEPO,3220014863-25,195/65R16C 104/102T 8PR LC51 COMMERCIO PRO C-A-70db,LASTIK TUKETICI,SAILUN,YAZ,MINIBUS / KAMYONET,LVR,4.0,0.0,40000.0,5000.0,0.0,0.0
COMPETUS DEPO,3220014864,195/70R15C 104/102R 8PR LC51 COMMERCIO PRO-2024 C-A-70db,LASTIK TUKETICI,SAILUN,YAZ,MINIBUS / KAMYONET,LVR,11.0,0.0,110000.0,4750.0,0.0,0.0
IZMIT SUBE DEPO,3220014864,195/70R15C 104/102R 8PR LC51 COMMERCIO PRO-2024 C-A-70db,LASTIK TUKETICI,SAILUN,YAZ,MINIBUS / KAMYONET,LVR,2.0,0.0,20000.0,4750.0,0.0,0.0
IZMIT SUBE DEPO,3220014868,205/65R16C 107/105T 8PR LC51 COMMERCIO PRO-2024 B-A-70db,LASTIK TUKETICI,SAILUN,YAZ,MINIBUS / KAMYONET,LVR,1.0,0.0,10000.0,4500.0,0.0,0.0
MERKEZ DEPO,3220014868,205/65R16C 107/105T 8PR LC51 COMMERCIO PRO-2024 B-A-70db,LASTIK TUKETICI,SAILUN,YAZ,MINIBUS / KAMYONET,LVR,33.0,0.0,330000.0,4500.0,0.0,0.0
COMPETUS DEPO,3220014868,205/65R16C 107/105T 8PR LC51 COMMERCIO PRO-2024 B-A-70db,LASTIK TUKETICI,SAILUN,YAZ,MINIBUS / KAMYONET,LVR,20.0,0.0,200000.0,4500.0,0.0,0.0
MERKEZ DEPO,3220014868-25,205/65R16C 107/105T 8PR LC51 COMMERCIO PRO B-A-70db,LASTIK TUKETICI,SAILUN,YAZ,MINIBUS / KAMYONET,LVR,62.0,0.0,620000.0,5000.0,0.0,0.0
SANAYI SUBE DEPO,3220014869,205/70R15C 106/104R 8PR LC51 COMMERCIO PRO-2024 C-A-70db,LASTIK TUKETICI,SAILUN,YAZ,MINIBUS / KAMYONET,LVR,2.0,0.0,20000.0,4500.0,0.0,0.0
MERKEZ DEPO,3220014869-25,205/70R15C 106/104R 8PR LC51 COMMERCIO PRO C-A-70db,LASTIK TUKETICI,SAILUN,YAZ,MINIBUS / KAMYONET,LVR,4.0,0.0,40000.0,5000.0,0.0,0.0
COMPETUS DEPO,3220014872,215/65R15C 104/102T 6PR LC51 COMMERCIO PRO-2024 C-B-72db,LASTIK TUKETICI,SAILUN,YAZ,MINIBUS / KAMYONET,LVR,4.0,0.0,40000.0,5083.33,0.0,0.0
COMPETUS DEPO,3220014872-25,215/65R15C 104/102T 6PR LC51 COMMERCIO PRO C-B-72db,LASTIK TUKETICI,SAILUN,YAZ,MINIBUS / KAMYONET,LVR,4.0,0.0,40000.0,5666.67,0.0,0.0
MERKEZ DEPO,3220014875,215/70R15C 109/107S 8PR LC51 COMMERCIO PRO C-A-72db,LASTIK TUKETICI,SAILUN,YAZ,MINIBUS / KAMYONET,LVR,2.0,0.0,20000.0,5000.0,0.0,0.0
IZMIT SUBE DEPO,3220014877,225/65R16C 112/110R 8PR LC51 COMMERCIO PRO-2024 B-A-72db,LASTIK TUKETICI,SAILUN,YAZ,MINIBUS / KAMYONET,LVR,12.0,0.0,120000.0,6083.33,0.0,0.0
COMPETUS DEPO,3220014879,215/60R17C 109/107T 8PR LC51 COMMERCIO PRO-2024 B-A-72db,LASTIK TUKETICI,SAILUN,YAZ,MINIBUS / KAMYONET,LVR,4.0,0.0,40000.0,5500.0,0.0,0.0
COMPETUS DEPO,3220014880-25,225/75R16C 121/120R 10PR LC51 COMMERCIO PRO B-A-72db,LASTIK TUKETICI,SAILUN,YAZ,MINIBUS / KAMYONET,LVR,60.0,0.0,600000.0,6250.0,0.0,0.0
MERKEZ DEPO,3220014880-25,225/75R16C 121/120R 10PR LC51 COMMERCIO PRO B-A-72db,LASTIK TUKETICI,SAILUN,YAZ,MINIBUS / KAMYONET,LVR,63.0,0.0,630000.0,6250.0,0.0,0.0
SANAYI SUBE DEPO,3220014882,215/55R17 98W XL SV4S ATREZZO 4SEASONS PRO-2024 B-B-72db,LASTIK TUKETICI,SAILUN,4 MEVSIM,PSR 4X4-UHP-RFT,PSR 4X4,1.0,0.0,10000.0,3666.67,0.0,0.0
COMPETUS DEPO,3220014893,215/45ZR17 91Y XL SV4S ATREZZO 4SEASONS PRO,LASTIK TUKETICI,SAILUN,4 MEVSIM,PSR 4X4-UHP-RFT,PSR UHP,4.0,0.0,40000.0,4500.0,0.0,0.0
IZMIT SUBE DEPO,3220014895,215/55R18 99V XL SV4S ATREZZO 4SEASONS PRO-2024 B-B-72db,LASTIK TUKETICI,SAILUN,4 MEVSIM,PSR 4X4-UHP-RFT,PSR 4X4,4.0,0.0,40000.0,4750.0,0.0,0.0
COMPETUS DEPO,3220014896,235/55R18 104V XL SV4S ATREZZO 4SEASONS PRO-2024 B-B-72db,LASTIK TUKETICI,SAILUN,4 MEVSIM,PSR 4X4-UHP-RFT,PSR 4X4,2.0,0.0,20000.0,4750.0,0.0,0.0
COMPETUS DEPO,3220014899,235/60R18 107W XL SV4S ATREZZO 4SEASONS PRO-2024 B-B-72db,LASTIK TUKETICI,SAILUN,4 MEVSIM,PSR 4X4-UHP-RFT,PSR 4X4,4.0,0.0,40000.0,5083.33,0.0,0.0
MERKEZ DEPO,3220014900-25,225/65R17 106V XL SV4S ATREZZO 4SEASONS PRO B-B-72db,LASTIK TUKETICI,SAILUN,4 MEVSIM,PSR 4X4-UHP-RFT,PSR 4X4,4.0,0.0,40000.0,4750.0,0.0,0.0
IZMIT SUBE DEPO,3220015158,225/65R16C 112/110R 8PR LW31 COMMERCIO ICE-2024 C-C-72db,LASTIK TUKETICI,SAILUN,KIS,MINIBUS / KAMYONET,LVR,2.0,0.0,20000.0,5083.33,0.0,0.0
MERKEZ DEPO,3220015165,195/75R16C 107/105R 8PR LW31 COMMERCIO ICE-2024 E-C-72db,LASTIK TUKETICI,SAILUN,KIS,MINIBUS / KAMYONET,LVR,1.0,0.0,10000.0,4750.0,0.0,0.0
COMPETUS DEPO,3220015167,195/65R16C 104/102R 8PR LW31 COMMERCIO ICE-2024 D-C-72db,LASTIK TUKETICI,SAILUN,KIS,MINIBUS / KAMYONET,LVR,4.0,0.0,40000.0,3750.0,0.0,0.0
MERKEZ DEPO,3220015868,235/55ZR17 103W XL SV4S ATREZZO 4SEASONS PRO-2024 B-B-72db,LASTIK TUKETICI,SAILUN,4 MEVSIM,PSR 4X4-UHP-RFT,PSR 4X4,4.0,0.0,40000.0,4500.0,0.0,0.0
MERKEZ DEPO,3220015869-25,225/55ZR17 101W XL SV4S ATREZZO 4SEASONS PRO B-B-72db,LASTIK TUKETICI,SAILUN,4 MEVSIM,PSR 4X4-UHP-RFT,PSR 4X4,16.0,0.0,160000.0,4916.67,0.0,0.0
MERKEZ DEPO,3220015871,235/45ZR17 97W XL SV4S ATREZZO 4SEASONS PRO C-B-72db,LASTIK TUKETICI,SAILUN,4 MEVSIM,PSR 4X4-UHP-RFT,PSR 4X4,4.0,0.0,40000.0,3416.67,0.0,0.0
MERKEZ DEPO,3220015872,245/40ZR18 97W XL SV4S ATREZZO 4SEASONS PRO-2024 B-B-72db,LASTIK TUKETICI,SAILUN,4 MEVSIM,PSR 4X4-UHP-RFT,PSR 4X4,2.0,0.0,20000.0,4750.0,0.0,0.0
MERKEZ DEPO,3220015910-25,225/45R17 94Y XL RXMOTION 4S,LASTIK TUKETICI,ROADX,4 MEVSIM,PSR 4X4-UHP-RFT,PSR UHP,36.0,0.0,360000.0,3500.0,0.0,0.0
COMPETUS DEPO,3220016361-25,215/45ZR17 91Y XL US71 ATREZZO ZSR2,LASTIK TUKETICI,SAILUN,YAZ,PSR 4X4-UHP-RFT,PSR UHP,4.0,0.0,40000.0,4083.33,0.0,0.0
IZMIT SUBE DEPO,3220016374-25,225/55ZR16 99W XL US71 ATREZZO ZSR2,LASTIK TUKETICI,SAILUN,YAZ,PSR STANDART,PSR 16,2.0,0.0,20000.0,4916.67,0.0,0.0
MERKEZ DEPO,3220016374-25,225/55ZR16 99W XL US71 ATREZZO ZSR2,LASTIK TUKETICI,SAILUN,YAZ,PSR STANDART,PSR 16,2.0,0.0,20000.0,4916.67,0.0,0.0
MERKEZ DEPO,3220016375,245/45ZR19 102Y XL US71 ATREZZO ZSR2-2024,LASTIK TUKETICI,SAILUN,YAZ,PSR 4X4-UHP-RFT,PSR UHP,4.0,0.0,40000.0,5666.67,0.0,0.0
MERKEZ DEPO,3220016634,235/65R17 108W XL SV4S ATREZZO 4SEASONS PRO-2024 A-B-72db,LASTIK TUKETICI,SAILUN,4 MEVSIM,PSR 4X4-UHP-RFT,PSR 4X4,4.0,0.0,40000.0,4750.0,0.0,0.0
MERKEZ DEPO,3220016639,225/45ZR18 95Y XL SV4S ATREZZO 4SEASONS PRO-2024 B-B-72db,LASTIK TUKETICI,SAILUN,4 MEVSIM,PSR 4X4-UHP-RFT,PSR 4X4,10.0,0.0,100000.0,4750.0,0.0,0.0
COMPETUS DEPO,3220016639,225/45ZR18 95Y XL SV4S ATREZZO 4SEASONS PRO-2024 B-B-72db,LASTIK TUKETICI,SAILUN,4 MEVSIM,PSR 4X4-UHP-RFT,PSR 4X4,12.0,0.0,120000.0,4750.0,0.0,0.0
COMPETUS DEPO,3220016641,235/40ZR18 95Y XL SV4S ATREZZO 4SEASONS PRO-2024 B-B-72db,LASTIK TUKETICI,SAILUN,4 MEVSIM,PSR 4X4-UHP-RFT,PSR 4X4,2.0,0.0,20000.0,3583.33,0.0,0.0
COMPETUS DEPO,3220016642,235/50R18 101V XL SV4S ATREZZO 4SEASONS PRO-2024 B-B-72db,LASTIK TUKETICI,SAILUN,4 MEVSIM,PSR 4X4-UHP-RFT,PSR 4X4,10.0,0.0,100000.0,5250.0,0.0,0.0
MERKEZ DEPO,3220016642,235/50R18 101V XL SV4S ATREZZO 4SEASONS PRO-2024 B-B-72db,LASTIK TUKETICI,SAILUN,4 MEVSIM,PSR 4X4-UHP-RFT,PSR 4X4,8.0,0.0,80000.0,5250.0,0.0,0.0
COMPETUS DEPO,3220016646,255/50R19 107W XL SV4S ATREZZO 4SEASONS PRO-2024 B-B-72db,LASTIK TUKETICI,SAILUN,4 MEVSIM,PSR 4X4-UHP-RFT,PSR 4X4,4.0,0.0,40000.0,5250.0,0.0,0.0
MERKEZ DEPO,3220016646-25,255/50R19 107W XL SV4S ATREZZO 4SEASONS PRO B-B-72db,LASTIK TUKETICI,SAILUN,4 MEVSIM,PSR 4X4-UHP-RFT,PSR 4X4,4.0,0.0,40000.0,5250.0,0.0,0.0
MERKEZ DEPO,3220016654-25,235/55R19 105V XL SV4Se ATREZZO 4SEASONS PRO EV,LASTIK TUKETICI,SAILUN,4 MEVSIM,PSR 4X4-UHP-RFT,PSR UHP,4.0,0.0,40000.0,7416.67,0.0,0.0
MERKEZ DEPO,3220017439,205/55ZR16 94Y XL US71 ATREZZO ZSR2-2024,LASTIK TUKETICI,SAILUN,YAZ,PSR STANDART,PSR 16,367.0,0.0,3670000.0,3500.0,0.0,0.0
IZMIT SUBE DEPO,3220017439,205/55ZR16 94Y XL US71 ATREZZO ZSR2-2024,LASTIK TUKETICI,SAILUN,YAZ,PSR STANDART,PSR 16,18.0,0.0,180000.0,3500.0,0.0,0.0
SANAYI SUBE DEPO,3220017439,205/55ZR16 94Y XL US71 ATREZZO ZSR2-2024,LASTIK TUKETICI,SAILUN,YAZ,PSR STANDART,PSR 16,9.0,0.0,90000.0,3500.0,0.0,0.0
MERKEZ DEPO,3220017439-25,205/55ZR16 94Y XL US71 ATREZZO ZSR2,LASTIK TUKETICI,SAILUN,YAZ,PSR STANDART,PSR 16,1.0,0.0,10000.0,3258.33,0.0,0.0
COMPETUS DEPO,3220017440-25,215/40ZR17 87Y XL US71 ATREZZO ZSR2,LASTIK TUKETICI,SAILUN,YAZ,PSR 4X4-UHP-RFT,PSR UHP,4.0,0.0,40000.0,4750.0,0.0,0.0
MERKEZ DEPO,3220017444,215/40ZR18 89Y XL US71 ATREZZO ZSR2,LASTIK TUKETICI,SAILUN,YAZ,PSR 4X4-UHP-RFT,PSR UHP,2.0,0.0,20000.0,4750.0,0.0,0.0
MERKEZ DEPO,3220017451,255/35ZR18 94Y XL US71 ATREZZO ZSR2,LASTIK TUKETICI,SAILUN,YAZ,PSR 4X4-UHP-RFT,PSR UHP,4.0,0.0,40000.0,4500.0,0.0,0.0
MERKEZ DEPO,3220017451-25,255/35ZR18 94Y XL US71 ATREZZO ZSR2,LASTIK TUKETICI,SAILUN,YAZ,PSR 4X4-UHP-RFT,PSR UHP,11.0,0.0,110000.0,5000.0,0.0,0.0
COMPETUS DEPO,3220017513,225/35ZR20 90Y XL US71 ATREZZO ZSR2,LASTIK TUKETICI,SAILUN,YAZ,PSR 4X4-UHP-RFT,PSR UHP,4.0,0.0,40000.0,6250.0,0.0,0.0
MERKEZ DEPO,3220017514,255/35ZR20 97Y XL US71 ATREZZO ZSR2-2024,LASTIK TUKETICI,SAILUN,YAZ,PSR 4X4-UHP-RFT,PSR UHP,4.0,0.0,40000.0,6916.67,0.0,0.0
COMPETUS DEPO,3220017514,255/35ZR20 97Y XL US71 ATREZZO ZSR2-2024,LASTIK TUKETICI,SAILUN,YAZ,PSR 4X4-UHP-RFT,PSR UHP,4.0,0.0,40000.0,6916.67,0.0,0.0
MERKEZ DEPO,3220017517,215/50ZR18 96W XL US71 ATREZZO ZSR2,LASTIK TUKETICI,SAILUN,YAZ,PSR 4X4-UHP-RFT,PSR UHP,2.0,0.0,20000.0,5500.0,0.0,0.0
MERKEZ DEPO,3220017519,235/50ZR18 101Y XL US71 ATREZZO ZSR2,LASTIK TUKETICI,SAILUN,YAZ,PSR 4X4-UHP-RFT,PSR UHP,8.0,0.0,80000.0,4916.67,0.0,0.0
COMPETUS DEPO,3220017519,235/50ZR18 101Y XL US71 ATREZZO ZSR2,LASTIK TUKETICI,SAILUN,YAZ,PSR 4X4-UHP-RFT,PSR UHP,8.0,0.0,80000.0,4916.67,0.0,0.0
MERKEZ DEPO,3220017519-25,235/50ZR18 101Y XL US71 ATREZZO ZSR2,LASTIK TUKETICI,SAILUN,YAZ,PSR 4X4-UHP-RFT,PSR UHP,8.0,0.0,80000.0,5500.0,0.0,0.0
MERKEZ DEPO,3220017520-25,225/45ZR19 96Y XL US71 ATREZZO ZSR2,LASTIK TUKETICI,SAILUN,YAZ,PSR 4X4-UHP-RFT,PSR UHP,6.0,0.0,60000.0,5916.67,0.0,0.0
MERKEZ DEPO,3220017526,285/30ZR19 98Y XL US71 ATREZZO ZSR2,LASTIK TUKETICI,SAILUN,YAZ,PSR 4X4-UHP-RFT,PSR UHP,4.0,0.0,40000.0,6916.67,0.0,0.0
COMPETUS DEPO,3220017555,235/45ZR19 99Y XL US71 ATREZZO ZSR2,LASTIK TUKETICI,SAILUN,YAZ,PSR 4X4-UHP-RFT,PSR UHP,4.0,0.0,40000.0,6250.0,0.0,0.0
COMPETUS DEPO,3220017558,245/35ZR19 93Y XL US71 ATREZZO ZSR2,LASTIK TUKETICI,SAILUN,YAZ,PSR 4X4-UHP-RFT,PSR UHP,2.0,0.0,20000.0,5500.0,0.0,0.0
SANAYI SUBE DEPO,3220017559-25,245/40ZR19 98Y XL US71 ATREZZO ZSR2,LASTIK TUKETICI,SAILUN,YAZ,PSR 4X4-UHP-RFT,PSR UHP,2.0,0.0,20000.0,5416.67,0.0,0.0
MERKEZ DEPO,3220017560,245/40ZR20 99Y XL US71 ATREZZO ZSR2,LASTIK TUKETICI,SAILUN,YAZ,PSR 4X4-UHP-RFT,PSR UHP,4.0,0.0,40000.0,6250.0,0.0,0.0
IZMIT SUBE DEPO,3220017562,245/45ZR20 103Y XL US71 ATREZZO ZSR2-2024,LASTIK TUKETICI,SAILUN,YAZ,PSR 4X4-UHP-RFT,PSR UHP,4.0,0.0,40000.0,5666.67,0.0,0.0
MERKEZ DEPO,3220017562-25,245/45ZR20 103Y XL US71 ATREZZO ZSR2,LASTIK TUKETICI,SAILUN,YAZ,PSR 4X4-UHP-RFT,PSR UHP,2.0,0.0,20000.0,6250.0,0.0,0.0
MERKEZ DEPO,3220017564,255/40ZR20 101Y XL US71 ATREZZO ZSR2,LASTIK TUKETICI,SAILUN,YAZ,PSR 4X4-UHP-RFT,PSR UHP,4.0,0.0,40000.0,6250.0,0.0,0.0
MERKEZ DEPO,3220017566,255/45ZR20 105Y XL US71 ATREZZO ZSR2-2024,LASTIK TUKETICI,SAILUN,YAZ,PSR 4X4-UHP-RFT,PSR UHP,1.0,0.0,10000.0,6916.67,0.0,0.0
COMPETUS DEPO,3220017569-25,275/35ZR20 102Y XL US71 ATREZZO ZSR2,LASTIK TUKETICI,SAILUN,YAZ,PSR 4X4-UHP-RFT,PSR UHP,2.0,0.0,20000.0,7916.67,0.0,0.0
MERKEZ DEPO,3220017571-25,275/40ZR19 105Y XL US71 ATREZZO ZSR2,LASTIK TUKETICI,SAILUN,YAZ,PSR 4X4-UHP-RFT,PSR UHP,4.0,0.0,40000.0,6916.67,0.0,0.0
MERKEZ DEPO,3220018681,225/45ZR17 94Y XL US71 ATREZZO ZSR2-2024 B-A-69db,LASTIK TUKETICI,SAILUN,YAZ,PSR 4X4-UHP-RFT,PSR UHP,3.0,0.0,30000.0,3666.67,0.0,0.0
IZMIT SUBE DEPO,3220018681,225/45ZR17 94Y XL US71 ATREZZO ZSR2-2024 B-A-69db,LASTIK TUKETICI,SAILUN,YAZ,PSR 4X4-UHP-RFT,PSR UHP,1.0,0.0,10000.0,3666.67,0.0,0.0
IZMIT SUBE DEPO,3220018681-25,225/45ZR17 94Y XL US71 ATREZZO ZSR2 B-A-69db,LASTIK TUKETICI,SAILUN,YAZ,PSR 4X4-UHP-RFT,PSR UHP,4.0,0.0,40000.0,4000.0,0.0,0.0
MERKEZ DEPO,3220018681-25,225/45ZR17 94Y XL US71 ATREZZO ZSR2 B-A-69db,LASTIK TUKETICI,SAILUN,YAZ,PSR 4X4-UHP-RFT,PSR UHP,889.0,0.0,8890000.0,4000.0,0.0,0.0
SANAYI SUBE DEPO,3220018681-25,225/45ZR17 94Y XL US71 ATREZZO ZSR2 B-A-69db,LASTIK TUKETICI,SAILUN,YAZ,PSR 4X4-UHP-RFT,PSR UHP,6.0,0.0,60000.0,4000.0,0.0,0.0
SANAYI SUBE DEPO,3220018682,205/45ZR17 88W XL US71 ATREZZO ZSR2-2024 B-A-69db,LASTIK TUKETICI,SAILUN,YAZ,PSR 4X4-UHP-RFT,PSR UHP,4.0,0.0,40000.0,3500.0,0.0,0.0
MERKEZ DEPO,3220018682-25,205/45ZR17 88W XL US71 ATREZZO ZSR2 B-A-69db,LASTIK TUKETICI,SAILUN,YAZ,PSR 4X4-UHP-RFT,PSR UHP,4.0,0.0,40000.0,3750.0,0.0,0.0
CORLU DEPO,3220018685,215/55ZR17 98W XL US71 ATREZZO ZSR2-2024 B-A-69db,LASTIK TUKETICI,SAILUN,YAZ,PSR 4X4-UHP-RFT,PSR UHP,8.0,0.0,80000.0,4416.67,0.0,0.0
IZMIT SUBE DEPO,3220018687,225/45ZR18 95Y XL US71 ATREZZO ZSR2-2024 B-A-69db,LASTIK TUKETICI,SAILUN,YAZ,PSR 4X4-UHP-RFT,PSR UHP,4.0,0.0,40000.0,4750.0,0.0,0.0
MERKEZ DEPO,3220018687,225/45ZR18 95Y XL US71 ATREZZO ZSR2-2024 B-A-69db,LASTIK TUKETICI,SAILUN,YAZ,PSR 4X4-UHP-RFT,PSR UHP,36.0,0.0,360000.0,4750.0,0.0,0.0
IZMIT SUBE DEPO,3220018688,225/50ZR17 98W XL US71 ATREZZO ZSR2-2024 B-A-69db,LASTIK TUKETICI,SAILUN,YAZ,PSR 4X4-UHP-RFT,PSR UHP,8.0,0.0,80000.0,4750.0,0.0,0.0
MERKEZ DEPO,3220018688,225/50ZR17 98W XL US71 ATREZZO ZSR2-2024 B-A-69db,LASTIK TUKETICI,SAILUN,YAZ,PSR 4X4-UHP-RFT,PSR UHP,58.0,0.0,580000.0,4750.0,0.0,0.0
IZMIT SUBE DEPO,3220018689,225/55ZR17 101W XL US71 ATREZZO ZSR2-2024 B-A-69db,LASTIK TUKETICI,SAILUN,YAZ,PSR 4X4-UHP-RFT,PSR UHP,4.0,0.0,40000.0,5000.0,0.0,0.0
MERKEZ DEPO,3220018689,225/55ZR17 101W XL US71 ATREZZO ZSR2-2024 B-A-69db,LASTIK TUKETICI,SAILUN,YAZ,PSR 4X4-UHP-RFT,PSR UHP,31.0,0.0,310000.0,5000.0,0.0,0.0
TICARI DEPO,3220018689,225/55ZR17 101W XL US71 ATREZZO ZSR2-2024 B-A-69db,LASTIK TUKETICI,SAILUN,YAZ,PSR 4X4-UHP-RFT,PSR UHP,2.0,2.0,0.0,5000.0,0.0,0.0
COMPETUS DEPO,3220018690,235/40ZR18 95Y XL US71 ATREZZO ZSR2-2024 B-A-69db,LASTIK TUKETICI,SAILUN,YAZ,PSR 4X4-UHP-RFT,PSR UHP,4.0,0.0,40000.0,4750.0,0.0,0.0
SANAYI SUBE DEPO,3220018690,235/40ZR18 95Y XL US71 ATREZZO ZSR2-2024 B-A-69db,LASTIK TUKETICI,SAILUN,YAZ,PSR 4X4-UHP-RFT,PSR UHP,4.0,0.0,40000.0,4750.0,0.0,0.0
MERKEZ DEPO,3220018692,235/45ZR18 98Y XL US71 ATREZZO ZSR2-2024 B-A-69db,LASTIK TUKETICI,SAILUN,YAZ,PSR 4X4-UHP-RFT,PSR UHP,2.0,0.0,20000.0,4500.0,0.0,0.0
IZMIT SUBE DEPO,3220018692-25,235/45ZR18 98Y XL US71 ATREZZO ZSR2 B-A-69db,LASTIK TUKETICI,SAILUN,YAZ,PSR 4X4-UHP-RFT,PSR UHP,4.0,0.0,40000.0,5000.0,0.0,0.0
MERKEZ DEPO,3220018692-25,235/45ZR18 98Y XL US71 ATREZZO ZSR2 B-A-69db,LASTIK TUKETICI,SAILUN,YAZ,PSR 4X4-UHP-RFT,PSR UHP,16.0,0.0,160000.0,5000.0,0.0,0.0
MERKEZ DEPO,3220018694,245/40ZR18 97Y XL US71 ATREZZO ZSR2-2024 B-A-69db,LASTIK TUKETICI,SAILUN,YAZ,PSR 4X4-UHP-RFT,PSR UHP,7.0,0.0,70000.0,4833.33,0.0,0.0
IZMIT SUBE DEPO,3220018694,245/40ZR18 97Y XL US71 ATREZZO ZSR2-2024 B-A-69db,LASTIK TUKETICI,SAILUN,YAZ,PSR 4X4-UHP-RFT,PSR UHP,2.0,0.0,20000.0,4833.33,0.0,0.0
MERKEZ DEPO,3220018694-25,245/40ZR18 97Y XL US71 ATREZZO ZSR2 B-A-69db,LASTIK TUKETICI,SAILUN,YAZ,PSR 4X4-UHP-RFT,PSR UHP,4.0,0.0,40000.0,5333.33,0.0,0.0
SANAYI SUBE DEPO,3220018696,255/35ZR19 96Y XL US71 ATREZZO ZSR2-2024 B-A-69db,LASTIK TUKETICI,SAILUN,YAZ,PSR 4X4-UHP-RFT,PSR UHP,2.0,0.0,20000.0,5083.33,0.0,0.0
MERKEZ DEPO,3220019734-25,225/45ZR17 94Y XL RXMOTION DU71,LASTIK TUKETICI,ROADX,YAZ,PSR 4X4-UHP-RFT,PSR UHP,240.0,0.0,2400000.0,3666.67,0.0,0.0
MERKEZ DEPO,3220019746-25,235/45ZR18 98Y XL RXMOTION DU71,LASTIK TUKETICI,ROADX,YAZ,PSR 4X4-UHP-RFT,PSR UHP,8.0,0.0,80000.0,4500.0,0.0,0.0
MERKEZ DEPO,510070-26,225/40R18 92Y XL TURANZA T005 TL AUDI A3 WAR C-A-72dB,LASTIK TUKETICI,BRIDGESTONE,YAZ,PSR 4X4-UHP-RFT,PSR UHP,4.0,0.0,40000.0,6620.83,0.0,0.0
MERKEZ DEPO,511004-25,225/50R17 94Y TURANZA T005 EXT B-A-69dB,LASTIK TUKETICI,BRIDGESTONE,YAZ,PSR 4X4-UHP-RFT,PSR UHP,8.0,0.0,80000.0,10226.67,0.0,0.0
IZMIT SUBE DEPO,511005-25,245/40R18 97Y XL TURANZA T005 EXT B-A-69dB,LASTIK TUKETICI,BRIDGESTONE,YAZ,PSR 4X4-UHP-RFT,PSR UHP,2.0,0.0,20000.0,11044.17,0.0,0.0
MERKEZ DEPO,511005-25,245/40R18 97Y XL TURANZA T005 EXT B-A-69dB,LASTIK TUKETICI,BRIDGESTONE,YAZ,PSR 4X4-UHP-RFT,PSR UHP,5.0,0.0,50000.0,11044.17,0.0,0.0
MERKEZ DEPO,511019-25,265/75R16 119/116Q DUELER M/T674,LASTIK TUKETICI,BRIDGESTONE,YAZ,PSR 4X4-UHP-RFT,PSR 4X4,1.0,0.0,10000.0,16609.17,0.0,0.0
MERKEZ DEPO,511045,245/40R20 99Y XL POTENZA SPORT E-A-72dB,LASTIK TUKETICI,BRIDGESTONE,YAZ,PSR 4X4-UHP-RFT,PSR UHP,1.0,0.0,10000.0,18704.17,0.0,0.0
MERKEZ DEPO,511045-25,245/40R20 99Y XL POTENZA SPORT D-A-72dB,LASTIK TUKETICI,BRIDGESTONE,YAZ,PSR 4X4-UHP-RFT,PSR UHP,3.0,0.0,30000.0,20013.33,0.0,0.0
MERKEZ DEPO,511054-25,225/45R18 95Y XL POTENZA SPORT D-A-72dB,LASTIK TUKETICI,BRIDGESTONE,YAZ,PSR 4X4-UHP-RFT,PSR UHP,1.0,0.0,10000.0,10632.5,0.0,0.0
MERKEZ DEPO,511069,285/35R20 104Y XL POTENZA SPORT C-A-73dB,LASTIK TUKETICI,BRIDGESTONE,YAZ,PSR 4X4-UHP-RFT,PSR UHP,2.0,0.0,20000.0,16646.67,0.0,0.0
MERKEZ DEPO,511070-25,275/40R18 103Y XL POTENZA SPORT C-A-73dB,LASTIK TUKETICI,BRIDGESTONE,YAZ,PSR 4X4-UHP-RFT,PSR UHP,4.0,0.0,40000.0,18110.0,0.0,0.0
MERKEZ DEPO,511075-25,255/35R20 97Y XL POTENZA SPORT D-A-72dB,LASTIK TUKETICI,BRIDGESTONE,YAZ,PSR 4X4-UHP-RFT,PSR UHP,4.0,0.0,40000.0,15219.17,0.0,0.0
MERKEZ DEPO,511080-25,275/40R20 106Y XL POTENZA SPORT C-A-73dB,LASTIK TUKETICI,BRIDGESTONE,YAZ,PSR 4X4-UHP-RFT,PSR 4X4,4.0,0.0,40000.0,15032.5,0.0,0.0
MERKEZ DEPO,511096-25,275/30R20 97Y XL POTENZA SPORT D-A-73dB,LASTIK TUKETICI,BRIDGESTONE,YAZ,PSR 4X4-UHP-RFT,PSR UHP,4.0,0.0,40000.0,18500.83,0.0,0.0
COMPETUS DEPO,511118,245/50R18 LM001 100H RFT C-B-72dB-2019,LASTIK TUKETICI,BRIDGESTONE,KIS,PSR 4X4-UHP-RFT,PSR RFT,2.0,0.0,20000.0,,0.0,0.0
MERKEZ DEPO,511131,215/45R20 95V XL LM32 C-B-72dB,LASTIK TUKETICI,BRIDGESTONE,KIS,PSR 4X4-UHP-RFT,PSR UHP,8.0,0.0,80000.0,18045.0,0.0,0.0
MERKEZ DEPO,511165-25,285/40R21 109Y XL POTENZA SPORT C-A-73dB,LASTIK TUKETICI,BRIDGESTONE,YAZ,PSR 4X4-UHP-RFT,PSR UHP,4.0,0.0,40000.0,20815.83,0.0,0.0
CORLU DEPO,511168-25,285/40R21 109Y XL ALENZA 001 B-A-71dB,LASTIK TUKETICI,BRIDGESTONE,YAZ,PSR 4X4-UHP-RFT,PSR UHP,4.0,0.0,40000.0,20035.83,0.0,0.0
MERKEZ DEPO,511175-26,255/40R20 101Y XL POTENZA SPORT C-A-72dB,LASTIK TUKETICI,BRIDGESTONE,YAZ,PSR 4X4-UHP-RFT,PSR UHP,2.0,0.0,20000.0,18500.83,0.0,0.0
MERKEZ DEPO,511198-25,275/35R21 103Y XL POTENZA SPORT C-A-73dB,LASTIK TUKETICI,BRIDGESTONE,YAZ,PSR 4X4-UHP-RFT,PSR UHP,8.0,0.0,80000.0,21580.83,0.0,0.0
COMPETUS DEPO,511226,295/35R19 104V XL LM005-2022,LASTIK TUKETICI,BRIDGESTONE,KIS,PSR 4X4-UHP-RFT,PSR UHP,2.0,0.0,20000.0,5500.0,0.0,0.0
MERKEZ DEPO,511240,275/40R22 107Y XL ALENZA 001 A-B-70dB,LASTIK TUKETICI,BRIDGESTONE,YAZ,PSR 4X4-UHP-RFT,PSR 4X4,8.0,0.0,80000.0,21570.83,0.0,0.0
MERKEZ DEPO,511270-25,255/55R19 111V XL TURANZA 6 A-A-71dB,LASTIK TUKETICI,BRIDGESTONE,YAZ,PSR 4X4-UHP-RFT,PSR 4X4,4.0,0.0,40000.0,11247.5,0.0,0.0
COMPETUS DEPO,511395-26,255/45R20 105Y XL TURANZA 6 A-B-69dB,LASTIK TUKETICI,BRIDGESTONE,YAZ,PSR 4X4-UHP-RFT,PSR 4X4,12.0,0.0,120000.0,20131.67,0.0,0.0
COMPETUS DEPO,511422-26,255/35R19 96Y XL TURANZA T005 RFT B-B-71dB,LASTIK TUKETICI,BRIDGESTONE,YAZ,PSR 4X4-UHP-RFT,PSR RFT,7.0,0.0,70000.0,16824.17,0.0,0.0
MERKEZ DEPO,511422-26,255/35R19 96Y XL TURANZA T005 RFT B-B-71dB,LASTIK TUKETICI,BRIDGESTONE,YAZ,PSR 4X4-UHP-RFT,PSR RFT,5.0,0.0,50000.0,16824.17,0.0,0.0
MERKEZ DEPO,511431-25,205/55R16 91W TURANZA T005 RFT B-B-70dB,LASTIK TUKETICI,BRIDGESTONE,YAZ,PSR 4X4-UHP-RFT,PSR RFT,8.0,0.0,80000.0,6895.83,0.0,0.0
COMPETUS DEPO,511438,215/70R16 100T LM005 C-A-71dB-2022,LASTIK TUKETICI,BRIDGESTONE,KIS,PSR 4X4-UHP-RFT,PSR 4X4,1.0,0.0,10000.0,1758.33,0.0,0.0
COMPETUS DEPO,511451,245/35R20 95W XL LM005 C-A-72dB-2022,LASTIK TUKETICI,BRIDGESTONE,KIS,PSR 4X4-UHP-RFT,PSR UHP,1.0,0.0,10000.0,4191.67,0.0,0.0
COMPETUS DEPO,511477,255/35R18 94V XL LM005 C-A-73dB-2022,LASTIK TUKETICI,BRIDGESTONE,KIS,PSR 4X4-UHP-RFT,PSR UHP,4.0,0.0,40000.0,3200.0,0.0,0.0
COMPETUS DEPO,511492,315/35R21 111V XL LM005-2022,LASTIK TUKETICI,BRIDGESTONE,KIS,PSR 4X4-UHP-RFT,PSR 4X4,2.0,0.0,20000.0,6066.67,0.0,0.0
MERKEZ DEPO,511536-25,205/55R17 91W TURANZA T005 EXT B-A-70dB,LASTIK TUKETICI,BRIDGESTONE,YAZ,PSR 4X4-UHP-RFT,PSR UHP,4.0,0.0,40000.0,11377.5,0.0,0.0
MERKEZ DEPO,511540-25,225/40R18 92Y XL TURANZA T005 RFT A-B-70dB,LASTIK TUKETICI,BRIDGESTONE,YAZ,PSR 4X4-UHP-RFT,PSR RFT,4.0,0.0,40000.0,8452.5,0.0,0.0
MERKEZ DEPO,511540-26,225/40R18 92Y XL TURANZA T005 RFT A-B-70dB,LASTIK TUKETICI,BRIDGESTONE,YAZ,PSR 4X4-UHP-RFT,PSR RFT,6.0,0.0,60000.0,8452.5,0.0,0.0
MERKEZ DEPO,511541-26,225/45R17 94Y XL TURANZA T005 RFT B-B-70dB,LASTIK TUKETICI,BRIDGESTONE,YAZ,PSR 4X4-UHP-RFT,PSR RFT,12.0,0.0,120000.0,7338.33,0.0,0.0
MERKEZ DEPO,511542-25,225/50R18 99W XL TURANZA T005 RFT* A-B-70dB,LASTIK TUKETICI,BRIDGESTONE,YAZ,PSR 4X4-UHP-RFT,PSR RFT,3.0,0.0,30000.0,15558.33,0.0,0.0
MERKEZ DEPO,511542-26,225/50R18 99W XL TURANZA T005 RFT* A-B-70dB,LASTIK TUKETICI,BRIDGESTONE,YAZ,PSR 4X4-UHP-RFT,PSR RFT,1.0,0.0,10000.0,15558.33,0.0,0.0
IZMIT SUBE DEPO,511675,205/55R17 95V TL XL LAML LM005-2024 C-A-71dB,LASTIK TUKETICI,BRIDGESTONE,KIS,PSR 4X4-UHP-RFT,PSR UHP,1.0,0.0,10000.0,8127.5,0.0,0.0
MERKEZ DEPO,511683,255/50R19 107V TL XL LAML LM005 B-A-73dB-2023,LASTIK TUKETICI,BRIDGESTONE,KIS,PSR 4X4-UHP-RFT,PSR UHP,4.0,0.0,40000.0,11150.0,0.0,0.0
COMPETUS DEPO,511994,235/40R18 95V XL LM32S F-C-72dB-2015,LASTIK TUKETICI,BRIDGESTONE,KIS,PSR 4X4-UHP-RFT,PSR UHP,1.0,0.0,10000.0,,0.0,0.0
MERKEZ DEPO,512011-25,225/60R17 103V XL TURANZA ALL SEASON 6 C-A-71dB,LASTIK TUKETICI,BRIDGESTONE,4 MEVSIM,PSR 4X4-UHP-RFT,PSR UHP,8.0,0.0,80000.0,11246.67,0.0,0.0
MERKEZ DEPO,512555-25,205/45R16 87W XL TURANZA 6 B-A-70dB,LASTIK TUKETICI,BRIDGESTONE,YAZ,PSR STANDART,PSR 16,4.0,0.0,40000.0,8500.0,0.0,0.0
MERKEZ DEPO,513480-25,235/60R17 102V TURANZA 6 B-A-69dB,LASTIK TUKETICI,BRIDGESTONE,YAZ,PSR 4X4-UHP-RFT,PSR UHP,4.0,0.0,40000.0,9857.5,0.0,0.0
COMPETUS DEPO,514455-26,205/55R17 95V XL TURANZA ALL SEASON 6 C-B-70dB,LASTIK TUKETICI,BRIDGESTONE,4 MEVSIM,PSR 4X4-UHP-RFT,PSR UHP,8.0,0.0,80000.0,9134.17,0.0,0.0
MERKEZ DEPO,514489-26,215/60R16 99V XL TURANZA ALL SEASON 6 C-B-70dB,LASTIK TUKETICI,BRIDGESTONE,4 MEVSIM,PSR STANDART,PSR 16,8.0,0.0,80000.0,8852.5,0.0,0.0
MERKEZ DEPO,515003-26,205/60R15 91V TURANZA T005 B-A-71dB,LASTIK TUKETICI,BRIDGESTONE,YAZ,PSR STANDART,PSR 15,12.0,0.0,120000.0,6784.17,0.0,0.0
MERKEZ DEPO,515128-25,275/45R20 110V XL BLIZZAK 6 EV M+S / SFM B-B-72db,LASTIK TUKETICI,BRIDGESTONE,KIS,PSR 4X4-UHP-RFT,PSR UHP,4.0,0.0,40000.0,14783.33,0.0,0.0
MERKEZ DEPO,516700-26,225/60R18 100V TURANZA ALL SEASON 6 B-B-71dB,LASTIK TUKETICI,BRIDGESTONE,4 MEVSIM,PSR 4X4-UHP-RFT,PSR 4X4,8.0,0.0,80000.0,10905.0,0.0,0.0
COMPETUS DEPO,517213-25,215/45R18 93V XL M+S SFM BLIZZAK 6 EV,LASTIK TUKETICI,BRIDGESTONE,KIS,PSR 4X4-UHP-RFT,PSR UHP,4.0,0.0,40000.0,9658.33,0.0,0.0
MERKEZ DEPO,517213-25,215/45R18 93V XL M+S SFM BLIZZAK 6 EV,LASTIK TUKETICI,BRIDGESTONE,KIS,PSR 4X4-UHP-RFT,PSR UHP,4.0,0.0,40000.0,9658.33,0.0,0.0
MERKEZ DEPO,517468-25,255/55R18 109V XL M+S SFM BLIZZAK 6 EV,LASTIK TUKETICI,BRIDGESTONE,KIS,PSR 4X4-UHP-RFT,PSR UHP,4.0,0.0,40000.0,8590.0,0.0,0.0
MERKEZ DEPO,517600,225/50R18 99W XL TURANZA ALL SEASON 6 C-B-70dB,LASTIK TUKETICI,BRIDGESTONE,4 MEVSIM,PSR 4X4-UHP-RFT,PSR UHP,4.0,0.0,40000.0,11979.17,0.0,0.0
MERKEZ DEPO,517812-26,285/40R22 110Y XL POTENZA SPORT C-A-72dB,LASTIK TUKETICI,BRIDGESTONE,YAZ,PSR 4X4-UHP-RFT,PSR UHP,4.0,0.0,40000.0,29070.83,0.0,0.0
MERKEZ DEPO,517840-25,205/65R16 99H XL BLIZZAK 6 EV M+S / SFM C-B-70db,LASTIK TUKETICI,BRIDGESTONE,KIS,PSR STANDART,PSR 16,16.0,0.0,160000.0,8488.33,0.0,0.0
MERKEZ DEPO,517891-25,185/55R16 87H XL BLIZZAK 6 EV M+S / SFM C-B-70db,LASTIK TUKETICI,BRIDGESTONE,KIS,PSR STANDART,PSR 16,4.0,0.0,40000.0,6451.67,0.0,0.0
MERKEZ DEPO,518600-26,235/55R18 104V XL TURANZA ALL SEASON 6 B-B-70dB,LASTIK TUKETICI,BRIDGESTONE,4 MEVSIM,PSR 4X4-UHP-RFT,PSR UHP,4.0,0.0,40000.0,10767.5,0.0,0.0
MERKEZ DEPO,518872-26,225/50R17 94W POTENZA S001 RFT C-B-71dB,LASTIK TUKETICI,BRIDGESTONE,YAZ,PSR 4X4-UHP-RFT,PSR RFT,4.0,0.0,40000.0,9901.67,0.0,0.0
MERKEZ DEPO,518873-25,205/50R17 89W POTENZA S001 RFT D-C-70dB,LASTIK TUKETICI,BRIDGESTONE,YAZ,PSR 4X4-UHP-RFT,PSR RFT,8.0,0.0,80000.0,10331.67,0.0,0.0
MERKEZ DEPO,518873-26,205/50R17 89W POTENZA S001 RFT D-C-70dB,LASTIK TUKETICI,BRIDGESTONE,YAZ,PSR 4X4-UHP-RFT,PSR RFT,4.0,0.0,40000.0,10331.67,0.0,0.0
COMPETUS DEPO,518887,225/50R16 92W S001RFT F-C-71dB-2013,LASTIK TUKETICI,BRIDGESTONE,YAZ,PSR 4X4-UHP-RFT,PSR RFT,4.0,0.0,40000.0,,0.0,0.0
MERKEZ DEPO,518991-25,225/45R19 96W XL TURANZA ALL SEASON 6 C-B-70dB,LASTIK TUKETICI,BRIDGESTONE,4 MEVSIM,PSR 4X4-UHP-RFT,PSR UHP,8.0,0.0,80000.0,14450.0,0.0,0.0
SANAYI SUBE DEPO,519003-25,225/40R19 93Y XL T005 RFT BMW 3 (*) B-B-70dB,LASTIK TUKETICI,BRIDGESTONE,YAZ,PSR 4X4-UHP-RFT,PSR RFT,1.0,0.0,10000.0,15626.67,0.0,0.0
MERKEZ DEPO,519008-26,245/40R19 98Y XL TURANZA T005 RFT B-B-70dB,LASTIK TUKETICI,BRIDGESTONE,YAZ,PSR 4X4-UHP-RFT,PSR RFT,2.0,0.0,20000.0,14382.5,0.0,0.0
MERKEZ DEPO,519048,255/40R20 101Y XL POTENZA S007 C-A-72dB,LASTIK TUKETICI,BRIDGESTONE,YAZ,PSR 4X4-UHP-RFT,PSR UHP,4.0,0.0,40000.0,15461.67,0.0,0.0
MERKEZ DEPO,519223,275/35R20 102Y XL POTENZA S001 RFT C-B-73dB,LASTIK TUKETICI,BRIDGESTONE,YAZ,PSR 4X4-UHP-RFT,PSR RFT,2.0,0.0,20000.0,18795.0,0.0,0.0
MERKEZ DEPO,519259,215/45R20 95W XL POTENZA S001 C-B-72dB,LASTIK TUKETICI,BRIDGESTONE,YAZ,PSR 4X4-UHP-RFT,PSR UHP,1.0,0.0,10000.0,21236.67,0.0,0.0
MERKEZ DEPO,519259-25,215/45R20 95W XL POTENZA S001 C-B-72dB,LASTIK TUKETICI,BRIDGESTONE,YAZ,PSR 4X4-UHP-RFT,PSR UHP,3.0,0.0,30000.0,21236.67,0.0,0.0
MERKEZ DEPO,519315-26,235/40R19 96Y XL TURANZA 6 EV B-A-70db,LASTIK TUKETICI,BRIDGESTONE,YAZ,PSR 4X4-UHP-RFT,PSR UHP,1.0,0.0,10000.0,13509.17,0.0,0.0
COMPETUS DEPO,519315-26,235/40R19 96Y XL TURANZA 6 EV B-A-70db,LASTIK TUKETICI,BRIDGESTONE,YAZ,PSR 4X4-UHP-RFT,PSR UHP,5.0,0.0,50000.0,13509.17,0.0,0.0
MERKEZ DEPO,519358-25,215/40R17 87W XL TURANZA 6 B-A-70dB,LASTIK TUKETICI,BRIDGESTONE,YAZ,PSR 4X4-UHP-RFT,PSR UHP,4.0,0.0,40000.0,8024.17,0.0,0.0
MERKEZ DEPO,519424-26,205/55R19 97V XL TURANZA 6 B-A-70dB,LASTIK TUKETICI,BRIDGESTONE,YAZ,PSR 4X4-UHP-RFT,PSR 4X4,20.0,0.0,200000.0,10005.0,0.0,0.0
MERKEZ DEPO,519426-25,235/35R19 91Y XL TURANZA 6 B-A-70dB,LASTIK TUKETICI,BRIDGESTONE,YAZ,PSR 4X4-UHP-RFT,PSR UHP,4.0,0.0,40000.0,12093.33,0.0,0.0
MERKEZ DEPO,519535-25,205/55R17 91W TURANZA T001 RFT C-B-70dB,LASTIK TUKETICI,BRIDGESTONE,YAZ,PSR 4X4-UHP-RFT,PSR RFT,4.0,0.0,40000.0,11043.33,0.0,0.0
MERKEZ DEPO,519543-25,225/45R19 92W POTENZA S001 RFT C-B-70dB,LASTIK TUKETICI,BRIDGESTONE,YAZ,PSR 4X4-UHP-RFT,PSR RFT,4.0,0.0,40000.0,15092.5,0.0,0.0
MERKEZ DEPO,519679-26,225/40R19 93Y XL TURANZA ALL SEASON 6 C-B-70dB,LASTIK TUKETICI,BRIDGESTONE,4 MEVSIM,PSR 4X4-UHP-RFT,PSR UHP,4.0,0.0,40000.0,15015.0,0.0,0.0
MERKEZ DEPO,519693-25,245/35R20 95Y XL POTENZA RE050A RFT E-B-72dB,LASTIK TUKETICI,BRIDGESTONE,YAZ,PSR 4X4-UHP-RFT,PSR RFT,2.0,0.0,20000.0,18783.33,0.0,0.0
MERKEZ DEPO,519780-26,195/55R15 85V TURANZA T005 B-A-71dB,LASTIK TUKETICI,BRIDGESTONE,YAZ,PSR STANDART,PSR 15,8.0,0.0,80000.0,6665.83,0.0,0.0
MERKEZ DEPO,519813-25,195/45R16 84V XL TURANZA 6 B-A-70dB,LASTIK TUKETICI,BRIDGESTONE,YAZ,PSR STANDART,PSR 16,8.0,0.0,80000.0,6572.5,0.0,0.0
MERKEZ DEPO,519814-25,205/50R17 93V XL TURANZA ALL SEASON 6 C-B-70dB,LASTIK TUKETICI,BRIDGESTONE,4 MEVSIM,PSR 4X4-UHP-RFT,PSR UHP,4.0,0.0,40000.0,9176.67,0.0,0.0
MERKEZ DEPO,519815-25,215/50R17 95W XL TURANZA ALL SEASON 6 C-B-70dB,LASTIK TUKETICI,BRIDGESTONE,4 MEVSIM,PSR 4X4-UHP-RFT,PSR UHP,8.0,0.0,80000.0,9707.5,0.0,0.0
MERKEZ DEPO,519817-26,235/50R19 103W XL TURANZA ALL SEASON 6 C-B-70dB,LASTIK TUKETICI,BRIDGESTONE,4 MEVSIM,PSR 4X4-UHP-RFT,PSR 4X4,34.0,0.0,340000.0,12861.67,0.0,0.0
MERKEZ DEPO,519829-26,215/55R18 99V XL TURANZA ALL SEASON 6 B-B-70dB,LASTIK TUKETICI,BRIDGESTONE,4 MEVSIM,PSR 4X4-UHP-RFT,PSR UHP,8.0,0.0,80000.0,10866.67,0.0,0.0
MERKEZ DEPO,519871-25,205/55R19 97V XL TURANZA ALL SEASON 6 C-B-70dB,LASTIK TUKETICI,BRIDGESTONE,4 MEVSIM,PSR 4X4-UHP-RFT,PSR 4X4,12.0,0.0,120000.0,10372.5,0.0,0.0
MERKEZ DEPO,519874-26,235/45R20 100W XL TURANZA ALL SEASON 6 C-B-70dB,LASTIK TUKETICI,BRIDGESTONE,YAZ,PSR 4X4-UHP-RFT,PSR UHP,16.0,0.0,160000.0,18806.67,0.0,0.0
MERKEZ DEPO,519878-25,215/45R20 95W XL TURANZA ALL SEASON 6 C-B-70dB,LASTIK TUKETICI,BRIDGESTONE,4 MEVSIM,PSR 4X4-UHP-RFT,PSR UHP,4.0,0.0,40000.0,21625.0,0.0,0.0
MERKEZ DEPO,519885-25,285/45R21 113Y XL TURANZA 6 A-A-71dB,LASTIK TUKETICI,BRIDGESTONE,YAZ,PSR 4X4-UHP-RFT,PSR UHP,4.0,0.0,40000.0,24269.17,0.0,0.0
MERKEZ DEPO,519890-25,235/40R18 95Y XL TURANZA 6 B-A-70dB,LASTIK TUKETICI,BRIDGESTONE,YAZ,PSR 4X4-UHP-RFT,PSR UHP,8.0,0.0,80000.0,9075.0,0.0,0.0
MERKEZ DEPO,519891-25,245/50R18 100Y TURANZA 6 B-A-70dB,LASTIK TUKETICI,BRIDGESTONE,YAZ,PSR 4X4-UHP-RFT,PSR UHP,4.0,0.0,40000.0,12854.17,0.0,0.0
MERKEZ DEPO,519892-25,225/35R19 88Y XL TURANZA 6 B-A-70dB,LASTIK TUKETICI,BRIDGESTONE,YAZ,PSR 4X4-UHP-RFT,PSR UHP,4.0,0.0,40000.0,12012.5,0.0,0.0
MERKEZ DEPO,519895-26,195/50R16 88V XL TURANZA 6 C-B-71dB,LASTIK TUKETICI,BRIDGESTONE,YAZ,PSR STANDART,PSR 16,8.0,0.0,80000.0,7091.67,0.0,0.0
MERKEZ DEPO,519977-26,215/50R18 92W TURANZA 6 B-A-69dB,LASTIK TUKETICI,BRIDGESTONE,YAZ,PSR 4X4-UHP-RFT,PSR UHP,8.0,0.0,80000.0,9796.67,0.0,0.0
MERKEZ DEPO,519978-26,235/45R19 99V XL TURANZA 6 B-A-70dB,LASTIK TUKETICI,BRIDGESTONE,YAZ,PSR 4X4-UHP-RFT,PSR 4X4,7.0,0.0,70000.0,13892.5,0.0,0.0
COMPETUS DEPO,519978-26,235/45R19 99V XL TURANZA 6 B-A-70dB,LASTIK TUKETICI,BRIDGESTONE,YAZ,PSR 4X4-UHP-RFT,PSR 4X4,4.0,0.0,40000.0,13892.5,0.0,0.0
SANAYI SUBE DEPO,519979-25,225/40R19 93Y XL TURANZA 6 EV B-A-70db,LASTIK TUKETICI,BRIDGESTONE,YAZ,PSR 4X4-UHP-RFT,PSR UHP,1.0,0.0,10000.0,13973.33,0.0,0.0
COMPETUS DEPO,519979-26,225/40R19 93Y XL TURANZA 6 EV B-A-70db,LASTIK TUKETICI,BRIDGESTONE,YAZ,PSR 4X4-UHP-RFT,PSR UHP,1.0,0.0,10000.0,13973.33,0.0,0.0
MERKEZ DEPO,519980-26,245/40R17 95Y XL TURANZA 6 B-A-70dB,LASTIK TUKETICI,BRIDGESTONE,YAZ,PSR 4X4-UHP-RFT,PSR UHP,4.0,0.0,40000.0,8844.17,0.0,0.0
COMPETUS DEPO,519982-26,255/45R18 103Y XL TURANZA 6 B-A-71dB,LASTIK TUKETICI,BRIDGESTONE,YAZ,PSR 4X4-UHP-RFT,PSR UHP,4.0,0.0,40000.0,12454.17,0.0,0.0
MERKEZ DEPO,519983-26,255/35R19 96Y XL TURANZA 6 B-A-71dB,LASTIK TUKETICI,BRIDGESTONE,YAZ,PSR 4X4-UHP-RFT,PSR UHP,3.0,0.0,30000.0,12775.0,0.0,0.0
MERKEZ DEPO,519984-26,255/40R19 100Y XL TURANZA 6 B-A-71dB,LASTIK TUKETICI,BRIDGESTONE,YAZ,PSR 4X4-UHP-RFT,PSR UHP,3.0,0.0,30000.0,13985.0,0.0,0.0
MERKEZ DEPO,519985-25,275/40R19 105Y XL TURANZA 6 B-A-71dB,LASTIK TUKETICI,BRIDGESTONE,YAZ,PSR 4X4-UHP-RFT,PSR UHP,6.0,0.0,60000.0,15927.5,0.0,0.0
COMPETUS DEPO,519990,245/50R18 100Y S001RFT C-B-71dB-2020,LASTIK TUKETICI,BRIDGESTONE,YAZ,PSR 4X4-UHP-RFT,PSR RFT,1.0,0.0,10000.0,,0.0,0.0
MERKEZ DEPO,529094-25,225/40R18 92W XL TURANZA T001 EXT D-B-71dB,LASTIK TUKETICI,BRIDGESTONE,YAZ,PSR 4X4-UHP-RFT,PSR UHP,22.0,0.0,220000.0,8269.17,0.0,0.0
MERKEZ DEPO,543939-25,235/65R17 108V XL M+S SFM BLIZZAK 6 EV B-A-72dB,LASTIK TUKETICI,BRIDGESTONE,KIS,PSR 4X4-UHP-RFT,PSR UHP,4.0,0.0,40000.0,7381.67,0.0,0.0
MERKEZ DEPO,543979-25,255/50R19 107W XL M+S SFM BLIZZAK 6 EV B-B-72db,LASTIK TUKETICI,BRIDGESTONE,KIS,PSR 4X4-UHP-RFT,PSR UHP,4.0,0.0,40000.0,11150.0,0.0,0.0
MERKEZ DEPO,544018-25,315/35R21 111Y XL DUELER H/P SPORT C-A-75dB,LASTIK TUKETICI,BRIDGESTONE,YAZ,PSR 4X4-UHP-RFT,PSR 4X4,4.0,0.0,40000.0,22478.33,0.0,0.0
MERKEZ DEPO,544047,275/50R22 111H H/T684 C-E-72dB,LASTIK TUKETICI,BRIDGESTONE,YAZ,PSR 4X4-UHP-RFT,PSR 4X4,4.0,0.0,40000.0,20116.67,0.0,0.0
MERKEZ DEPO,544208-25,255/55R18 109H XL DUELER H/L400 RFT E-E-72dB,LASTIK TUKETICI,BRIDGESTONE,YAZ,PSR 4X4-UHP-RFT,PSR RFT,1.0,0.0,10000.0,11940.83,0.0,0.0
COMPETUS DEPO,544226,285/45R19 111W XL DUELERSPORT H/P-RFT-2022-E-C-73db,LASTIK TUKETICI,BRIDGESTONE,YAZ,PSR 4X4-UHP-RFT,PSR RFT,6.0,0.0,60000.0,5066.67,0.0,0.0
MERKEZ DEPO,544226-24,285/45R19 111W XL DUELER H/P SPORT RFT E-C-73dB,LASTIK TUKETICI,BRIDGESTONE,YAZ,PSR 4X4-UHP-RFT,PSR RFT,2.0,0.0,20000.0,16864.17,0.0,0.0
MERKEZ DEPO,544242-25,275/45R21 110Y XL TURANZA 6 B-A-71dB,LASTIK TUKETICI,BRIDGESTONE,YAZ,PSR 4X4-UHP-RFT,PSR UHP,3.0,0.0,30000.0,16444.17,0.0,0.0
MERKEZ DEPO,544242-26,275/45R21 110Y XL TURANZA 6 B-A-71dB,LASTIK TUKETICI,BRIDGESTONE,YAZ,PSR 4X4-UHP-RFT,PSR UHP,3.0,0.0,30000.0,16444.17,0.0,0.0
MERKEZ DEPO,544243-25,295/35R21 107Y XL TURANZA 6 B-A-71dB,LASTIK TUKETICI,BRIDGESTONE,YAZ,PSR 4X4-UHP-RFT,PSR UHP,4.0,0.0,40000.0,15170.83,0.0,0.0
MERKEZ DEPO,544310,275/40R20 106W XL DUELER H/P SPORT RFT* E-B-72dB,LASTIK TUKETICI,BRIDGESTONE,YAZ,PSR 4X4-UHP-RFT,PSR RFT,4.0,0.0,40000.0,17085.83,0.0,0.0
MERKEZ DEPO,544325,315/35R20 110W XL DUELER H/P SPORT RFT* E-B-73dB-2024,LASTIK TUKETICI,BRIDGESTONE,YAZ,PSR 4X4-UHP-RFT,PSR RFT,4.0,0.0,40000.0,22908.33,0.0,0.0
COMPETUS DEPO,544419,225/70R16 102S A/T694 F-E-75dB-2015,LASTIK TUKETICI,BRIDGESTONE,YAZ,PSR 4X4-UHP-RFT,PSR 4X4,1.0,0.0,10000.0,,0.0,0.0
COMPETUS DEPO,544435-26,235/45R19 95V DUELER H/P SPORT EXT C-B-71dB,LASTIK TUKETICI,BRIDGESTONE,YAZ,PSR 4X4-UHP-RFT,PSR 4X4,4.0,0.0,40000.0,15053.33,0.0,0.0
MERKEZ DEPO,544829-26,285/65R17 116T DUELER A/T002 B-C-73dB,LASTIK TUKETICI,BRIDGESTONE,YAZ,PSR 4X4-UHP-RFT,PSR 4X4,1.0,0.0,10000.0,11356.67,0.0,0.0
MERKEZ DEPO,544891-26,225/55R19 99V TURANZA 6 B-A-69dB,LASTIK TUKETICI,BRIDGESTONE,YAZ,PSR 4X4-UHP-RFT,PSR 4X4,21.0,0.0,210000.0,9608.33,0.0,0.0
MERKEZ DEPO,544892-26,235/50R19 99V TURANZA 6 B-A-69dB,LASTIK TUKETICI,BRIDGESTONE,YAZ,PSR 4X4-UHP-RFT,PSR UHP,13.0,0.0,130000.0,11240.0,0.0,0.0
MERKEZ DEPO,544908-25,255/50R19 107W XL DUELER H/P SPORT RFT E-C-73dB,LASTIK TUKETICI,BRIDGESTONE,YAZ,PSR 4X4-UHP-RFT,PSR RFT,2.0,0.0,20000.0,15390.83,0.0,0.0
MERKEZ DEPO,544912-25,225/65R17 102H TURANZA 6 B-A-69dB,LASTIK TUKETICI,BRIDGESTONE,YAZ,PSR 4X4-UHP-RFT,PSR UHP,12.0,0.0,120000.0,9255.0,0.0,0.0
MERKEZ DEPO,544913-26,235/55R20 102V TURANZA 6 B-A-69dB,LASTIK TUKETICI,BRIDGESTONE,YAZ,PSR 4X4-UHP-RFT,PSR 4X4,4.0,0.0,40000.0,15877.5,0.0,0.0
MERKEZ DEPO,544923-25,255/60R17 106V TURANZA 6 B-A-70dB,LASTIK TUKETICI,BRIDGESTONE,YAZ,PSR 4X4-UHP-RFT,PSR UHP,4.0,0.0,40000.0,10327.5,0.0,0.0
MERKEZ DEPO,544923-26,255/60R17 106V TURANZA 6 B-A-70dB,LASTIK TUKETICI,BRIDGESTONE,YAZ,PSR 4X4-UHP-RFT,PSR UHP,4.0,0.0,40000.0,10327.5,0.0,0.0
MERKEZ DEPO,544928-25,255/55R18 109V XL TURANZA 6 A-A-71dB,LASTIK TUKETICI,BRIDGESTONE,YAZ,PSR 4X4-UHP-RFT,PSR 4X4,4.0,0.0,40000.0,10098.33,0.0,0.0
MERKEZ DEPO,544929-26,265/60R18 110V TURANZA 6 B-A-70dB,LASTIK TUKETICI,BRIDGESTONE,YAZ,PSR 4X4-UHP-RFT,PSR 4X4,2.0,0.0,20000.0,11466.67,0.0,0.0
MERKEZ DEPO,544931-25,255/50R19 107Y XL TURANZA 6 B-A-71dB,LASTIK TUKETICI,BRIDGESTONE,YAZ,PSR 4X4-UHP-RFT,PSR 4X4,4.0,0.0,40000.0,12584.17,0.0,0.0
MERKEZ DEPO,544933-25,255/50R20 109Y XL TURANZA 6 A-A-71dB,LASTIK TUKETICI,BRIDGESTONE,YAZ,PSR 4X4-UHP-RFT,PSR 4X4,4.0,0.0,40000.0,17468.33,0.0,0.0
MERKEZ DEPO,544934-25,255/55R20 110W XL TURANZA 6 A-A-71dB,LASTIK TUKETICI,BRIDGESTONE,YAZ,PSR 4X4-UHP-RFT,PSR UHP,8.0,0.0,80000.0,18318.33,0.0,0.0
MERKEZ DEPO,544935-26,275/40R21 107Y XL TURANZA 6 B-A-71dB,LASTIK TUKETICI,BRIDGESTONE,YAZ,PSR 4X4-UHP-RFT,PSR UHP,4.0,0.0,40000.0,19726.67,0.0,0.0
MERKEZ DEPO,544937-25,275/40R22 107Y XL TURANZA 6 A-A-71dB,LASTIK TUKETICI,BRIDGESTONE,YAZ,PSR 4X4-UHP-RFT,PSR 4X4,4.0,0.0,40000.0,23080.83,0.0,0.0
MERKEZ DEPO,544990-25,255/45R20 101W DUELER H/P SPORT E-A-71dB,LASTIK TUKETICI,BRIDGESTONE,YAZ,PSR 4X4-UHP-RFT,PSR 4X4,1.0,0.0,10000.0,17548.33,0.0,0.0
MERKEZ DEPO,545111-26,205/70R15 96T DUELER A/T002 C-C-72dB,LASTIK TUKETICI,BRIDGESTONE,YAZ,PSR 4X4-UHP-RFT,PSR 4X4,4.0,0.0,40000.0,6065.83,0.0,0.0
MERKEZ DEPO,545122-25,195/60R16 93V XL TURANZA ALL SEASON 6 C-B-70dB,LASTIK TUKETICI,BRIDGESTONE,4 MEVSIM,PSR STANDART,PSR 16,4.0,0.0,40000.0,7826.67,0.0,0.0
MERKEZ DEPO,545123-25,225/55R16 99W XL TURANZA ALL SEASON 6 C-B-70dB,LASTIK TUKETICI,BRIDGESTONE,4 MEVSIM,PSR STANDART,PSR 16,4.0,0.0,40000.0,9727.5,0.0,0.0
MERKEZ DEPO,545128,275/45R20 110W XL TURANZA ALL SEASON 6 B-B-71dB,LASTIK TUKETICI,BRIDGESTONE,4 MEVSIM,PSR 4X4-UHP-RFT,PSR UHP,1.0,0.0,10000.0,16192.5,0.0,0.0
COMPETUS DEPO,545140-26,255/40R20 104Y XL (HL) TURANZA T005 C-A-70dB,LASTIK TUKETICI,BRIDGESTONE,YAZ,PSR 4X4-UHP-RFT,PSR 4X4,4.0,0.0,40000.0,18976.67,0.0,0.0
MERKEZ DEPO,545140-26,255/40R20 104Y XL (HL) TURANZA T005 C-A-70dB,LASTIK TUKETICI,BRIDGESTONE,YAZ,PSR 4X4-UHP-RFT,PSR 4X4,8.0,0.0,80000.0,18976.67,0.0,0.0
MERKEZ DEPO,545141-25,275/55R17 109V TURANZA 6 B-A-70dB,LASTIK TUKETICI,BRIDGESTONE,YAZ,PSR 4X4-UHP-RFT,PSR UHP,4.0,0.0,40000.0,11472.5,0.0,0.0
MERKEZ DEPO,545142-25,315/35R20 110Y XL TURANZA 6 B-A-71dB,LASTIK TUKETICI,BRIDGESTONE,YAZ,PSR 4X4-UHP-RFT,PSR 4X4,2.0,0.0,20000.0,20829.17,0.0,0.0
COMPETUS DEPO,545239,P245/65R17 105R DMV1-2021,LASTIK TUKETICI,BRIDGESTONE,KIS,PSR 4X4-UHP-RFT,PSR 4X4,3.0,0.0,30000.0,1250.0,0.0,0.0
COMPETUS DEPO,545813,255/50R19 107V XL LM80 EVO E-C-73dB-2019,LASTIK TUKETICI,BRIDGESTONE,KIS,PSR 4X4-UHP-RFT,PSR 4X4,1.0,0.0,10000.0,1250.0,0.0,0.0
MERKEZ DEPO,546983-26,215/45R16 90V XL TURANZA ALL SEASON 6 C-B-70dB,LASTIK TUKETICI,BRIDGESTONE,4 MEVSIM,PSR STANDART,PSR 16,4.0,0.0,40000.0,7721.67,0.0,0.0
MERKEZ DEPO,548374,225/75 R17.5 129M127M TL R-DRIVE 002 C-B-74dB,LASTIK TICARI,BRIDGESTONE,LSR,MIDIBUS / KAMYONET,CEKER TIP,148.0,0.0,1480000.0,13135.0,0.0,0.0
MERKEZ DEPO,548832,215/75R17.5 136/134K R-TRAILER 001 C-C-69db,LASTIK TICARI,BRIDGESTONE,TBR,BOLGESEL TASIMACILIK,TREYLER,97.0,0.0,970000.0,21479.17,0.0,0.0
TICARI DEPO,548832,215/75R17.5 136/134K R-TRAILER 001 C-C-69db,LASTIK TICARI,BRIDGESTONE,TBR,BOLGESEL TASIMACILIK,TREYLER,2.0,2.0,0.0,21479.17,0.0,0.0
MERKEZ DEPO,586013,18.00R25 *2 VMTS E4 E2ALS TO,LASTIK TICARI,BRIDGESTONE,OTR,ORR,E4,10.0,10.0,0.0,3551.67,0.0,0.0
MERKEZ DEPO,588309,140/55-9 PREMIUM LINE 4.00 STD BLK SOLID,LASTIK TICARI,KINESIS,IND,DOLGU,DOLGU SIYAH,1.0,0.0,10000.0,,0.0,0.0
MERKEZ DEPO,589009,21X8-9 14PRJL TCF,LASTIK TICARI,BRIDGESTONE,IND,HAVALI,HAVALI SIYAH,1.0,0.0,10000.0,,0.0,0.0
MERKEZ DEPO,594139-25,255/45R18 103V XL M+S SFM BLIZZAK 6 EV C-B-72dB,LASTIK TUKETICI,BRIDGESTONE,KIS,PSR 4X4-UHP-RFT,PSR UHP,4.0,0.0,40000.0,11246.67,0.0,0.0
MERKEZ DEPO,594169-25,255/40R19 100W XL BLIZZAK 6 EV M+S / SFM C-B-72db,LASTIK TUKETICI,BRIDGESTONE,KIS,PSR 4X4-UHP-RFT,PSR UHP,6.0,0.0,60000.0,12676.67,0.0,0.0
MERKEZ DEPO,610110-26,245/40R18 97Y XL TURANZA 6 B-A-70dB,LASTIK TUKETICI,BRIDGESTONE,YAZ,PSR 4X4-UHP-RFT,PSR UHP,32.0,0.0,320000.0,9364.17,0.0,0.0
COMPETUS DEPO,610542-25,225/45R17 94V M+S SFM BLIZZAK 6 EV C-B-70dB,LASTIK TUKETICI,BRIDGESTONE,KIS,PSR 4X4-UHP-RFT,PSR UHP,4.0,0.0,40000.0,5413.33,0.0,0.0
MERKEZ DEPO,610542-25,225/45R17 94V M+S SFM BLIZZAK 6 EV C-B-70dB,LASTIK TUKETICI,BRIDGESTONE,KIS,PSR 4X4-UHP-RFT,PSR UHP,10.0,0.0,100000.0,5413.33,0.0,0.0
IZMIT SUBE DEPO,610542-25,225/45R17 94V M+S SFM BLIZZAK 6 EV C-B-70dB,LASTIK TUKETICI,BRIDGESTONE,KIS,PSR 4X4-UHP-RFT,PSR UHP,3.0,0.0,30000.0,5413.33,0.0,0.0
MERKEZ DEPO,610543-25,245/40R18 97V BLIZZAK 6 EV M+S / SFM C-B-72db,LASTIK TUKETICI,BRIDGESTONE,KIS,PSR 4X4-UHP-RFT,PSR UHP,20.0,0.0,200000.0,8975.0,0.0,0.0
COMPETUS DEPO,610544-25,245/45R18 100V XL BLIZZAK 6 C-B-70db,LASTIK TUKETICI,BRIDGESTONE,KIS,PSR 4X4-UHP-RFT,PSR UHP,4.0,0.0,40000.0,9690.0,0.0,0.0
MERKEZ DEPO,610544-25,245/45R18 100V XL BLIZZAK 6 C-B-70db,LASTIK TUKETICI,BRIDGESTONE,KIS,PSR 4X4-UHP-RFT,PSR UHP,12.0,0.0,120000.0,9690.0,0.0,0.0
COMPETUS DEPO,610548,225/45R18 95V M+S SFM BLIZZAK 6 C-B-70dB-2024,LASTIK TUKETICI,BRIDGESTONE,KIS,PSR 4X4-UHP-RFT,PSR UHP,4.0,0.0,40000.0,9351.67,0.0,0.0
MERKEZ DEPO,610548,225/45R18 95V M+S SFM BLIZZAK 6 C-B-70dB-2024,LASTIK TUKETICI,BRIDGESTONE,KIS,PSR 4X4-UHP-RFT,PSR UHP,4.0,0.0,40000.0,9351.67,0.0,0.0
MERKEZ DEPO,610549-25,235/40R18 95V XL M+S SFM BLIZZAK 6 C-B-70db,LASTIK TUKETICI,BRIDGESTONE,KIS,PSR 4X4-UHP-RFT,PSR UHP,8.0,0.0,80000.0,9028.33,0.0,0.0
MERKEZ DEPO,610563-25,235/45R18 98V BLIZZAK 6 EV M+S / SFM C-B-70db,LASTIK TUKETICI,BRIDGESTONE,KIS,PSR 4X4-UHP-RFT,PSR UHP,4.0,0.0,40000.0,9925.0,0.0,0.0
IZMIT SUBE DEPO,610876-26,215/50R17 95W XL TURANZA 6 B-A-70dB,LASTIK TUKETICI,BRIDGESTONE,YAZ,PSR 4X4-UHP-RFT,PSR UHP,4.0,0.0,40000.0,8947.5,0.0,0.0
MERKEZ DEPO,610877-26,215/55R17 98W XL TURANZA 6 B-A-70dB,LASTIK TUKETICI,BRIDGESTONE,YAZ,PSR 4X4-UHP-RFT,PSR UHP,44.0,0.0,440000.0,9115.0,0.0,0.0
COMPETUS DEPO,610877-26,215/55R17 98W XL TURANZA 6 B-A-70dB,LASTIK TUKETICI,BRIDGESTONE,YAZ,PSR 4X4-UHP-RFT,PSR UHP,8.0,0.0,80000.0,9115.0,0.0,0.0
IZMIT SUBE DEPO,610877-26,215/55R17 98W XL TURANZA 6 B-A-70dB,LASTIK TUKETICI,BRIDGESTONE,YAZ,PSR 4X4-UHP-RFT,PSR UHP,4.0,0.0,40000.0,9115.0,0.0,0.0
IZMIT SUBE DEPO,610879-26,225/45R17 94Y XL TURANZA 6 B-A-70dB,LASTIK TUKETICI,BRIDGESTONE,YAZ,PSR 4X4-UHP-RFT,PSR UHP,6.0,0.0,60000.0,5963.33,0.0,0.0
COMPETUS DEPO,610879-26,225/45R17 94Y XL TURANZA 6 B-A-70dB,LASTIK TUKETICI,BRIDGESTONE,YAZ,PSR 4X4-UHP-RFT,PSR UHP,26.0,0.0,260000.0,5963.33,0.0,0.0
SANAYI SUBE DEPO,610879-26,225/45R17 94Y XL TURANZA 6 B-A-70dB,LASTIK TUKETICI,BRIDGESTONE,YAZ,PSR 4X4-UHP-RFT,PSR UHP,4.0,0.0,40000.0,5963.33,0.0,0.0
MERKEZ DEPO,610879-26,225/45R17 94Y XL TURANZA 6 B-A-70dB,LASTIK TUKETICI,BRIDGESTONE,YAZ,PSR 4X4-UHP-RFT,PSR UHP,7.0,0.0,70000.0,5963.33,0.0,0.0
MERKEZ DEPO,610880-26,225/60R17 99V TURANZA 6 B-A-69dB,LASTIK TUKETICI,BRIDGESTONE,YAZ,PSR 4X4-UHP-RFT,PSR UHP,24.0,0.0,240000.0,10605.83,0.0,0.0
MERKEZ DEPO,610881-26,225/45R18 95Y XL TURANZA 6 B-A-69dB,LASTIK TUKETICI,BRIDGESTONE,YAZ,PSR 4X4-UHP-RFT,PSR UHP,5.0,0.0,50000.0,10448.33,0.0,0.0
COMPETUS DEPO,610882-26,225/60R18 100V TURANZA 6 B-A-69dB,LASTIK TUKETICI,BRIDGESTONE,YAZ,PSR 4X4-UHP-RFT,PSR 4X4,12.0,0.0,120000.0,10073.33,0.0,0.0
MERKEZ DEPO,610883-26,235/45R18 98Y XL TURANZA 6 B-A-70dB,LASTIK TUKETICI,BRIDGESTONE,YAZ,PSR 4X4-UHP-RFT,PSR UHP,2.0,0.0,20000.0,11170.83,0.0,0.0
MERKEZ DEPO,610886-26,235/55R17 103Y XL TURANZA 6 B-A-69dB,LASTIK TUKETICI,BRIDGESTONE,YAZ,PSR 4X4-UHP-RFT,PSR UHP,4.0,0.0,40000.0,9487.5,0.0,0.0
MERKEZ DEPO,610887-26,235/55R18 100V TURANZA 6 B-A-69dB,LASTIK TUKETICI,BRIDGESTONE,4 MEVSIM,PSR 4X4-UHP-RFT,PSR UHP,44.0,0.0,440000.0,9540.0,0.0,0.0
IZMIT SUBE DEPO,610888,245/45R18 100Y XL TURANZA 6 B-A-70db-2024,LASTIK TUKETICI,BRIDGESTONE,YAZ,PSR 4X4-UHP-RFT,PSR UHP,1.0,0.0,10000.0,8388.33,0.0,0.0
SANAYI SUBE DEPO,610888-25,245/45R18 100Y XL TURANZA 6 B-A-70db,LASTIK TUKETICI,BRIDGESTONE,YAZ,PSR 4X4-UHP-RFT,PSR UHP,1.0,0.0,10000.0,8388.33,0.0,0.0
MERKEZ DEPO,610888-26,245/45R18 100Y XL TURANZA 6 B-A-70dB,LASTIK TUKETICI,BRIDGESTONE,YAZ,PSR 4X4-UHP-RFT,PSR UHP,12.0,0.0,120000.0,10095.0,0.0,0.0
IZMIT SUBE DEPO,610891,205/50R17 93W XL TURANZA 6 B-A-70db-2024,LASTIK TUKETICI,BRIDGESTONE,YAZ,PSR 4X4-UHP-RFT,PSR UHP,1.0,0.0,10000.0,6728.33,0.0,0.0
SANAYI SUBE DEPO,610891-26,205/50R17 93W XL TURANZA 6 B-A-70dB,LASTIK TUKETICI,BRIDGESTONE,YAZ,PSR 4X4-UHP-RFT,PSR UHP,4.0,0.0,40000.0,8445.83,0.0,0.0
MERKEZ DEPO,610891-26,205/50R17 93W XL TURANZA 6 B-A-70dB,LASTIK TUKETICI,BRIDGESTONE,YAZ,PSR 4X4-UHP-RFT,PSR UHP,4.0,0.0,40000.0,8445.83,0.0,0.0
SANAYI SUBE DEPO,610892-26,205/55R17 95V XL TURANZA 6 B-A-70dB,LASTIK TUKETICI,BRIDGESTONE,YAZ,PSR 4X4-UHP-RFT,PSR UHP,4.0,0.0,40000.0,8104.17,0.0,0.0
IZMIT SUBE DEPO,610892-26,205/55R17 95V XL TURANZA 6 B-A-70dB,LASTIK TUKETICI,BRIDGESTONE,YAZ,PSR 4X4-UHP-RFT,PSR UHP,4.0,0.0,40000.0,8104.17,0.0,0.0
MERKEZ DEPO,610892-26,205/55R17 95V XL TURANZA 6 B-A-70dB,LASTIK TUKETICI,BRIDGESTONE,YAZ,PSR 4X4-UHP-RFT,PSR UHP,30.0,0.0,300000.0,8104.17,0.0,0.0
MERKEZ DEPO,610897-26,235/50R18 97V TURANZA 6 B-A-69dB,LASTIK TUKETICI,BRIDGESTONE,YAZ,PSR 4X4-UHP-RFT,PSR UHP,8.0,0.0,80000.0,10421.67,0.0,0.0
MERKEZ DEPO,611035-26,185/65R15 92T XL TURANZA T005 B-A-71dB,LASTIK TUKETICI,BRIDGESTONE,YAZ,PSR STANDART,PSR 15,18.0,0.0,180000.0,4505.0,0.0,0.0
IZMIT SUBE DEPO,611048-26,195/60R15 88V TURANZA T005 B-A-71dB,LASTIK TUKETICI,BRIDGESTONE,YAZ,PSR STANDART,PSR 15,4.0,0.0,40000.0,5120.83,0.0,0.0
MERKEZ DEPO,611048-26,195/60R15 88V TURANZA T005 B-A-71dB,LASTIK TUKETICI,BRIDGESTONE,YAZ,PSR STANDART,PSR 15,12.0,0.0,120000.0,5120.83,0.0,0.0
MERKEZ DEPO,611049-26,185/60R15 84H TURANZA T005 B-A-70dB,LASTIK TUKETICI,BRIDGESTONE,YAZ,PSR STANDART,PSR 15,41.0,0.0,410000.0,4928.33,0.0,0.0
SANAYI SUBE DEPO,611049-26,185/60R15 84H TURANZA T005 B-A-70dB,LASTIK TUKETICI,BRIDGESTONE,YAZ,PSR STANDART,PSR 15,8.0,0.0,80000.0,4928.33,0.0,0.0
MERKEZ DEPO,611052-25,195/65R15 95H XL TURANZA T005 B-A-71dB,LASTIK TUKETICI,BRIDGESTONE,YAZ,PSR STANDART,PSR 15,2.0,0.0,20000.0,4414.17,0.0,0.0
MERKEZ DEPO,611053-26,185/65R14 86H TURANZA T005 C-A-70dB,LASTIK TUKETICI,BRIDGESTONE,YAZ,PSR STANDART,PSR 13-14,33.0,0.0,330000.0,4167.5,0.0,0.0
COMPETUS DEPO,611053-26,185/65R14 86H TURANZA T005 C-A-70dB,LASTIK TUKETICI,BRIDGESTONE,YAZ,PSR STANDART,PSR 13-14,8.0,0.0,80000.0,4167.5,0.0,0.0
IZMIT SUBE DEPO,611054-26,195/65R15 91V TURANZA T005 B-A-71dB,LASTIK TUKETICI,BRIDGESTONE,YAZ,PSR STANDART,PSR 15,4.0,0.0,40000.0,4326.67,0.0,0.0
MERKEZ DEPO,611054-26,195/65R15 91V TURANZA T005 B-A-71dB,LASTIK TUKETICI,BRIDGESTONE,YAZ,PSR STANDART,PSR 15,15.0,0.0,150000.0,4326.67,0.0,0.0
COMPETUS DEPO,611054-26,195/65R15 91V TURANZA T005 B-A-71dB,LASTIK TUKETICI,BRIDGESTONE,YAZ,PSR STANDART,PSR 15,79.0,0.0,790000.0,4326.67,0.0,0.0
IZMIT SUBE DEPO,611506-26,205/60R16 96V XL TURANZA 6 B-A-70dB,LASTIK TUKETICI,BRIDGESTONE,YAZ,PSR STANDART,PSR 16,8.0,0.0,80000.0,6855.83,0.0,0.0
MERKEZ DEPO,611513-26,215/65R16 98H TURANZA 6 B-A-69dB,LASTIK TUKETICI,BRIDGESTONE,YAZ,PSR 4X4-UHP-RFT,PSR 4X4,1.0,0.0,10000.0,6534.17,0.0,0.0
MERKEZ DEPO,611514-26,215/65R17 99V TURANZA 6 B-A-69dB,LASTIK TUKETICI,BRIDGESTONE,YAZ,PSR 4X4-UHP-RFT,PSR UHP,8.0,0.0,80000.0,8387.5,0.0,0.0
IZMIT SUBE DEPO,611515,225/40R18 92Y XL TURANZA 6 B-A-69db-2024,LASTIK TUKETICI,BRIDGESTONE,YAZ,PSR 4X4-UHP-RFT,PSR UHP,1.0,0.0,10000.0,5608.33,0.0,0.0
IZMIT SUBE DEPO,611515-26,225/40R18 92Y XL TURANZA 6 B-A-69dB,LASTIK TUKETICI,BRIDGESTONE,YAZ,PSR 4X4-UHP-RFT,PSR UHP,4.0,0.0,40000.0,6752.5,0.0,0.0
MERKEZ DEPO,611515-26,225/40R18 92Y XL TURANZA 6 B-A-69dB,LASTIK TUKETICI,BRIDGESTONE,YAZ,PSR 4X4-UHP-RFT,PSR UHP,37.0,0.0,370000.0,6752.5,0.0,0.0
MERKEZ DEPO,611518-26,225/45R19 96W XL TURANZA 6 B-A-70dB,LASTIK TUKETICI,BRIDGESTONE,YAZ,PSR 4X4-UHP-RFT,PSR UHP,16.0,0.0,160000.0,13720.83,0.0,0.0
IZMIT SUBE DEPO,611519-26,225/50R17 98Y XL TURANZA 6 B-A-69dB,LASTIK TUKETICI,BRIDGESTONE,YAZ,PSR 4X4-UHP-RFT,PSR UHP,4.0,0.0,40000.0,8823.33,0.0,0.0
COMPETUS DEPO,611519-26,225/50R17 98Y XL TURANZA 6 B-A-69dB,LASTIK TUKETICI,BRIDGESTONE,YAZ,PSR 4X4-UHP-RFT,PSR UHP,16.0,0.0,160000.0,8823.33,0.0,0.0
MERKEZ DEPO,611519-26,225/50R17 98Y XL TURANZA 6 B-A-69dB,LASTIK TUKETICI,BRIDGESTONE,YAZ,PSR 4X4-UHP-RFT,PSR UHP,32.0,0.0,320000.0,8823.33,0.0,0.0
MERKEZ DEPO,611523-26,225/55R16 95Y TURANZA 6 B-A-69dB,LASTIK TUKETICI,BRIDGESTONE,YAZ,PSR 4X4-UHP-RFT,PSR UHP,8.0,0.0,80000.0,9274.17,0.0,0.0
IZMIT SUBE DEPO,611524-26,225/55R17 101W XL TURANZA 6 B-A-70dB,LASTIK TUKETICI,BRIDGESTONE,YAZ,PSR 4X4-UHP-RFT,PSR UHP,4.0,0.0,40000.0,9426.67,0.0,0.0
MERKEZ DEPO,611524-26,225/55R17 101W XL TURANZA 6 B-A-70dB,LASTIK TUKETICI,BRIDGESTONE,YAZ,PSR 4X4-UHP-RFT,PSR UHP,20.0,0.0,200000.0,9426.67,0.0,0.0
COMPETUS DEPO,611536-26,245/40R19 98Y XL TURANZA 6 B-A-69dB,LASTIK TUKETICI,BRIDGESTONE,YAZ,PSR 4X4-UHP-RFT,PSR UHP,1.0,0.0,10000.0,12748.33,0.0,0.0
MERKEZ DEPO,611536-26,245/40R19 98Y XL TURANZA 6 B-A-69dB,LASTIK TUKETICI,BRIDGESTONE,YAZ,PSR 4X4-UHP-RFT,PSR UHP,2.0,0.0,20000.0,12748.33,0.0,0.0
SANAYI SUBE DEPO,611536-26,245/40R19 98Y XL TURANZA 6 B-A-69dB,LASTIK TUKETICI,BRIDGESTONE,YAZ,PSR 4X4-UHP-RFT,PSR UHP,4.0,0.0,40000.0,12748.33,0.0,0.0
IZMIT SUBE DEPO,611545-26,275/45R20 110Y XL TURANZA 6 B-A-71dB,LASTIK TUKETICI,BRIDGESTONE,YAZ,PSR 4X4-UHP-RFT,PSR UHP,4.0,0.0,40000.0,16736.67,0.0,0.0
MERKEZ DEPO,611545-26,275/45R20 110Y XL TURANZA 6 B-A-71dB,LASTIK TUKETICI,BRIDGESTONE,YAZ,PSR 4X4-UHP-RFT,PSR UHP,8.0,0.0,80000.0,16736.67,0.0,0.0
MERKEZ DEPO,611546-26,225/50R18 99W XL TURANZA 6 B-A-70dB,LASTIK TUKETICI,BRIDGESTONE,YAZ,PSR 4X4-UHP-RFT,PSR UHP,6.0,0.0,60000.0,12742.5,0.0,0.0
MERKEZ DEPO,611565-26,205/55R16 91V TURANZA 6 B-A-69dB,LASTIK TUKETICI,BRIDGESTONE,YAZ,PSR STANDART,PSR 16,224.0,0.0,2240000.0,5309.17,0.0,0.0
SANAYI SUBE DEPO,611565-26,205/55R16 91V TURANZA 6 B-A-69dB,LASTIK TUKETICI,BRIDGESTONE,YAZ,PSR STANDART,PSR 16,11.0,0.0,110000.0,5309.17,0.0,0.0
IZMIT SUBE DEPO,611565-26,205/55R16 91V TURANZA 6 B-A-69dB,LASTIK TUKETICI,BRIDGESTONE,YAZ,PSR STANDART,PSR 16,9.0,0.0,90000.0,5309.17,0.0,0.0
MERKEZ DEPO,611566-26,205/55R16 94V XL TURANZA 6 B-A-70dB,LASTIK TUKETICI,BRIDGESTONE,YAZ,PSR STANDART,PSR 16,14.0,0.0,140000.0,5415.0,0.0,0.0
COMPETUS DEPO,611567-26,215/55R16 97W XL TURANZA 6 B-A-70dB,LASTIK TUKETICI,BRIDGESTONE,YAZ,PSR STANDART,PSR 16,4.0,0.0,40000.0,7837.5,0.0,0.0
MERKEZ DEPO,611568-26,215/55R16 93V TURANZA 6 B-A-69dB,LASTIK TUKETICI,BRIDGESTONE,YAZ,PSR STANDART,PSR 16,13.0,0.0,130000.0,7681.67,0.0,0.0
IZMIT SUBE DEPO,611568-26,215/55R16 93V TURANZA 6 B-A-69dB,LASTIK TUKETICI,BRIDGESTONE,YAZ,PSR STANDART,PSR 16,4.0,0.0,40000.0,7681.67,0.0,0.0
COMPETUS DEPO,611568-26,215/55R16 93V TURANZA 6 B-A-69dB,LASTIK TUKETICI,BRIDGESTONE,YAZ,PSR STANDART,PSR 16,12.0,0.0,120000.0,7681.67,0.0,0.0
MERKEZ DEPO,612608-25,265/65R17 116H XL LM005 E-C-73dB,LASTIK TUKETICI,BRIDGESTONE,KIS,PSR 4X4-UHP-RFT,PSR 4X4,4.0,0.0,40000.0,9915.0,0.0,0.0
IZMIT SUBE DEPO,612628,225/60R17 99H LM005 C-A-71dB-2022,LASTIK TUKETICI,BRIDGESTONE,KIS,PSR 4X4-UHP-RFT,PSR UHP,1.0,0.0,10000.0,4116.67,0.0,0.0
IZMIT SUBE DEPO,612728-25,225/50R17 98V XL BLIZZAK 6 C-B-70db,LASTIK TUKETICI,BRIDGESTONE,KIS,PSR 4X4-UHP-RFT,PSR UHP,1.0,0.0,10000.0,7813.33,0.0,0.0
MERKEZ DEPO,612728-25,225/50R17 98V XL BLIZZAK 6 C-B-70db,LASTIK TUKETICI,BRIDGESTONE,KIS,PSR 4X4-UHP-RFT,PSR UHP,1.0,0.0,10000.0,7813.33,0.0,0.0
COMPETUS DEPO,612728-25,225/50R17 98V XL BLIZZAK 6 C-B-70db,LASTIK TUKETICI,BRIDGESTONE,KIS,PSR 4X4-UHP-RFT,PSR UHP,4.0,0.0,40000.0,7813.33,0.0,0.0
COMPETUS DEPO,612732-25,225/40R18 92V XL BLIZZAK 6 C-B-70db,LASTIK TUKETICI,BRIDGESTONE,KIS,PSR 4X4-UHP-RFT,PSR UHP,4.0,0.0,40000.0,6655.0,0.0,0.0
MERKEZ DEPO,612732-25,225/40R18 92V XL BLIZZAK 6 C-B-70db,LASTIK TUKETICI,BRIDGESTONE,KIS,PSR 4X4-UHP-RFT,PSR UHP,3.0,0.0,30000.0,6655.0,0.0,0.0
MERKEZ DEPO,613510-26,195/65R15 95V XL A005 EVO C-A-72dB,LASTIK TUKETICI,BRIDGESTONE,4 MEVSIM,PSR STANDART,PSR 15,24.0,0.0,240000.0,4780.83,0.0,0.0
MERKEZ DEPO,613511-26,185/60R15 88V XL A005 EVO C-A-71dB,LASTIK TUKETICI,BRIDGESTONE,4 MEVSIM,PSR STANDART,PSR 15,12.0,0.0,120000.0,5050.0,0.0,0.0
MERKEZ DEPO,613512-26,195/60R15 92V XL A005 EVO C-A-72dB,LASTIK TUKETICI,BRIDGESTONE,4 MEVSIM,PSR STANDART,PSR 15,8.0,0.0,80000.0,5380.83,0.0,0.0
MERKEZ DEPO,613522-26,185/65R15 92V XL A005 EVO C-A-70dB,LASTIK TUKETICI,BRIDGESTONE,4 MEVSIM,PSR STANDART,PSR 15,40.0,0.0,400000.0,4736.67,0.0,0.0
MERKEZ DEPO,614700-26,175/65R14 82H ECOPIA EP150 B-C-69dB,LASTIK TUKETICI,BRIDGESTONE,YAZ,PSR STANDART,PSR 13-14,10.0,0.0,100000.0,3885.0,0.0,0.0
IZMIT SUBE DEPO,614700-26,175/65R14 82H ECOPIA EP150 B-C-69dB,LASTIK TUKETICI,BRIDGESTONE,YAZ,PSR STANDART,PSR 13-14,6.0,0.0,60000.0,3885.0,0.0,0.0
IZMIT SUBE DEPO,614860-26,215/60R17 96H TURANZA 6 A-B-67dB,LASTIK TUKETICI,BRIDGESTONE,YAZ,PSR 4X4-UHP-RFT,PSR UHP,4.0,0.0,40000.0,8493.33,0.0,0.0
MERKEZ DEPO,614860-26,215/60R17 96H TURANZA 6 A-B-67dB,LASTIK TUKETICI,BRIDGESTONE,YAZ,PSR 4X4-UHP-RFT,PSR UHP,17.0,0.0,170000.0,8493.33,0.0,0.0
SANAYI SUBE DEPO,614860-26,215/60R17 96H TURANZA 6 A-B-67dB,LASTIK TUKETICI,BRIDGESTONE,YAZ,PSR 4X4-UHP-RFT,PSR UHP,5.0,0.0,50000.0,8493.33,0.0,0.0
MERKEZ DEPO,614861-26,225/55R18 98V TURANZA 6 B-B-68dB,LASTIK TUKETICI,BRIDGESTONE,YAZ,PSR 4X4-UHP-RFT,PSR UHP,11.0,0.0,110000.0,9300.0,0.0,0.0
IZMIT SUBE DEPO,614861-26,225/55R18 98V TURANZA 6 B-B-68dB,LASTIK TUKETICI,BRIDGESTONE,YAZ,PSR 4X4-UHP-RFT,PSR UHP,4.0,0.0,40000.0,9300.0,0.0,0.0
COMPETUS DEPO,614861-26,225/55R18 98V TURANZA 6 B-B-68dB,LASTIK TUKETICI,BRIDGESTONE,YAZ,PSR 4X4-UHP-RFT,PSR UHP,3.0,0.0,30000.0,9300.0,0.0,0.0
MERKEZ DEPO,614862,225/50R19 96V TURANZA 6 B-A-67dB,LASTIK TUKETICI,BRIDGESTONE,YAZ,PSR 4X4-UHP-RFT,PSR UHP,27.0,0.0,270000.0,11340.0,0.0,0.0
MERKEZ DEPO,614862-26,225/50R19 96V TURANZA 6 B-A-67dB,LASTIK TUKETICI,BRIDGESTONE,YAZ,PSR 4X4-UHP-RFT,PSR UHP,28.0,0.0,280000.0,12134.17,0.0,0.0
MERKEZ DEPO,614870-26,195/65R15 91H ECOPIA EP150 B-B-70dB,LASTIK TUKETICI,BRIDGESTONE,YAZ,PSR STANDART,PSR 15,10.0,0.0,100000.0,4245.0,0.0,0.0
IZMIT SUBE DEPO,614870-26,195/65R15 91H ECOPIA EP150 B-B-70dB,LASTIK TUKETICI,BRIDGESTONE,YAZ,PSR STANDART,PSR 15,3.0,0.0,30000.0,4245.0,0.0,0.0
MERKEZ DEPO,614871-26,195/65R15 91H ECOPIA EP150 B-B-70dB,LASTIK TUKETICI,BRIDGESTONE,YAZ,PSR STANDART,PSR 15,24.0,0.0,240000.0,4245.0,0.0,0.0
SANAYI SUBE DEPO,614890-26,195/65R15 91H ECOPIA EP150 B-B-70dB,LASTIK TUKETICI,BRIDGESTONE,YAZ,PSR STANDART,PSR 15,6.0,0.0,60000.0,4245.0,0.0,0.0
COMPETUS DEPO,616875,265/65R17 112T A/T001 E-C-73dB-2022,LASTIK TUKETICI,BRIDGESTONE,YAZ,PSR 4X4-UHP-RFT,PSR 4X4,1.0,0.0,10000.0,2233.33,0.0,0.0
MERKEZ DEPO,617202-25,215/65R16 98H DUELER A/T002 C-C-72dB,LASTIK TUKETICI,BRIDGESTONE,YAZ,PSR 4X4-UHP-RFT,PSR 4X4,4.0,0.0,40000.0,6443.33,0.0,0.0
MERKEZ DEPO,617204-26,255/60R18 112T XL DUELER A/T002 B-C-72dB,LASTIK TUKETICI,BRIDGESTONE,YAZ,PSR 4X4-UHP-RFT,PSR 4X4,4.0,0.0,40000.0,10375.83,0.0,0.0
IZMIT SUBE DEPO,617300-26,185/65R15 88H TURANZA T005 A-B-70dB,LASTIK TUKETICI,BRIDGESTONE,YAZ,PSR STANDART,PSR 15,4.0,0.0,40000.0,4417.5,0.0,0.0
MERKEZ DEPO,617300-26,185/65R15 88H TURANZA T005 A-B-70dB,LASTIK TUKETICI,BRIDGESTONE,YAZ,PSR STANDART,PSR 15,55.0,0.0,550000.0,4417.5,0.0,0.0
MERKEZ DEPO,617310-26,195/55R16 87H TURANZA T005 A-B-70dB,LASTIK TUKETICI,BRIDGESTONE,YAZ,PSR STANDART,PSR 16,15.0,0.0,150000.0,6075.83,0.0,0.0
COMPETUS DEPO,617310-26,195/55R16 87H TURANZA T005 A-B-70dB,LASTIK TUKETICI,BRIDGESTONE,YAZ,PSR STANDART,PSR 16,30.0,0.0,300000.0,6075.83,0.0,0.0
SANAYI SUBE DEPO,617310-26,195/55R16 87H TURANZA T005 A-B-70dB,LASTIK TUKETICI,BRIDGESTONE,YAZ,PSR STANDART,PSR 16,8.0,0.0,80000.0,6075.83,0.0,0.0
SANAYI SUBE DEPO,617320-26,205/45R17 88H XL TURANZA T005 C-A-71dB,LASTIK TUKETICI,BRIDGESTONE,YAZ,PSR 4X4-UHP-RFT,PSR UHP,3.0,0.0,30000.0,7264.17,0.0,0.0
MERKEZ DEPO,617320-26,205/45R17 88H XL TURANZA T005 C-A-71dB,LASTIK TUKETICI,BRIDGESTONE,YAZ,PSR 4X4-UHP-RFT,PSR UHP,4.0,0.0,40000.0,7264.17,0.0,0.0
IZMIT SUBE DEPO,617350-26,195/55R16 87H TURANZA T005 A-B-70dB,LASTIK TUKETICI,BRIDGESTONE,YAZ,PSR STANDART,PSR 16,4.0,0.0,40000.0,6075.83,0.0,0.0
MERKEZ DEPO,617350-26,195/55R16 87H TURANZA T005 A-B-70dB,LASTIK TUKETICI,BRIDGESTONE,YAZ,PSR STANDART,PSR 16,67.0,0.0,670000.0,6075.83,0.0,0.0
COMPETUS DEPO,619000-26,195/55R16 91V XL T005 DRIVEGUARD RFT C-A-70dB,LASTIK TUKETICI,BRIDGESTONE,YAZ,PSR 4X4-UHP-RFT,PSR RFT,9.0,0.0,90000.0,7393.33,0.0,0.0
MERKEZ DEPO,619000-26,195/55R16 91V XL T005 DRIVEGUARD RFT C-A-70dB,LASTIK TUKETICI,BRIDGESTONE,YAZ,PSR 4X4-UHP-RFT,PSR RFT,3.0,0.0,30000.0,7393.33,0.0,0.0
MERKEZ DEPO,619004-26,225/45R17 94Y XL T005 DRIVEGUARD RFT C-A-70dB,LASTIK TUKETICI,BRIDGESTONE,YAZ,PSR 4X4-UHP-RFT,PSR RFT,1.0,0.0,10000.0,6710.0,0.0,0.0
MERKEZ DEPO,619005-26,225/50R17 98Y XL T005 DRIVEGUARD RFT B-A-70dB,LASTIK TUKETICI,BRIDGESTONE,YAZ,PSR 4X4-UHP-RFT,PSR RFT,1.0,0.0,10000.0,9398.33,0.0,0.0
COMPETUS DEPO,619007-25,225/55R17 101W XL T005 DRIVEGUARD RFT C-A-70db,LASTIK TUKETICI,BRIDGESTONE,YAZ,PSR 4X4-UHP-RFT,PSR RFT,1.0,0.0,10000.0,7736.67,0.0,0.0
MERKEZ DEPO,619007-26,225/55R17 101W XL T005 DRIVEGUARD RFT C-A-70dB,LASTIK TUKETICI,BRIDGESTONE,YAZ,PSR 4X4-UHP-RFT,PSR RFT,4.0,0.0,40000.0,9710.83,0.0,0.0
MERKEZ DEPO,619008-26,245/40R18 97Y XL T005 DRIVEGUARD RFT B-A-70dB,LASTIK TUKETICI,BRIDGESTONE,YAZ,PSR 4X4-UHP-RFT,PSR RFT,6.0,0.0,60000.0,9725.0,0.0,0.0
MERKEZ DEPO,619009-26,245/45R18 100Y XL T005 DRIVEGUARD RFT C-A-70dB,LASTIK TUKETICI,BRIDGESTONE,YAZ,PSR 4X4-UHP-RFT,PSR RFT,4.0,0.0,40000.0,11178.33,0.0,0.0
MERKEZ DEPO,619011-26,225/45R18 95Y XL T005 DRIVEGUARD RFT C-A-70dB,LASTIK TUKETICI,BRIDGESTONE,YAZ,PSR 4X4-UHP-RFT,PSR RFT,8.0,0.0,80000.0,11129.17,0.0,0.0
IZMIT SUBE DEPO,619011-26,225/45R18 95Y XL T005 DRIVEGUARD RFT C-A-70dB,LASTIK TUKETICI,BRIDGESTONE,YAZ,PSR 4X4-UHP-RFT,PSR RFT,2.0,0.0,20000.0,11129.17,0.0,0.0
COMPETUS DEPO,619012-26,195/55R16 91V XL TURANZA ALL SEASON 6 C-B-70dB,LASTIK TUKETICI,BRIDGESTONE,4 MEVSIM,PSR STANDART,PSR 16,8.0,0.0,80000.0,6524.17,0.0,0.0
MERKEZ DEPO,619012-26,195/55R16 91V XL TURANZA ALL SEASON 6 C-B-70dB,LASTIK TUKETICI,BRIDGESTONE,4 MEVSIM,PSR STANDART,PSR 16,16.0,0.0,160000.0,6524.17,0.0,0.0
MERKEZ DEPO,619013-26,205/55R16 94V XL TURANZA ALL SEASON 6 C-B-70dB,LASTIK TUKETICI,BRIDGESTONE,4 MEVSIM,PSR STANDART,PSR 16,56.0,0.0,560000.0,5697.5,0.0,0.0
COMPETUS DEPO,619015-26,215/55R16 97V XL TURANZA ALL SEASON 6 C-B-70dB,LASTIK TUKETICI,BRIDGESTONE,4 MEVSIM,PSR STANDART,PSR 16,8.0,0.0,80000.0,7933.33,0.0,0.0
MERKEZ DEPO,619017-26,215/55R17 98W XL TURANZA ALL SEASON 6 C-B-70dB,LASTIK TUKETICI,BRIDGESTONE,4 MEVSIM,PSR 4X4-UHP-RFT,PSR UHP,14.0,0.0,140000.0,9530.83,0.0,0.0
MERKEZ DEPO,619018-26,215/60R17 100V XL TURANZA ALL SEASON 6 C-B-70dB,LASTIK TUKETICI,BRIDGESTONE,4 MEVSIM,PSR 4X4-UHP-RFT,PSR UHP,12.0,0.0,120000.0,9182.5,0.0,0.0
MERKEZ DEPO,619021-26,225/45R17 94W XL TURANZA ALL SEASON 6 C-B-70dB,LASTIK TUKETICI,BRIDGESTONE,4 MEVSIM,PSR 4X4-UHP-RFT,PSR UHP,12.0,0.0,120000.0,6686.67,0.0,0.0
MERKEZ DEPO,619022-26,225/50R17 98V XL TURANZA ALL SEASON 6 C-B-70dB,LASTIK TUKETICI,BRIDGESTONE,4 MEVSIM,PSR 4X4-UHP-RFT,PSR UHP,16.0,0.0,160000.0,9690.0,0.0,0.0
MERKEZ DEPO,619023-26,225/55R17 101W TURANZA ALL SEASON 6 C-B-70dB,LASTIK TUKETICI,BRIDGESTONE,4 MEVSIM,PSR 4X4-UHP-RFT,PSR UHP,4.0,0.0,40000.0,10098.33,0.0,0.0
COMPETUS DEPO,619024-25,225/40R18 92Y XL TURANZA ALL SEASON 6 C-B-70dB,LASTIK TUKETICI,BRIDGESTONE,4 MEVSIM,PSR 4X4-UHP-RFT,PSR UHP,1.0,0.0,10000.0,7597.5,0.0,0.0
COMPETUS DEPO,619024-26,225/40R18 92Y XL TURANZA ALL SEASON 6 C-B-70dB,LASTIK TUKETICI,BRIDGESTONE,4 MEVSIM,PSR 4X4-UHP-RFT,PSR UHP,3.0,0.0,30000.0,7597.5,0.0,0.0
MERKEZ DEPO,619024-26,225/40R18 92Y XL TURANZA ALL SEASON 6 C-B-70dB,LASTIK TUKETICI,BRIDGESTONE,4 MEVSIM,PSR 4X4-UHP-RFT,PSR UHP,5.0,0.0,50000.0,7597.5,0.0,0.0
MERKEZ DEPO,619025-26,225/45R18 95W XL TURANZA ALL SEASON 6 C-B-70dB,LASTIK TUKETICI,BRIDGESTONE,4 MEVSIM,PSR 4X4-UHP-RFT,PSR UHP,4.0,0.0,40000.0,11464.17,0.0,0.0
MERKEZ DEPO,619029-25,245/45R18 100Y XL TURANZA ALL SEASON 6 C-B-70dB,LASTIK TUKETICI,BRIDGESTONE,4 MEVSIM,PSR 4X4-UHP-RFT,PSR UHP,4.0,0.0,40000.0,11128.33,0.0,0.0
MERKEZ DEPO,619361-25,225/50R17 98V XL LM005 DRIVEGUARD RFT C-A-71dB,LASTIK TUKETICI,BRIDGESTONE,KIS,PSR 4X4-UHP-RFT,PSR RFT,8.0,0.0,80000.0,8920.0,0.0,0.0
MERKEZ DEPO,619363,205/55R16 94V XL LM005 DRIVEGUARD RFT-2018/2024 C-A-71dB,LASTIK TUKETICI,BRIDGESTONE,KIS,PSR 4X4-UHP-RFT,PSR RFT,9.0,0.0,90000.0,5518.33,0.0,0.0
COMPETUS DEPO,619363,205/55R16 94V XL LM005 DRIVEGUARD RFT-2018/2024 C-A-71dB,LASTIK TUKETICI,BRIDGESTONE,KIS,PSR 4X4-UHP-RFT,PSR RFT,1.0,0.0,10000.0,5518.33,0.0,0.0
MERKEZ DEPO,619363-25,205/55R16 94V XL BLIZZAK LM005 DRIVEGUARD RFT M+S / SFM C-A-71db,LASTIK TUKETICI,BRIDGESTONE,KIS,PSR 4X4-UHP-RFT,PSR RFT,7.0,0.0,70000.0,5518.33,0.0,0.0
MERKEZ DEPO,619366-25,225/40R18 92V XL LM005 DRIVEGUARD RFT,LASTIK TUKETICI,BRIDGESTONE,KIS,PSR 4X4-UHP-RFT,PSR RFT,8.0,0.0,80000.0,7436.67,0.0,0.0
MERKEZ DEPO,619369-25,245/40R18 97V XL LM005 DRIVEGUARD RFT C-A-71dB,LASTIK TUKETICI,BRIDGESTONE,KIS,PSR 4X4-UHP-RFT,PSR RFT,2.0,0.0,20000.0,9635.0,0.0,0.0
COMPETUS DEPO,619369-25,245/40R18 97V XL LM005 DRIVEGUARD RFT C-A-71dB,LASTIK TUKETICI,BRIDGESTONE,KIS,PSR 4X4-UHP-RFT,PSR RFT,2.0,0.0,20000.0,9635.0,0.0,0.0
MERKEZ DEPO,627572-25,215/55R16 93H M+S SFM BLIZZAK 6 EV C-B-70dB,LASTIK TUKETICI,BRIDGESTONE,KIS,PSR STANDART,PSR 16,6.0,0.0,60000.0,6613.33,0.0,0.0
COMPETUS DEPO,627572-25,215/55R16 93H M+S SFM BLIZZAK 6 EV C-B-70dB,LASTIK TUKETICI,BRIDGESTONE,KIS,PSR STANDART,PSR 16,4.0,0.0,40000.0,6613.33,0.0,0.0
IZMIT SUBE DEPO,627572-25,215/55R16 93H M+S SFM BLIZZAK 6 EV C-B-70dB,LASTIK TUKETICI,BRIDGESTONE,KIS,PSR STANDART,PSR 16,4.0,0.0,40000.0,6613.33,0.0,0.0
MERKEZ DEPO,643211-26,215/65R16C 106/104T R660 C-B-72dB,LASTIK TUKETICI,BRIDGESTONE,YAZ,MINIBUS / KAMYONET,LVR,40.0,0.0,400000.0,8761.67,0.0,0.0
COMPETUS DEPO,643211-26,215/65R16C 106/104T R660 C-B-72dB,LASTIK TUKETICI,BRIDGESTONE,YAZ,MINIBUS / KAMYONET,LVR,12.0,0.0,120000.0,8761.67,0.0,0.0
MERKEZ DEPO,643270-26,185/75R16C 104/102R DURAVIS A/S EVO B-A-72dB,LASTIK TUKETICI,BRIDGESTONE,4 MEVSIM,MINIBUS / KAMYONET,LVR,3.0,0.0,30000.0,8220.0,0.0,0.0
MERKEZ DEPO,643276-26,195/65R16C 104/102T DURAVIS A/S EVO B-A-72dB,LASTIK TUKETICI,BRIDGESTONE,4 MEVSIM,MINIBUS / KAMYONET,LVR,1.0,0.0,10000.0,9163.33,0.0,0.0
COMPETUS DEPO,643276-26,195/65R16C 104/102T DURAVIS A/S EVO B-A-72dB,LASTIK TUKETICI,BRIDGESTONE,4 MEVSIM,MINIBUS / KAMYONET,LVR,11.0,0.0,110000.0,9163.33,0.0,0.0
MERKEZ DEPO,643277-26,195/70R15C 104/102R DURAVIS A/S EVO B-A-72dB,LASTIK TUKETICI,BRIDGESTONE,4 MEVSIM,MINIBUS / KAMYONET,LVR,16.0,0.0,160000.0,7017.5,0.0,0.0
MERKEZ DEPO,643278-26,195/75R16C 107/105R DURAVIS A/S EVO B-A-72dB,LASTIK TUKETICI,BRIDGESTONE,4 MEVSIM,MINIBUS / KAMYONET,LVR,18.0,0.0,180000.0,7615.83,0.0,0.0
COMPETUS DEPO,643278-26,195/75R16C 107/105R DURAVIS A/S EVO B-A-72dB,LASTIK TUKETICI,BRIDGESTONE,4 MEVSIM,MINIBUS / KAMYONET,LVR,5.0,0.0,50000.0,7615.83,0.0,0.0
MERKEZ DEPO,643279-26,195/75R16C 110/108R DURAVIS A/S EVO C-A-72dB,LASTIK TUKETICI,BRIDGESTONE,4 MEVSIM,MINIBUS / KAMYONET,LVR,10.0,0.0,100000.0,7765.83,0.0,0.0
COMPETUS DEPO,643279-26,195/75R16C 110/108R DURAVIS A/S EVO C-A-72dB,LASTIK TUKETICI,BRIDGESTONE,4 MEVSIM,MINIBUS / KAMYONET,LVR,6.0,0.0,60000.0,7765.83,0.0,0.0
MERKEZ DEPO,643290-26,205/75R16C 113/111R DURAVIS A/S EVO B-A-72dB,LASTIK TUKETICI,BRIDGESTONE,4 MEVSIM,MINIBUS / KAMYONET,LVR,36.0,0.0,360000.0,8626.67,0.0,0.0
COMPETUS DEPO,643290-26,205/75R16C 113/111R DURAVIS A/S EVO B-A-72dB,LASTIK TUKETICI,BRIDGESTONE,4 MEVSIM,MINIBUS / KAMYONET,LVR,36.0,0.0,360000.0,8626.67,0.0,0.0
MERKEZ DEPO,643291,215/60R16C 103/101T DURAVIS A/S EVO B-A-72dB,LASTIK TUKETICI,BRIDGESTONE,4 MEVSIM,MINIBUS / KAMYONET,LVR,3.0,0.0,30000.0,10147.5,0.0,0.0
MERKEZ DEPO,643293-26,215/60R17C 109/107T DURAVIS A/S EVO B-A-72dB,LASTIK TUKETICI,BRIDGESTONE,4 MEVSIM,MINIBUS / KAMYONET,LVR,2.0,0.0,20000.0,10477.5,0.0,0.0
MERKEZ DEPO,643297-26,215/65R15C 104/102T DURAVIS A/S EVO B-A-72dB,LASTIK TUKETICI,BRIDGESTONE,4 MEVSIM,MINIBUS / KAMYONET,LVR,4.0,0.0,40000.0,9828.33,0.0,0.0
COMPETUS DEPO,643310-26,215/75R16C 116/114R DURAVIS A/S EVO C-A-72dB,LASTIK TUKETICI,BRIDGESTONE,4 MEVSIM,MINIBUS / KAMYONET,LVR,32.0,0.0,320000.0,8930.0,0.0,0.0
MERKEZ DEPO,643310-26,215/75R16C 116/114R DURAVIS A/S EVO C-A-72dB,LASTIK TUKETICI,BRIDGESTONE,4 MEVSIM,MINIBUS / KAMYONET,LVR,16.0,0.0,160000.0,8930.0,0.0,0.0
MERKEZ DEPO,643335-25,205/65R16C 107/105T 8PR DURAVIS VAN WINTER C-A-72db,LASTIK TUKETICI,BRIDGESTONE,KIS,MINIBUS / KAMYONET,LVR,2.0,0.0,20000.0,6973.33,0.0,0.0
COMPETUS DEPO,643335-25,205/65R16C 107/105T 8PR DURAVIS VAN WINTER C-A-72db,LASTIK TUKETICI,BRIDGESTONE,KIS,MINIBUS / KAMYONET,LVR,4.0,0.0,40000.0,6973.33,0.0,0.0
IZMIT SUBE DEPO,643335-25,205/65R16C 107/105T 8PR DURAVIS VAN WINTER C-A-72db,LASTIK TUKETICI,BRIDGESTONE,KIS,MINIBUS / KAMYONET,LVR,4.0,0.0,40000.0,6973.33,0.0,0.0
MERKEZ DEPO,643372-25,225/65R16C 112/110R DURAVIS A/S EVO B-A-72dB,LASTIK TUKETICI,BRIDGESTONE,4 MEVSIM,MINIBUS / KAMYONET,LVR,14.0,0.0,140000.0,10788.33,0.0,0.0
MERKEZ DEPO,643377-26,235/65R16C 121/119R DURAVIS A/S EVO B-A-72dB,LASTIK TUKETICI,BRIDGESTONE,4 MEVSIM,MINIBUS / KAMYONET,LVR,20.0,0.0,200000.0,10685.0,0.0,0.0
COMPETUS DEPO,643377-26,235/65R16C 121/119R DURAVIS A/S EVO B-A-72dB,LASTIK TUKETICI,BRIDGESTONE,4 MEVSIM,MINIBUS / KAMYONET,LVR,24.0,0.0,240000.0,10685.0,0.0,0.0
MERKEZ DEPO,643443-26,195/60R16C 99H R660 C-B-72dB,LASTIK TUKETICI,BRIDGESTONE,YAZ,MINIBUS / KAMYONET,LVR,24.0,0.0,240000.0,7707.5,0.0,0.0
COMPETUS DEPO,643443-26,195/60R16C 99H R660 C-B-72dB,LASTIK TUKETICI,BRIDGESTONE,YAZ,MINIBUS / KAMYONET,LVR,12.0,0.0,120000.0,7707.5,0.0,0.0
MERKEZ DEPO,643446-26,235/60R17C 117/115R DURAVIS VAN B-A-68dB,LASTIK TUKETICI,BRIDGESTONE,YAZ,MINIBUS / KAMYONET,LVR,16.0,0.0,160000.0,9995.83,0.0,0.0
COMPETUS DEPO,643446-26,235/60R17C 117/115R DURAVIS VAN B-A-68dB,LASTIK TUKETICI,BRIDGESTONE,YAZ,MINIBUS / KAMYONET,LVR,12.0,0.0,120000.0,9995.83,0.0,0.0
MERKEZ DEPO,643453-26,205/65R16C 107/105T DURAVIS VAN B-A-69dB,LASTIK TUKETICI,BRIDGESTONE,YAZ,MINIBUS / KAMYONET,LVR,21.0,0.0,210000.0,8354.17,0.0,0.0
COMPETUS DEPO,643453-26,205/65R16C 107/105T DURAVIS VAN B-A-69dB,LASTIK TUKETICI,BRIDGESTONE,YAZ,MINIBUS / KAMYONET,LVR,5.0,0.0,50000.0,8354.17,0.0,0.0
COMPETUS DEPO,643456-26,235/65R16C 121/120R DURAVIS VAN B-A-69dB,LASTIK TUKETICI,BRIDGESTONE,YAZ,MINIBUS / KAMYONET,LVR,158.0,0.0,1580000.0,9530.83,0.0,0.0
MERKEZ DEPO,643456-26,235/65R16C 121/120R DURAVIS VAN B-A-69dB,LASTIK TUKETICI,BRIDGESTONE,YAZ,MINIBUS / KAMYONET,LVR,32.0,0.0,320000.0,9530.83,0.0,0.0
COMPETUS DEPO,643466-26,215/75R16C 116/114R DURAVIS VAN B-A-69dB,LASTIK TUKETICI,BRIDGESTONE,YAZ,MINIBUS / KAMYONET,LVR,32.0,0.0,320000.0,8416.67,0.0,0.0
IZMIT SUBE DEPO,643466-26,215/75R16C 116/114R DURAVIS VAN B-A-69dB,LASTIK TUKETICI,BRIDGESTONE,YAZ,MINIBUS / KAMYONET,LVR,4.0,0.0,40000.0,8416.67,0.0,0.0
MERKEZ DEPO,643466-26,215/75R16C 116/114R DURAVIS VAN B-A-69dB,LASTIK TUKETICI,BRIDGESTONE,YAZ,MINIBUS / KAMYONET,LVR,62.0,0.0,620000.0,8416.67,0.0,0.0
MERKEZ DEPO,643468-26,225/75R16C 121/120R DURAVIS VAN B-A-69dB,LASTIK TUKETICI,BRIDGESTONE,YAZ,MINIBUS / KAMYONET,LVR,28.0,0.0,280000.0,9066.67,0.0,0.0
COMPETUS DEPO,643468-26,225/75R16C 121/120R DURAVIS VAN B-A-69dB,LASTIK TUKETICI,BRIDGESTONE,YAZ,MINIBUS / KAMYONET,LVR,20.0,0.0,200000.0,9066.67,0.0,0.0
MERKEZ DEPO,643471-26,205/75R16C 113/111R DURAVIS VAN B-A-70dB,LASTIK TUKETICI,BRIDGESTONE,YAZ,MINIBUS / KAMYONET,LVR,32.0,0.0,320000.0,8168.33,0.0,0.0
COMPETUS DEPO,643472-26,195/75R16C 110/108R DURAVIS VAN B-A-69dB,LASTIK TUKETICI,BRIDGESTONE,YAZ,MINIBUS / KAMYONET,LVR,20.0,0.0,200000.0,7131.67,0.0,0.0
MERKEZ DEPO,643472-26,195/75R16C 110/108R DURAVIS VAN B-A-69dB,LASTIK TUKETICI,BRIDGESTONE,YAZ,MINIBUS / KAMYONET,LVR,22.0,0.0,220000.0,7131.67,0.0,0.0
COMPETUS DEPO,643628,175/75R16C 101/99RR630 F-B-72dB-2013,LASTIK TUKETICI,BRIDGESTONE,YAZ,MINIBUS / KAMYONET,LVR,1.0,0.0,10000.0,,0.0,0.0
MERKEZ DEPO,648363,215/75R17.5 128/126M R-STEER 002,LASTIK TICARI,BRIDGESTONE,LSR,MIDIBUS / KAMYONET,DUZ TIP,41.0,0.0,410000.0,11110.83,0.0,0.0
MERKEZ DEPO,648367,215/75R17.5 126/124M M729 E-C-72dB,LASTIK TICARI,BRIDGESTONE,LSR,MIDIBUS / KAMYONET,CEKER TIP,52.0,0.0,520000.0,11601.67,0.0,0.0
TICARI DEPO,648463,225/75R17.5 129/127M R-STEER 002,LASTIK TICARI,BRIDGESTONE,LSR,MIDIBUS / KAMYONET,DUZ TIP,2.0,2.0,0.0,12756.67,0.0,0.0
MERKEZ DEPO,648463,225/75R17.5 129/127M R-STEER 002,LASTIK TICARI,BRIDGESTONE,LSR,MIDIBUS / KAMYONET,DUZ TIP,138.0,0.0,1380000.0,12756.67,0.0,0.0
MERKEZ DEPO,648657,245/70R17.5 146/146F (143/141J) R-TRAILER 001,LASTIK TICARI,BRIDGESTONE,TBR,BOLGESEL TASIMACILIK,TREYLER,109.0,0.0,1090000.0,14356.67,0.0,0.0
MERKEZ DEPO,652838,285/70R19.5 146/144M R-DRIVE 002 C-C-74dB,LASTIK TICARI,BRIDGESTONE,TBR,BOLGESEL TASIMACILIK,CEKER,35.0,0.0,350000.0,23011.67,0.0,0.0
MERKEZ DEPO,656562,13R22.5 156/150K M840 EVO M+S D-B-72db,LASTIK TICARI,BRIDGESTONE,TBR,MADEN,DUZ,38.0,0.0,380000.0,31669.17,0.0,0.0
MERKEZ DEPO,656565,13R22.5 158G L317 EVO,LASTIK TICARI,BRIDGESTONE,TBR,MADEN,CEKER,18.0,0.0,180000.0,32090.0,0.0,0.0
REYON,656624,295/80R22.5 152/148M R249 D-C-71dB,LASTIK TICARI,BRIDGESTONE,TBR,UZUN YOL,DUZ,1.0,0.0,10000.0,29518.33,0.0,0.0
MERKEZ DEPO,656624,295/80R22.5 152/148M R249 D-C-71dB,LASTIK TICARI,BRIDGESTONE,TBR,UZUN YOL,DUZ,128.0,30.0,980000.0,29518.33,0.0,0.0
MERKEZ DEPO,656662,295/80R22.5 152/148M TOREO R-DRIVE 002,LASTIK TICARI,BRIDGESTONE,TBR,BOLGESEL TASIMACILIK,CEKER,44.0,0.0,440000.0,31035.83,0.0,0.0
MERKEZ DEPO,656723,315/80R22.5 156/150 L TOREO R-DRIVE 002,LASTIK TICARI,BRIDGESTONE,TBR,BOLGESEL TASIMACILIK,CEKER,131.0,0.0,1310000.0,33778.33,0.0,0.0
MERKEZ DEPO,656740,315/80R22.5 154/150M R152 PRO D-B-71dB,LASTIK TICARI,BRIDGESTONE,TBR,BOLGESEL TASIMACILIK,DUZ,206.0,0.0,2060000.0,31730.83,0.0,0.0
MERKEZ DEPO,656785,315/70R22.5 154/150L (152/148M) R249+ C-C-70dB,LASTIK TICARI,BRIDGESTONE,TBR,BOLGESEL TASIMACILIK,DUZ,98.0,0.0,980000.0,30694.17,0.0,0.0
MERKEZ DEPO,656787,315/80R22.5 156/150K M-STEER001 D-B-69dB,LASTIK TICARI,BRIDGESTONE,TBR,INSAAT HAFRIYAT,DUZ,4.0,0.0,40000.0,30910.83,0.0,0.0
MERKEZ DEPO,656792,315/70R22.5 154/150L TOREO R-DRIVE 002,LASTIK TICARI,BRIDGESTONE,TBR,BOLGESEL TASIMACILIK,CEKER,339.0,0.0,3390000.0,32090.0,0.0,0.0
MERKEZ DEPO,656798,315/80R22.5 158/156G (156/150K) L355 E-C-76dB,LASTIK TICARI,BRIDGESTONE,TBR,INSAAT HAFRIYAT,CEKER,5.0,0.0,50000.0,32325.83,0.0,0.0
MERKEZ DEPO,656863,385/55R22.5 160K (158L)R179 AS SFM C-C-71dB,LASTIK TICARI,BRIDGESTONE,TBR,BOLGESEL TASIMACILIK,TREYLER,126.0,0.0,1260000.0,30481.67,0.0,0.0
REYON,656871,385/65R22.5 160K (158L) M-TRAILER 001,LASTIK TICARI,BRIDGESTONE,TBR,INSAAT HAFRIYAT,TREYLER,1.0,0.0,10000.0,29926.67,0.0,0.0
MERKEZ DEPO,656871,385/65R22.5 160K (158L) M-TRAILER 001,LASTIK TICARI,BRIDGESTONE,TBR,INSAAT HAFRIYAT,TREYLER,56.0,0.0,560000.0,29926.67,0.0,0.0
MERKEZ DEPO,656876,385/65R22.5 160K (158L) R179XM C-C-69db,LASTIK TICARI,BRIDGESTONE,TBR,BOLGESEL TASIMACILIK,TREYLER,1080.0,50.0,1030.0,30195.0,0.0,0.0
TICARI DEPO,656876,385/65R22.5 160K (158L) R179XM C-C-69db,LASTIK TICARI,BRIDGESTONE,TBR,BOLGESEL TASIMACILIK,TREYLER,2.0,2.0,0.0,30195.0,0.0,0.0
MERKEZ DEPO,656877,385/65R22.5 160K (158L) R179 AS SFM C-C-71dB,LASTIK TICARI,BRIDGESTONE,TBR,BOLGESEL TASIMACILIK,TREYLER,1.0,0.0,10000.0,15150.0,0.0,0.0
COMPETUS DEPO,BRM-1540478-25,155/80R13 79T BRILLANTIS 2 # D-C-70db,LASTIK TUKETICI,BARUM,YAZ,PSR STANDART,PSR 13-14,16.0,0.0,160000.0,3643.0,0.0,0.0
SANAYI SUBE DEPO,BRM-1540478-25,155/80R13 79T BRILLANTIS 2 # D-C-70db,LASTIK TUKETICI,BARUM,YAZ,PSR STANDART,PSR 13-14,4.0,0.0,40000.0,3643.0,0.0,0.0
SANAYI SUBE DEPO,BRM-1540480,155/70R13 75T BRILLANTIS 2 #-2024 D-C-70db,LASTIK TUKETICI,BARUM,YAZ,PSR STANDART,PSR 13-14,4.0,0.0,40000.0,1881.0,0.0,0.0
COMPETUS DEPO,BRM-1540480,155/70R13 75T BRILLANTIS 2 #-2024 D-C-70db,LASTIK TUKETICI,BARUM,YAZ,PSR STANDART,PSR 13-14,8.0,0.0,80000.0,1881.0,0.0,0.0
COMPETUS DEPO,BRM-1540482-25,165/80R13 83T BRILLANTIS 2 # D-C-70db,LASTIK TUKETICI,BARUM,YAZ,PSR STANDART,PSR 13-14,8.0,0.0,80000.0,3788.0,0.0,0.0
COMPETUS DEPO,BRM-1540674-25,175/65R15 84T QUARTARIS 5 D-C-71db,LASTIK TUKETICI,BARUM,4 MEVSIM,PSR STANDART,PSR 15,3.0,0.0,30000.0,4103.0,0.0,0.0
MERKEZ DEPO,BRM-1540826-26,235/50R17 96Y FR BRAVURIS 5HM C-B-71db,LASTIK TUKETICI,BARUM,YAZ,PSR 4X4-UHP-RFT,PSR UHP,8.0,0.0,80000.0,7166.0,0.0,0.0
MERKEZ DEPO,BRM-1540834-26,245/40R20 99Y XL FR BRAVURIS 5HM C-B-72db,LASTIK TUKETICI,BARUM,YAZ,PSR 4X4-UHP-RFT,PSR UHP,1.0,0.0,10000.0,10405.0,0.0,0.0
COMPETUS DEPO,BRM-1540838,255/30R19 91Y XL FR BRAVURIS 5HM-2024 D-B-73db,LASTIK TUKETICI,BARUM,YAZ,PSR 4X4-UHP-RFT,PSR UHP,2.0,0.0,20000.0,4821.0,0.0,0.0
SANAYI SUBE DEPO,BRM-1540848,255/60R18 112V XL FR BRAVURIS 5HM C-B-73db,LASTIK TUKETICI,BARUM,YAZ,PSR 4X4-UHP-RFT,PSR UHP,2.0,0.0,20000.0,4225.2,0.0,0.0
MERKEZ DEPO,BRM-1540855-25,275/35R20 102Y XL FR BRAVURIS 5HM C-B-73db,LASTIK TUKETICI,BARUM,YAZ,PSR 4X4-UHP-RFT,PSR UHP,4.0,0.0,40000.0,10980.0,0.0,0.0
SANAYI SUBE DEPO,BRM-1540959-25,155/65R14 75T BRAVURIS 5HM D-B-70db,LASTIK TUKETICI,BARUM,YAZ,PSR STANDART,PSR 13-14,4.0,0.0,40000.0,3453.0,0.0,0.0
COMPETUS DEPO,BRM-1540966-25,165/60R14 75H BRAVURIS 5HM D-B-70db,LASTIK TUKETICI,BARUM,YAZ,PSR STANDART,PSR 13-14,4.0,0.0,40000.0,4699.0,0.0,0.0
COMPETUS DEPO,BRM-1540993-25,255/50R20 109Y XL FR BRAVURIS 5HM C-B-73db,LASTIK TUKETICI,BARUM,YAZ,PSR 4X4-UHP-RFT,PSR UHP,4.0,0.0,40000.0,10539.0,0.0,0.0
COMPETUS DEPO,BRM-1541390-25,215/55R17 98W XL FR QUARTARIS 5 D-C-72db,LASTIK TUKETICI,BARUM,4 MEVSIM,PSR 4X4-UHP-RFT,PSR UHP,13.0,0.0,130000.0,7635.0,0.0,0.0
IZMIT SUBE DEPO,BRM-1541390-25,215/55R17 98W XL FR QUARTARIS 5 D-C-72db,LASTIK TUKETICI,BARUM,4 MEVSIM,PSR 4X4-UHP-RFT,PSR UHP,1.0,0.0,10000.0,7635.0,0.0,0.0
COMPETUS DEPO,BRM-1542202-26,215/45R18 93Y XL FR BRAVURIS 6 C-B-70db,LASTIK TUKETICI,BARUM,YAZ,PSR 4X4-UHP-RFT,PSR UHP,8.0,0.0,80000.0,5897.0,0.0,0.0
MERKEZ DEPO,BRM-1542231-26,275/45R20 110Y XL FR BRAVURIS 6 B-B-72db,LASTIK TUKETICI,BARUM,YAZ,PSR 4X4-UHP-RFT,PSR UHP,4.0,0.0,40000.0,8588.0,0.0,0.0
MERKEZ DEPO,BRM-443099-25,215/75R16C 113/111R VANIS 3 8PR C-C-72db,LASTIK TUKETICI,BARUM,YAZ,MINIBUS / KAMYONET,LVR,152.0,0.0,1520000.0,6623.0,0.0,0.0
MERKEZ DEPO,CNT-1376051,150/75-8 (16X6-8) SC20 CLEAN SIT,LASTIK TICARI,CONTINENTAL,IND,DOLGU,DOLGU NM CLIP,1.0,0.0,10000.0,,0.0,0.0
MERKEZ DEPO,CNT-1376052,200/75-9 (21X8-9) SC20 CLEAN SIT,LASTIK TICARI,CONTINENTAL,IND,DOLGU,DOLGU NM CLIP,2.0,0.0,20000.0,,0.0,0.0
MERKEZ DEPO,CNT-1376054,250/75-12 (27X10-12) SC20 CLEAN SIT,LASTIK TICARI,CONTINENTAL,IND,DOLGU,DOLGU NM CLIP,4.0,0.0,40000.0,,0.0,0.0
MERKEZ DEPO,CNT-1376114,7.00-15 SC20 CLEAN SIT,LASTIK TICARI,CONTINENTAL,IND,DOLGU,DOLGU NM CLIP,2.0,0.0,20000.0,,0.0,0.0
MERKEZ DEPO,CNT-1376345,125/75-8 (15X4 1/2-8) SC20 + ROBUST SIT,LASTIK TICARI,CONTINENTAL,IND,DOLGU,DOLGU SIYAH CLIP,6.0,0.0,60000.0,,0.0,0.0
MERKEZ DEPO,CNT-1376349,150/75-8 (16X6-8) SC20 + ROBUST SIT,LASTIK TICARI,CONTINENTAL,IND,DOLGU,DOLGU SIYAH CLIP,4.0,0.0,40000.0,,0.0,0.0
MERKEZ DEPO,CNT-1376384,225/75-15 (28X9-15) (8.15-15) SC20 + ROBUST SIT,LASTIK TICARI,CONTINENTAL,IND,DOLGU,DOLGU SIYAH CLIP,2.0,0.0,20000.0,,0.0,0.0
MERKEZ DEPO,CNT-1376389,250/70-15 (250-15) SC20 + ROBUST SIT,LASTIK TICARI,CONTINENTAL,IND,DOLGU,DOLGU SIYAH CLIP,2.0,0.0,20000.0,,0.0,0.0
MERKEZ DEPO,CNT-1376395,355/50-15 SC20 + ROBUST SIT,LASTIK TICARI,CONTINENTAL,IND,DOLGU,DOLGU SIYAH CLIP,2.0,0.0,20000.0,,0.0,0.0
COMPETUS DEPO,CNT-1535046,245/70R16 107H BRAVURIS 4X4-2022 D-C-71db,LASTIK TUKETICI,BARUM,YAZ,PSR STANDART,PSR 16,48.0,0.0,480000.0,4292.4,0.0,0.0
IZMIT SUBE DEPO,CNT-1535046,245/70R16 107H BRAVURIS 4X4-2022 D-C-71db,LASTIK TUKETICI,BARUM,YAZ,PSR STANDART,PSR 16,4.0,0.0,40000.0,4292.4,0.0,0.0
COMPETUS DEPO,CNT-1540478,155/80R13 79T BRILLANTIS 2 #-2022 D-C-70db,LASTIK TUKETICI,BARUM,YAZ,PSR STANDART,PSR 13-14,1.0,0.0,10000.0,1000.0,0.0,0.0
IZMIT SUBE DEPO,CNT-1540674,175/65R15 84T QUARTARIS 5 D-C-71db,LASTIK TUKETICI,BARUM,4 MEVSIM,PSR STANDART,PSR 15,1.0,0.0,10000.0,1260.0,0.0,0.0
COMPETUS DEPO,CNT-1540692,225/45R17 94V XL FR QUARTARIS 5-2022 D-C-72db,LASTIK TUKETICI,BARUM,4 MEVSIM,PSR 4X4-UHP-RFT,PSR UHP,1.0,0.0,10000.0,1760.0,0.0,0.0
IADE VE ARIZALI URUN DEPO,CNT-1540706,195/50R15 82V BRAVURIS 5HM-2022 C-B-71db,LASTIK TUKETICI,BARUM,YAZ,PSR STANDART,PSR 15,4.0,0.0,40000.0,1480.0,0.0,0.0
COMPETUS DEPO,CNT-1540714,195/65R15 91H BRAVURIS 5HM-2024 C-B-71db,LASTIK TUKETICI,BARUM,YAZ,PSR STANDART,PSR 15,1.0,0.0,10000.0,2395.8,0.0,0.0
IZMIT SUBE DEPO,CNT-1540791,255/40R18 99Y XL FR BRAVURIS 5HM-2023 C-B-73db,LASTIK TUKETICI,BARUM,YAZ,PSR 4X4-UHP-RFT,PSR UHP,4.0,0.0,40000.0,4303.8,0.0,0.0
SANAYI SUBE DEPO,CNT-1540791,255/40R18 99Y XL FR BRAVURIS 5HM-2023 C-B-73db,LASTIK TUKETICI,BARUM,YAZ,PSR 4X4-UHP-RFT,PSR UHP,2.0,0.0,20000.0,4303.8,0.0,0.0
COMPETUS DEPO,CNT-1540821,225/60R18 100V FR BRAVURIS 5HM-2024 C-B-71db,LASTIK TUKETICI,BARUM,YAZ,PSR 4X4-UHP-RFT,PSR UHP,1.0,0.0,10000.0,3782.29,0.0,0.0
SANAYI SUBE DEPO,CNT-1540843,255/40R20 101Y XL FR BRAVURIS 5HM-2024 C-B-73db,LASTIK TUKETICI,BARUM,YAZ,PSR 4X4-UHP-RFT,PSR UHP,4.0,0.0,40000.0,5564.36,0.0,0.0
IZMIT SUBE DEPO,CNT-1541186,225/60R17 103V XL FR POLARIS 5-2024 C-C-72db,LASTIK TUKETICI,BARUM,KIS,PSR 4X4-UHP-RFT,PSR UHP,2.0,0.0,20000.0,4094.4,0.0,0.0
COMPETUS DEPO,CNT-1541295,175/70R14 88T XL POLARIS 5-2024 D-C-71db,LASTIK TUKETICI,BARUM,KIS,PSR STANDART,PSR 13-14,2.0,0.0,20000.0,2184.6,0.0,0.0
IZMIT SUBE DEPO,CNT-1541349,225/50R17 98H XL FR POLARIS 5-2023 D-C-72db,LASTIK TUKETICI,BARUM,KIS,PSR 4X4-UHP-RFT,PSR UHP,2.0,0.0,20000.0,3631.8,0.0,0.0
COMPETUS DEPO,CNT-1541349,225/50R17 98H XL FR POLARIS 5-2023 D-C-72db,LASTIK TUKETICI,BARUM,KIS,PSR 4X4-UHP-RFT,PSR UHP,1.0,0.0,10000.0,3631.8,0.0,0.0
COMPETUS DEPO,CNT-1541374,255/40R19 100V XL FR POLARIS 5-2023 D-C-73db,LASTIK TUKETICI,BARUM,KIS,PSR 4X4-UHP-RFT,PSR UHP,2.0,0.0,20000.0,5985.0,0.0,0.0
IZMIT SUBE DEPO,CNT-1541383,195/60R16 89H POLARIS 5-2024 E-C-72db,LASTIK TUKETICI,BARUM,KIS,PSR STANDART,PSR 16,2.0,0.0,20000.0,2408.4,0.0,0.0
COMPETUS DEPO,CNT-1541389,215/40R18 89V XL FR POLARIS 5-2023 D-C-72db,LASTIK TUKETICI,BARUM,KIS,PSR 4X4-UHP-RFT,PSR UHP,4.0,0.0,40000.0,4254.6,0.0,0.0
IZMIT SUBE DEPO,CNT-1541390,215/55R17 98W XL FR QUARTARIS 5-2024 D-C-72db,LASTIK TUKETICI,BARUM,4 MEVSIM,PSR 4X4-UHP-RFT,PSR UHP,2.0,0.0,20000.0,4296.0,0.0,0.0
IZMIT SUBE DEPO,CNT-1541391,215/50R17 95W XL FR QUARTARIS 5-2023 D-C-72db,LASTIK TUKETICI,BARUM,4 MEVSIM,PSR 4X4-UHP-RFT,PSR UHP,2.0,0.0,20000.0,4377.0,0.0,0.0
COMPETUS DEPO,CNT-1549158,225/75R15 102T FR CONTICROSSCONTACT LX 2-2023 D-C-71db,LASTIK TUKETICI,CONTINENTAL,4 MEVSIM,PSR 4X4-UHP-RFT,PSR 4X4,4.0,0.0,40000.0,5382.3,0.0,0.0
COMPETUS DEPO,CNT-1549197,255/55R18 109H XL FR CONTICROSSCONTACT LX 2-2023,LASTIK TUKETICI,CONTINENTAL,4 MEVSIM,PSR 4X4-UHP-RFT,PSR 4X4,2.0,0.0,20000.0,5734.3,0.0,0.0
COMPETUS DEPO,CNT-1557059,265/40R21 101V FR CROSSCONTACT LX SPORT-2023 C-C-72db,LASTIK TUKETICI,CONTINENTAL,4 MEVSIM,PSR 4X4-UHP-RFT,PSR 4X4,2.0,0.0,20000.0,10127.15,0.0,0.0
COMPETUS DEPO,CNT-1557059-25,265/40R21 101V FR CROSSCONTACT LX SPORT C-C-72db,LASTIK TUKETICI,CONTINENTAL,4 MEVSIM,PSR 4X4-UHP-RFT,PSR 4X4,2.0,0.0,20000.0,19080.0,0.0,0.0
COMPETUS DEPO,CNT-1557064,255/55R20 110V XL FR PREMIUMCONTACT 6 FR-2024 C-A-73db,LASTIK TUKETICI,CONTINENTAL,YAZ,PSR 4X4-UHP-RFT,PSR UHP,4.0,0.0,40000.0,9739.95,0.0,0.0
COMPETUS DEPO,CNT-1580896,225/45R17 91Y FR MP47 HECTORRA 3-2023,LASTIK TUKETICI,MATADOR,YAZ,PSR 4X4-UHP-RFT,PSR UHP,1.0,0.0,10000.0,1460.0,0.0,0.0
COMPETUS DEPO,CNT-1581019,175/65R14 86T XL MP47 HECTORRA 3-2023 C-B-71db,LASTIK TUKETICI,MATADOR,YAZ,PSR STANDART,PSR 13-14,1.0,0.0,10000.0,2291.4,0.0,0.0
COMPETUS DEPO,CNT-1581021,175/65R15 84T MP47 HECTORRA 3-2023 C-B-70db,LASTIK TUKETICI,MATADOR,YAZ,PSR STANDART,PSR 15,1.0,0.0,10000.0,1200.0,0.0,0.0
COMPETUS DEPO,CNT-1581038,185/70R14 88T MP47 HECTORRA 3-2024 D-B-70db,LASTIK TUKETICI,MATADOR,YAZ,PSR STANDART,PSR 13-14,13.0,0.0,130000.0,2634.0,0.0,0.0
SANAYI SUBE DEPO,CNT-1581038,185/70R14 88T MP47 HECTORRA 3-2024 D-B-70db,LASTIK TUKETICI,MATADOR,YAZ,PSR STANDART,PSR 13-14,4.0,0.0,40000.0,2634.0,0.0,0.0
COMPETUS DEPO,CNT-1581051,205/60R15 91H MP47 HECTORRA 3-2022 D-B-71db,LASTIK TUKETICI,MATADOR,YAZ,PSR STANDART,PSR 15,2.0,0.0,20000.0,1470.0,0.0,0.0
COMPETUS DEPO,CNT-1581065,165/70R14 81T MP62 ALL WEATHER EVO-2023 E-C-71db,LASTIK TUKETICI,MATADOR,4 MEVSIM,PSR STANDART,PSR 13-14,1.0,0.0,10000.0,1903.2,0.0,0.0
IZMIT SUBE DEPO,CNT-1581068,185/60R14 82T MP62 ALL WEATHER EVO E-C-71db,LASTIK TUKETICI,MATADOR,4 MEVSIM,PSR STANDART,PSR 13-14,1.0,0.0,10000.0,1951.2,0.0,0.0
COMPETUS DEPO,CNT-1581105,215/55R16 97V XL MP62 ALL WEATHER EVO-2023 D-C-72db,LASTIK TUKETICI,MATADOR,4 MEVSIM,PSR STANDART,PSR 16,1.0,0.0,10000.0,3425.4,0.0,0.0
COMPETUS DEPO,CNT-1581126,185/65R14 86T HECTORRA5-2024 C-B-70db,LASTIK TUKETICI,MATADOR,YAZ,PSR STANDART,PSR 13-14,1.0,0.0,10000.0,2287.8,0.0,0.0
COMPETUS DEPO,CNT-1581158,235/45R19 99W XL FR HECTORRA5-2023 C-B-72db,LASTIK TUKETICI,MATADOR,YAZ,PSR 4X4-UHP-RFT,PSR UHP,1.0,0.0,10000.0,5193.0,0.0,0.0
SANAYI SUBE DEPO,CNT-1581174,255/50R19 107Y XL FR HECTORRA5-2023 C-B-73db,LASTIK TUKETICI,MATADOR,YAZ,PSR 4X4-UHP-RFT,PSR UHP,4.0,0.0,40000.0,4388.4,0.0,0.0
COMPETUS DEPO,CNT-1581184,195/50R15 82H HECTORRA5-2024 C-B-71db,LASTIK TUKETICI,MATADOR,YAZ,PSR STANDART,PSR 15,10.0,0.0,100000.0,2542.8,0.0,0.0
MERKEZ DEPO,CNT-1581184,195/50R15 82H HECTORRA5-2024 C-B-71db,LASTIK TUKETICI,MATADOR,YAZ,PSR STANDART,PSR 15,1.0,0.0,10000.0,2542.8,0.0,0.0
IZMIT SUBE DEPO,CNT-1581184,195/50R15 82H HECTORRA5-2024 C-B-71db,LASTIK TUKETICI,MATADOR,YAZ,PSR STANDART,PSR 15,4.0,0.0,40000.0,2542.8,0.0,0.0
SANAYI SUBE DEPO,CNT-1581190,195/65R15 95H XL HECTORRA5-2024 C-B-72db,LASTIK TUKETICI,MATADOR,YAZ,PSR STANDART,PSR 15,12.0,0.0,120000.0,2397.6,0.0,0.0
IZMIT SUBE DEPO,CNT-1581190,195/65R15 95H XL HECTORRA5-2024 C-B-72db,LASTIK TUKETICI,MATADOR,YAZ,PSR STANDART,PSR 15,1.0,0.0,10000.0,2397.6,0.0,0.0
COMPETUS DEPO,CNT-1581190,195/65R15 95H XL HECTORRA5-2024 C-B-72db,LASTIK TUKETICI,MATADOR,YAZ,PSR STANDART,PSR 15,17.0,0.0,170000.0,2397.6,0.0,0.0
COMPETUS DEPO,CNT-1581191,195/65R15 91H HECTORRA5-2024 C-B-71db,LASTIK TUKETICI,MATADOR,YAZ,PSR STANDART,PSR 15,1.0,0.0,10000.0,2230.2,0.0,0.0
SANAYI SUBE DEPO,CNT-1581205,225/45R17 91Y FR HECTORRA5 C-B-71db,LASTIK TUKETICI,MATADOR,YAZ,PSR 4X4-UHP-RFT,PSR UHP,1.0,0.0,10000.0,3082.8,0.0,0.0
IZMIT SUBE DEPO,CNT-1581205,225/45R17 91Y FR HECTORRA5 C-B-71db,LASTIK TUKETICI,MATADOR,YAZ,PSR 4X4-UHP-RFT,PSR UHP,4.0,0.0,40000.0,3082.8,0.0,0.0
IZMIT SUBE DEPO,CNT-1585443,185/70R14 88T MP93 NORDICCA-2023 D-C-71db,LASTIK TUKETICI,MATADOR,KIS,PSR STANDART,PSR 13-14,1.0,0.0,10000.0,2142.0,0.0,0.0
IZMIT SUBE DEPO,CNT-1585462,195/60R15 88H MP93 NORDICCA-2023 D-C-72db,LASTIK TUKETICI,MATADOR,KIS,PSR STANDART,PSR 15,1.0,0.0,10000.0,2278.8,0.0,0.0
COMPETUS DEPO,CNT-1585469,195/60R16 89H MP93 NORDICCA-2022 E-C-72db,LASTIK TUKETICI,MATADOR,KIS,PSR STANDART,PSR 16,1.0,0.0,10000.0,2466.0,0.0,0.0
COMPETUS DEPO,CNT-1585479,195/50R16 88H XL MP93 NORDICCA-2022 D-C-72db,LASTIK TUKETICI,MATADOR,KIS,PSR STANDART,PSR 16,1.0,0.0,10000.0,2978.4,0.0,0.0
COMPETUS DEPO,CNT-1585487,255/60R17 106H FR MP93 NORDICCA-2023 D-C-73db,LASTIK TUKETICI,MATADOR,KIS,PSR 4X4-UHP-RFT,PSR UHP,8.0,0.0,80000.0,4774.8,0.0,0.0
COMPETUS DEPO,CNT-1585513,225/40R18 92V XL FR MP93 NORDICCA-2022/2023 C-C-72db,LASTIK TUKETICI,MATADOR,KIS,PSR 4X4-UHP-RFT,PSR UHP,2.0,0.0,20000.0,2400.0,0.0,0.0
COMPETUS DEPO,CNT-1585518,255/50R19 107V XL FR MP93 NORDICCA-2022 D-C-73db,LASTIK TUKETICI,MATADOR,KIS,PSR 4X4-UHP-RFT,PSR UHP,2.0,0.0,20000.0,4296.6,0.0,0.0
IZMIT SUBE DEPO,CNT-1590077,235/60R18 107V XL FR MP85 HECTORRA 4X4-2022 D-C-72db,LASTIK TUKETICI,MATADOR,YAZ,PSR 4X4-UHP-RFT,PSR UHP,2.0,0.0,20000.0,4231.8,0.0,0.0
IZMIT SUBE DEPO,CNT-1590141,235/75R15 109T XL FR MP82 CONQUERRA 2-2022 D-C-72db,LASTIK TUKETICI,MATADOR,4 MEVSIM,PSR STANDART,PSR 15,4.0,0.0,40000.0,4119.79,0.0,0.0
COMPETUS DEPO,CNT-1590141,235/75R15 109T XL FR MP82 CONQUERRA 2-2022 D-C-72db,LASTIK TUKETICI,MATADOR,4 MEVSIM,PSR STANDART,PSR 15,8.0,0.0,80000.0,4119.79,0.0,0.0
COMPETUS DEPO,CNT-1590154,255/60R17 106H FR MP82 CONQUERRA 2-2022 D-C-72db,LASTIK TUKETICI,MATADOR,4 MEVSIM,PSR 4X4-UHP-RFT,PSR 4X4,4.0,0.0,40000.0,4623.6,0.0,0.0
COMPETUS DEPO,CNT-1590165,255/55R18 109Y XL FR MP47 HECTORRA 3 SUV-2023 D-C-73db,LASTIK TUKETICI,MATADOR,YAZ,PSR 4X4-UHP-RFT,PSR 4X4,2.0,0.0,20000.0,3965.4,0.0,0.0
COMPETUS DEPO,CNT-1590185,215/60R17 96H FR MP72 IZZARDA A/T 2-2024 E-D-72db,LASTIK TUKETICI,MATADOR,4 MEVSIM,PSR 4X4-UHP-RFT,PSR 4X4,3.0,0.0,30000.0,5091.6,0.0,0.0
COMPETUS DEPO,CNT-1590197,255/70R16 111T FR MP72 IZZARDA A/T 2-2023 E-D-73db,LASTIK TUKETICI,MATADOR,4 MEVSIM,PSR STANDART,PSR 16,2.0,0.0,20000.0,5448.0,0.0,0.0
MERKEZ DEPO,CNT-311000-26,215/55R17 94V ECOCONTACT 6 AO A-A-71db,LASTIK TUKETICI,CONTINENTAL,YAZ,PSR 4X4-UHP-RFT,PSR UHP,1.0,0.0,10000.0,9543.0,0.0,0.0
COMPETUS DEPO,CNT-311051-26,195/55R16 87H ECOCONTACT 6 A-B-71db,LASTIK TUKETICI,CONTINENTAL,YAZ,PSR STANDART,PSR 16,4.0,0.0,40000.0,8104.0,0.0,0.0
MERKEZ DEPO,CNT-311051-26,195/55R16 87H ECOCONTACT 6 A-B-71db,LASTIK TUKETICI,CONTINENTAL,YAZ,PSR STANDART,PSR 16,2.0,0.0,20000.0,8104.0,0.0,0.0
MERKEZ DEPO,CNT-311076-26,235/55R17 103W XL FR PREMIUMCONTACT 6 FR C-A-72db,LASTIK TUKETICI,CONTINENTAL,YAZ,PSR 4X4-UHP-RFT,PSR UHP,2.0,0.0,20000.0,10012.0,0.0,0.0
IZMIT SUBE DEPO,CNT-311260,245/50R19 101Y FR PREMIUMCONTACT 6 FR SSR-2022/2024 C-A-71db,LASTIK TUKETICI,CONTINENTAL,YAZ,PSR 4X4-UHP-RFT,PSR RFT,4.0,0.0,40000.0,9178.4,0.0,0.0
COMPETUS DEPO,CNT-311260,245/50R19 101Y FR PREMIUMCONTACT 6 FR SSR-2022/2024 C-A-71db,LASTIK TUKETICI,CONTINENTAL,YAZ,PSR 4X4-UHP-RFT,PSR RFT,76.0,0.0,760000.0,9178.4,0.0,0.0
SANAYI SUBE DEPO,CNT-311378-25,245/40ZR19 (98Y) XL FR SPORTCONTACT 7 C-A-72db,LASTIK TUKETICI,CONTINENTAL,YAZ,PSR 4X4-UHP-RFT,PSR UHP,1.0,0.0,10000.0,12876.0,0.0,0.0
IZMIT SUBE DEPO,CNT-311380,275/40ZR20 (106Y) XL FR SPORTCONTACT 7-2023 C-A-73db,LASTIK TUKETICI,CONTINENTAL,YAZ,PSR 4X4-UHP-RFT,PSR UHP,4.0,0.0,40000.0,7939.8,0.0,0.0
IZMIT SUBE DEPO,CNT-311381,245/35ZR20 (95Y) XL FR SPORTCONTACT 7-2024 C-A-72db,LASTIK TUKETICI,CONTINENTAL,YAZ,PSR 4X4-UHP-RFT,PSR UHP,1.0,0.0,10000.0,7914.5,0.0,0.0
SANAYI SUBE DEPO,CNT-311390,275/30ZR20 (97Y) XL FR SPORTCONTACT 7 D-A-73db,LASTIK TUKETICI,CONTINENTAL,YAZ,PSR 4X4-UHP-RFT,PSR UHP,1.0,0.0,10000.0,13680.0,0.0,0.0
COMPETUS DEPO,CNT-311391,265/30ZR19 (93Y) XL FR SPORTCONTACT 7-2023 D-A-73db,LASTIK TUKETICI,CONTINENTAL,YAZ,PSR 4X4-UHP-RFT,PSR UHP,2.0,0.0,20000.0,8615.75,0.0,0.0
IZMIT SUBE DEPO,CNT-311391,265/30ZR19 (93Y) XL FR SPORTCONTACT 7-2023 D-A-73db,LASTIK TUKETICI,CONTINENTAL,YAZ,PSR 4X4-UHP-RFT,PSR UHP,2.0,0.0,20000.0,8615.75,0.0,0.0
COMPETUS DEPO,CNT-311400,225/35ZR20 (90Y) XL FR SPORTCONTACT 7-2024 D-A-72db,LASTIK TUKETICI,CONTINENTAL,YAZ,PSR 4X4-UHP-RFT,PSR UHP,6.0,0.0,60000.0,8236.25,0.0,0.0
COMPETUS DEPO,CNT-311408,265/30ZR22 (97Y) XL FR SPORTCONTACT 7-2022 D-A-73db,LASTIK TUKETICI,CONTINENTAL,YAZ,PSR 4X4-UHP-RFT,PSR UHP,4.0,0.0,40000.0,5120.0,0.0,0.0
COMPETUS DEPO,CNT-311476,275/40ZR19 (101Y) FR PREMIUMCONTACT 6 FR MGT-2022 B-A-72db,LASTIK TUKETICI,CONTINENTAL,YAZ,PSR 4X4-UHP-RFT,PSR UHP,1.0,0.0,10000.0,3410.0,0.0,0.0
SANAYI SUBE DEPO,CNT-311534,285/30ZR21 (100Y) XL SPORTCONTACT 7 FR MGT-2023 C-A-75db,LASTIK TUKETICI,CONTINENTAL,YAZ,PSR 4X4-UHP-RFT,PSR UHP,2.0,0.0,20000.0,11740.3,0.0,0.0
SANAYI SUBE DEPO,CNT-311712-25,225/60R18 104V XL FR PREMIUMCONTACT 6 FR B-A-72db,LASTIK TUKETICI,CONTINENTAL,YAZ,PSR 4X4-UHP-RFT,PSR UHP,1.0,0.0,10000.0,11432.0,0.0,0.0
COMPETUS DEPO,CNT-311768,255/50R19 103Y FR CONTISPORTCONTACT 5 MO1-2024 C-A-72db,LASTIK TUKETICI,CONTINENTAL,YAZ,PSR 4X4-UHP-RFT,PSR UHP,2.0,0.0,20000.0,6733.65,0.0,0.0
COMPETUS DEPO,CNT-311784-26,275/35R20 102Y XL FR ECOCONTACT 6Q *MO A-B-70db,LASTIK TUKETICI,CONTINENTAL,YAZ,PSR 4X4-UHP-RFT,PSR UHP,2.0,0.0,20000.0,17655.0,0.0,0.0
COMPETUS DEPO,CNT-311790-26,245/40R20 99Y XL FR ECOCONTACT 6Q *MO A-B-69db,LASTIK TUKETICI,CONTINENTAL,YAZ,PSR 4X4-UHP-RFT,PSR UHP,1.0,0.0,10000.0,16201.0,0.0,0.0
SANAYI SUBE DEPO,CNT-311819,245/45ZR18 100Y XL FR SPORTCONTACT 7 MO1 B-A-72db,LASTIK TUKETICI,CONTINENTAL,YAZ,PSR 4X4-UHP-RFT,PSR UHP,1.0,0.0,10000.0,5707.9,0.0,0.0
COMPETUS DEPO,CNT-311877,255/40R20 101V XL ECOCONTACT 6 VOL-2024 A-A-73db,LASTIK TUKETICI,CONTINENTAL,YAZ,PSR 4X4-UHP-RFT,PSR UHP,6.0,0.0,60000.0,8110.85,0.0,0.0
REYON,CNT-311957,245/45R20 103V XL FR PREMIUMCONTACT 6 FR-2023 A-A-72db,LASTIK TUKETICI,CONTINENTAL,YAZ,PSR 4X4-UHP-RFT,PSR UHP,2.0,0.0,20000.0,8664.7,0.0,0.0
COMPETUS DEPO,CNT-311990-26,195/65R15 91V ECOCONTACT 6 B-B-71db,LASTIK TUKETICI,CONTINENTAL,YAZ,PSR STANDART,PSR 15,8.0,0.0,80000.0,5258.0,0.0,0.0
SANAYI SUBE DEPO,CNT-311990-26,195/65R15 91V ECOCONTACT 6 B-B-71db,LASTIK TUKETICI,CONTINENTAL,YAZ,PSR STANDART,PSR 15,4.0,0.0,40000.0,5258.0,0.0,0.0
COMPETUS DEPO,CNT-312113-26,235/60R18 103T ECOCONTACT 6 A-A-71db,LASTIK TUKETICI,CONTINENTAL,YAZ,PSR 4X4-UHP-RFT,PSR UHP,6.0,0.0,60000.0,9634.0,0.0,0.0
MERKEZ DEPO,CNT-312157-26,215/50R17 95V XL ECOCONTACT 6 A-B-72db,LASTIK TUKETICI,CONTINENTAL,YAZ,PSR 4X4-UHP-RFT,PSR UHP,3.0,0.0,30000.0,9142.0,0.0,0.0
MERKEZ DEPO,CNT-312169-25,265/40ZR20 (104Y) XL SPORTCONTACT 6 FR MO1B B-A-73db,LASTIK TUKETICI,CONTINENTAL,YAZ,PSR 4X4-UHP-RFT,PSR UHP,1.0,0.0,10000.0,18548.0,0.0,0.0
COMPETUS DEPO,CNT-312169-25,265/40ZR20 (104Y) XL SPORTCONTACT 6 FR MO1B B-A-73db,LASTIK TUKETICI,CONTINENTAL,YAZ,PSR 4X4-UHP-RFT,PSR UHP,3.0,0.0,30000.0,18548.0,0.0,0.0
COMPETUS DEPO,CNT-312170,295/35ZR20 (105Y) XL SPORTCONTACT 6 FR MO1B-2024 B-A-75db,LASTIK TUKETICI,CONTINENTAL,YAZ,PSR 4X4-UHP-RFT,PSR UHP,9.0,0.0,90000.0,11510.95,0.0,0.0
IZMIT SUBE DEPO,CNT-312170,295/35ZR20 (105Y) XL SPORTCONTACT 6 FR MO1B-2024 B-A-75db,LASTIK TUKETICI,CONTINENTAL,YAZ,PSR 4X4-UHP-RFT,PSR UHP,4.0,0.0,40000.0,11510.95,0.0,0.0
IZMIT SUBE DEPO,CNT-312315-26,175/65R14 82T ULTRACONTACT C-A-70db,LASTIK TUKETICI,CONTINENTAL,YAZ,PSR STANDART,PSR 13-14,2.0,0.0,20000.0,4507.0,0.0,0.0
COMPETUS DEPO,CNT-312315-26,175/65R14 82T ULTRACONTACT C-A-70db,LASTIK TUKETICI,CONTINENTAL,YAZ,PSR STANDART,PSR 13-14,1.0,0.0,10000.0,4507.0,0.0,0.0
IZMIT SUBE DEPO,CNT-312316-25,175/65R15 84T ULTRACONTACT B-A-70db,LASTIK TUKETICI,CONTINENTAL,YAZ,PSR STANDART,PSR 15,2.0,0.0,20000.0,5497.0,0.0,0.0
IZMIT SUBE DEPO,CNT-312320-25,185/55R15 82H ULTRACONTACT B-A-70db,LASTIK TUKETICI,CONTINENTAL,YAZ,PSR STANDART,PSR 15,4.0,0.0,40000.0,6813.0,0.0,0.0
MERKEZ DEPO,CNT-312320-26,185/55R15 82H ULTRACONTACT B-A-70db,LASTIK TUKETICI,CONTINENTAL,YAZ,PSR STANDART,PSR 15,2.0,0.0,20000.0,6813.0,0.0,0.0
IZMIT SUBE DEPO,CNT-312322-25,185/55R16 83H FR ULTRACONTACT B-A-70db,LASTIK TUKETICI,CONTINENTAL,YAZ,PSR STANDART,PSR 16,4.0,0.0,40000.0,9564.0,0.0,0.0
MERKEZ DEPO,CNT-312322-25,185/55R16 83H FR ULTRACONTACT B-A-70db,LASTIK TUKETICI,CONTINENTAL,YAZ,PSR STANDART,PSR 16,2.0,0.0,20000.0,9564.0,0.0,0.0
SANAYI SUBE DEPO,CNT-312325-26,185/60R15 84H ULTRACONTACT B-A-70db,LASTIK TUKETICI,CONTINENTAL,YAZ,PSR STANDART,PSR 15,1.0,0.0,10000.0,6212.0,0.0,0.0
MERKEZ DEPO,CNT-312326-26,185/60R15 88H XL ULTRACONTACT B-A-71db,LASTIK TUKETICI,CONTINENTAL,YAZ,PSR STANDART,PSR 15,2.0,0.0,20000.0,6407.0,0.0,0.0
IZMIT SUBE DEPO,CNT-312327-26,185/65R14 86T ULTRACONTACT B-A-70db,LASTIK TUKETICI,CONTINENTAL,YAZ,PSR STANDART,PSR 13-14,4.0,0.0,40000.0,5189.0,0.0,0.0
SANAYI SUBE DEPO,CNT-312327-26,185/65R14 86T ULTRACONTACT B-A-70db,LASTIK TUKETICI,CONTINENTAL,YAZ,PSR STANDART,PSR 13-14,6.0,0.0,60000.0,5189.0,0.0,0.0
MERKEZ DEPO,CNT-312328-26,185/65R15 88T ULTRACONTACT B-A-70db,LASTIK TUKETICI,CONTINENTAL,YAZ,PSR STANDART,PSR 15,291.0,0.0,2910000.0,4927.0,0.0,0.0
IZMIT SUBE DEPO,CNT-312328-26,185/65R15 88T ULTRACONTACT B-A-70db,LASTIK TUKETICI,CONTINENTAL,YAZ,PSR STANDART,PSR 15,24.0,0.0,240000.0,4927.0,0.0,0.0
SANAYI SUBE DEPO,CNT-312328-26,185/65R15 88T ULTRACONTACT B-A-70db,LASTIK TUKETICI,CONTINENTAL,YAZ,PSR STANDART,PSR 15,29.0,0.0,290000.0,4927.0,0.0,0.0
COMPETUS DEPO,CNT-312331-25,185/70R14 88T ULTRACONTACT C-A-70db,LASTIK TUKETICI,CONTINENTAL,YAZ,PSR STANDART,PSR 13-14,8.0,0.0,80000.0,6827.0,0.0,0.0
IZMIT SUBE DEPO,CNT-312337,195/55R15 85H ULTRACONTACT B-A-69db,LASTIK TUKETICI,CONTINENTAL,YAZ,PSR STANDART,PSR 15,1.0,0.0,10000.0,5213.0,0.0,0.0
IZMIT SUBE DEPO,CNT-312340-25,195/55R16 87H FR ULTRACONTACT C-A-69db,LASTIK TUKETICI,CONTINENTAL,YAZ,PSR STANDART,PSR 16,4.0,0.0,40000.0,8104.0,0.0,0.0
SANAYI SUBE DEPO,CNT-312340-25,195/55R16 87H FR ULTRACONTACT C-A-69db,LASTIK TUKETICI,CONTINENTAL,YAZ,PSR STANDART,PSR 16,6.0,0.0,60000.0,8104.0,0.0,0.0
COMPETUS DEPO,CNT-312340-25,195/55R16 87H FR ULTRACONTACT C-A-69db,LASTIK TUKETICI,CONTINENTAL,YAZ,PSR STANDART,PSR 16,54.0,0.0,540000.0,8104.0,0.0,0.0
MERKEZ DEPO,CNT-312340-26,195/55R16 87H FR ULTRACONTACT C-A-69db,LASTIK TUKETICI,CONTINENTAL,YAZ,PSR STANDART,PSR 16,20.0,0.0,200000.0,8104.0,0.0,0.0
IZMIT SUBE DEPO,CNT-312340-26,195/55R16 87H FR ULTRACONTACT C-A-69db,LASTIK TUKETICI,CONTINENTAL,YAZ,PSR STANDART,PSR 16,8.0,0.0,80000.0,8104.0,0.0,0.0
MERKEZ DEPO,CNT-312353-25,205/45R17 88V XL FR ULTRACONTACT B-A-71db,LASTIK TUKETICI,CONTINENTAL,YAZ,PSR 4X4-UHP-RFT,PSR UHP,8.0,0.0,80000.0,8773.0,0.0,0.0
MERKEZ DEPO,CNT-312358-25,205/55R16 91V FR ULTRACONTACT B-A-69db,LASTIK TUKETICI,CONTINENTAL,YAZ,PSR STANDART,PSR 16,290.0,0.0,2900000.0,6320.0,0.0,0.0
COMPETUS DEPO,CNT-312358-25,205/55R16 91V FR ULTRACONTACT B-A-69db,LASTIK TUKETICI,CONTINENTAL,YAZ,PSR STANDART,PSR 16,200.0,0.0,2000000.0,6320.0,0.0,0.0
COMPETUS DEPO,CNT-312358-26,205/55R16 91V FR ULTRACONTACT B-A-69db,LASTIK TUKETICI,CONTINENTAL,YAZ,PSR STANDART,PSR 16,608.0,0.0,6080000.0,6320.0,0.0,0.0
SANAYI SUBE DEPO,CNT-312358-26,205/55R16 91V FR ULTRACONTACT B-A-69db,LASTIK TUKETICI,CONTINENTAL,YAZ,PSR STANDART,PSR 16,12.0,0.0,120000.0,6320.0,0.0,0.0
MERKEZ DEPO,CNT-312358-26,205/55R16 91V FR ULTRACONTACT B-A-69db,LASTIK TUKETICI,CONTINENTAL,YAZ,PSR STANDART,PSR 16,280.0,0.0,2800000.0,6320.0,0.0,0.0
IZMIT SUBE DEPO,CNT-312358-26,205/55R16 91V FR ULTRACONTACT B-A-69db,LASTIK TUKETICI,CONTINENTAL,YAZ,PSR STANDART,PSR 16,40.0,0.0,400000.0,6320.0,0.0,0.0
MERKEZ DEPO,CNT-312363-26,205/60R16 92H FR ULTRACONTACT B-A-69db,LASTIK TUKETICI,CONTINENTAL,YAZ,PSR STANDART,PSR 16,8.0,0.0,80000.0,8358.0,0.0,0.0
SANAYI SUBE DEPO,CNT-312364-25,205/60R16 96H XL FR ULTRACONTACT B-A-69db,LASTIK TUKETICI,CONTINENTAL,YAZ,PSR STANDART,PSR 16,2.0,0.0,20000.0,9505.0,0.0,0.0
SANAYI SUBE DEPO,CNT-312364-26,205/60R16 96H XL FR ULTRACONTACT B-A-69db,LASTIK TUKETICI,CONTINENTAL,YAZ,PSR STANDART,PSR 16,4.0,0.0,40000.0,9505.0,0.0,0.0
MERKEZ DEPO,CNT-312364-26,205/60R16 96H XL FR ULTRACONTACT B-A-69db,LASTIK TUKETICI,CONTINENTAL,YAZ,PSR STANDART,PSR 16,27.0,0.0,270000.0,9505.0,0.0,0.0
IZMIT SUBE DEPO,CNT-312364-26,205/60R16 96H XL FR ULTRACONTACT B-A-69db,LASTIK TUKETICI,CONTINENTAL,YAZ,PSR STANDART,PSR 16,8.0,0.0,80000.0,9505.0,0.0,0.0
IZMIT SUBE DEPO,CNT-312372-26,215/50R17 95W XL FR ULTRACONTACT B-A-70db,LASTIK TUKETICI,CONTINENTAL,YAZ,PSR 4X4-UHP-RFT,PSR UHP,4.0,0.0,40000.0,9342.0,0.0,0.0
IADE VE ARIZALI URUN DEPO,CNT-312372-26,215/50R17 95W XL FR ULTRACONTACT B-A-70db,LASTIK TUKETICI,CONTINENTAL,YAZ,PSR 4X4-UHP-RFT,PSR UHP,4.0,4.0,0.0,9342.0,0.0,0.0
MERKEZ DEPO,CNT-312374-26,215/55R16 93V FR ULTRACONTACT B-A-69db,LASTIK TUKETICI,CONTINENTAL,YAZ,PSR STANDART,PSR 16,2.0,0.0,20000.0,10472.0,0.0,0.0
SANAYI SUBE DEPO,CNT-312374-26,215/55R16 93V FR ULTRACONTACT B-A-69db,LASTIK TUKETICI,CONTINENTAL,YAZ,PSR STANDART,PSR 16,4.0,0.0,40000.0,10472.0,0.0,0.0
MERKEZ DEPO,CNT-312375-25,215/55R16 97W XL FR ULTRACONTACT B-A-70db,LASTIK TUKETICI,CONTINENTAL,YAZ,PSR STANDART,PSR 16,8.0,0.0,80000.0,11146.0,0.0,0.0
IZMIT SUBE DEPO,CNT-312375-25,215/55R16 97W XL FR ULTRACONTACT B-A-70db,LASTIK TUKETICI,CONTINENTAL,YAZ,PSR STANDART,PSR 16,4.0,0.0,40000.0,11146.0,0.0,0.0
SANAYI SUBE DEPO,CNT-312375-26,215/55R16 97W XL FR ULTRACONTACT B-A-70db,LASTIK TUKETICI,CONTINENTAL,YAZ,PSR STANDART,PSR 16,4.0,0.0,40000.0,11146.0,0.0,0.0
MERKEZ DEPO,CNT-312375-26,215/55R16 97W XL FR ULTRACONTACT B-A-70db,LASTIK TUKETICI,CONTINENTAL,YAZ,PSR STANDART,PSR 16,16.0,0.0,160000.0,11146.0,0.0,0.0
MERKEZ DEPO,CNT-312376-25,215/55R17 94V FR ULTRACONTACT B-A-69db,LASTIK TUKETICI,CONTINENTAL,YAZ,PSR 4X4-UHP-RFT,PSR UHP,3.0,0.0,30000.0,9543.0,0.0,0.0
IZMIT SUBE DEPO,CNT-312376-25,215/55R17 94V FR ULTRACONTACT B-A-69db,LASTIK TUKETICI,CONTINENTAL,YAZ,PSR 4X4-UHP-RFT,PSR UHP,4.0,0.0,40000.0,9543.0,0.0,0.0
IZMIT SUBE DEPO,CNT-312376-26,215/55R17 94V FR ULTRACONTACT B-A-69db,LASTIK TUKETICI,CONTINENTAL,YAZ,PSR 4X4-UHP-RFT,PSR UHP,4.0,0.0,40000.0,9543.0,0.0,0.0
COMPETUS DEPO,CNT-312376-26,215/55R17 94V FR ULTRACONTACT B-A-69db,LASTIK TUKETICI,CONTINENTAL,YAZ,PSR 4X4-UHP-RFT,PSR UHP,15.0,0.0,150000.0,9543.0,0.0,0.0
MERKEZ DEPO,CNT-312380-26,215/60R16 99H XL FR ULTRACONTACT B-A-70db,LASTIK TUKETICI,CONTINENTAL,YAZ,PSR STANDART,PSR 16,32.0,0.0,320000.0,10600.0,0.0,0.0
SANAYI SUBE DEPO,CNT-312383-26,225/40R18 92W XL FR ULTRACONTACT B-A-70db,LASTIK TUKETICI,CONTINENTAL,YAZ,PSR 4X4-UHP-RFT,PSR UHP,4.0,0.0,40000.0,7233.0,0.0,0.0
MERKEZ DEPO,CNT-312383-26,225/40R18 92W XL FR ULTRACONTACT B-A-70db,LASTIK TUKETICI,CONTINENTAL,YAZ,PSR 4X4-UHP-RFT,PSR UHP,1.0,0.0,10000.0,7233.0,0.0,0.0
IZMIT SUBE DEPO,CNT-312383-26,225/40R18 92W XL FR ULTRACONTACT B-A-70db,LASTIK TUKETICI,CONTINENTAL,YAZ,PSR 4X4-UHP-RFT,PSR UHP,2.0,0.0,20000.0,7233.0,0.0,0.0
SANAYI SUBE DEPO,CNT-312385-26,225/45R17 91Y FR ULTRACONTACT C-A-69db,LASTIK TUKETICI,CONTINENTAL,YAZ,PSR 4X4-UHP-RFT,PSR UHP,4.0,0.0,40000.0,6727.0,0.0,0.0
MERKEZ DEPO,CNT-312385-26,225/45R17 91Y FR ULTRACONTACT C-A-69db,LASTIK TUKETICI,CONTINENTAL,YAZ,PSR 4X4-UHP-RFT,PSR UHP,74.0,0.0,740000.0,6727.0,0.0,0.0
IZMIT SUBE DEPO,CNT-312385-26,225/45R17 91Y FR ULTRACONTACT C-A-69db,LASTIK TUKETICI,CONTINENTAL,YAZ,PSR 4X4-UHP-RFT,PSR UHP,12.0,0.0,120000.0,6727.0,0.0,0.0
MERKEZ DEPO,CNT-312386-26,225/45R17 94W XL FR ULTRACONTACT B-A-70db,LASTIK TUKETICI,CONTINENTAL,YAZ,PSR 4X4-UHP-RFT,PSR UHP,16.0,0.0,160000.0,6745.0,0.0,0.0
COMPETUS DEPO,CNT-312396-26,225/60R18 100H FR ULTRACONTACT B-A-69db,LASTIK TUKETICI,CONTINENTAL,YAZ,PSR 4X4-UHP-RFT,PSR UHP,3.0,0.0,30000.0,10663.0,0.0,0.0
MERKEZ DEPO,CNT-312397-26,225/65R17 102H FR ULTRACONTACT B-A-69db,LASTIK TUKETICI,CONTINENTAL,YAZ,PSR 4X4-UHP-RFT,PSR UHP,4.0,0.0,40000.0,9173.0,0.0,0.0
MERKEZ DEPO,CNT-312408-26,245/45R18 100W XL FR ULTRACONTACT B-A-70db,LASTIK TUKETICI,CONTINENTAL,YAZ,PSR 4X4-UHP-RFT,PSR UHP,20.0,0.0,200000.0,10754.0,0.0,0.0
COMPETUS DEPO,CNT-312803,235/45R21 101H XL FR ECOCONTACT 6Q-2024 A-B-72db,LASTIK TUKETICI,CONTINENTAL,YAZ,PSR 4X4-UHP-RFT,PSR UHP,5.0,0.0,50000.0,8080.05,0.0,0.0
COMPETUS DEPO,CNT-312935-25,205/55R17 91V FR PREMIUMCONTACT 6 FR SSR D-A-71db,LASTIK TUKETICI,CONTINENTAL,YAZ,PSR 4X4-UHP-RFT,PSR RFT,4.0,0.0,40000.0,10635.0,0.0,0.0
IZMIT SUBE DEPO,CNT-313016,285/40R20 108Y XL FR SPORTCONTACT 7 * C-A-72db,LASTIK TUKETICI,CONTINENTAL,YAZ,PSR 4X4-UHP-RFT,PSR UHP,1.0,0.0,10000.0,11116.6,0.0,0.0
MERKEZ DEPO,CNT-313017-25,255/45R20 105Y XL FR SPORTCONTACT 7 * C-A-72db,LASTIK TUKETICI,CONTINENTAL,YAZ,PSR 4X4-UHP-RFT,PSR UHP,8.0,4.0,40000.0,17386.0,0.0,0.0
CORLU DEPO,CNT-313017-25,255/45R20 105Y XL FR SPORTCONTACT 7 * C-A-72db,LASTIK TUKETICI,CONTINENTAL,YAZ,PSR 4X4-UHP-RFT,PSR UHP,4.0,0.0,40000.0,17386.0,0.0,0.0
IZMIT SUBE DEPO,CNT-313035-25,205/55R16 91V PREMIUMCONTACT 7 C-A-71db,LASTIK TUKETICI,CONTINENTAL,YAZ,PSR STANDART,PSR 16,15.0,0.0,150000.0,6320.0,0.0,0.0
COMPETUS DEPO,CNT-313035-25,205/55R16 91V PREMIUMCONTACT 7 C-A-71db,LASTIK TUKETICI,CONTINENTAL,YAZ,PSR STANDART,PSR 16,9.0,0.0,90000.0,6320.0,0.0,0.0
SANAYI SUBE DEPO,CNT-313035-25,205/55R16 91V PREMIUMCONTACT 7 C-A-71db,LASTIK TUKETICI,CONTINENTAL,YAZ,PSR STANDART,PSR 16,1.0,0.0,10000.0,6320.0,0.0,0.0
MERKEZ DEPO,CNT-313035-25,205/55R16 91V PREMIUMCONTACT 7 C-A-71db,LASTIK TUKETICI,CONTINENTAL,YAZ,PSR STANDART,PSR 16,32.0,0.0,320000.0,6320.0,0.0,0.0
MERKEZ DEPO,CNT-313035-26,205/55R16 91V PREMIUMCONTACT 7 C-A-71db,LASTIK TUKETICI,CONTINENTAL,YAZ,PSR STANDART,PSR 16,633.0,0.0,6330000.0,6320.0,0.0,0.0
COMPETUS DEPO,CNT-313035-26,205/55R16 91V PREMIUMCONTACT 7 C-A-71db,LASTIK TUKETICI,CONTINENTAL,YAZ,PSR STANDART,PSR 16,634.0,0.0,6340000.0,6320.0,0.0,0.0
SANAYI SUBE DEPO,CNT-313035-26,205/55R16 91V PREMIUMCONTACT 7 C-A-71db,LASTIK TUKETICI,CONTINENTAL,YAZ,PSR STANDART,PSR 16,26.0,0.0,260000.0,6320.0,0.0,0.0
IZMIT SUBE DEPO,CNT-313035-26,205/55R16 91V PREMIUMCONTACT 7 C-A-71db,LASTIK TUKETICI,CONTINENTAL,YAZ,PSR STANDART,PSR 16,44.0,0.0,440000.0,6320.0,0.0,0.0
MERKEZ DEPO,CNT-313039-26,215/50R18 92V FR PREMIUMCONTACT 7 C-A-71db,LASTIK TUKETICI,CONTINENTAL,YAZ,PSR 4X4-UHP-RFT,PSR UHP,4.0,0.0,40000.0,10673.0,0.0,0.0
COMPETUS DEPO,CNT-313040-26,215/55R17 94V FR PREMIUMCONTACT 7 C-A-71db,LASTIK TUKETICI,CONTINENTAL,YAZ,PSR 4X4-UHP-RFT,PSR UHP,14.0,0.0,140000.0,9543.0,0.0,0.0
COMPETUS DEPO,CNT-313041-26,215/55R17 98W XL FR PREMIUMCONTACT 7 C-A-71db,LASTIK TUKETICI,CONTINENTAL,YAZ,PSR 4X4-UHP-RFT,PSR UHP,1.0,0.0,10000.0,9892.0,0.0,0.0
MERKEZ DEPO,CNT-313045-26,215/65R16 102V XL PREMIUMCONTACT 7 B-A-71db,LASTIK TUKETICI,CONTINENTAL,YAZ,PSR STANDART,PSR 16,44.0,0.0,440000.0,9375.0,0.0,0.0
SANAYI SUBE DEPO,CNT-313045-26,215/65R16 102V XL PREMIUMCONTACT 7 B-A-71db,LASTIK TUKETICI,CONTINENTAL,YAZ,PSR STANDART,PSR 16,8.0,0.0,80000.0,9375.0,0.0,0.0
IZMIT SUBE DEPO,CNT-313045-26,215/65R16 102V XL PREMIUMCONTACT 7 B-A-71db,LASTIK TUKETICI,CONTINENTAL,YAZ,PSR STANDART,PSR 16,4.0,0.0,40000.0,9375.0,0.0,0.0
MERKEZ DEPO,CNT-313047-26,215/65R17 99V FR PREMIUMCONTACT 7 C-A-71db,LASTIK TUKETICI,CONTINENTAL,YAZ,PSR 4X4-UHP-RFT,PSR UHP,12.0,0.0,120000.0,8514.0,0.0,0.0
IZMIT SUBE DEPO,CNT-313047-26,215/65R17 99V FR PREMIUMCONTACT 7 C-A-71db,LASTIK TUKETICI,CONTINENTAL,YAZ,PSR 4X4-UHP-RFT,PSR UHP,4.0,0.0,40000.0,8514.0,0.0,0.0
MERKEZ DEPO,CNT-313048-26,225/40R18 92Y XL FR PREMIUMCONTACT 7 C-A-72db,LASTIK TUKETICI,CONTINENTAL,YAZ,PSR 4X4-UHP-RFT,PSR UHP,1.0,0.0,10000.0,7233.0,0.0,0.0
IZMIT SUBE DEPO,CNT-313051-26,225/45R17 91Y FR PREMIUMCONTACT 7 C-A-71db,LASTIK TUKETICI,CONTINENTAL,YAZ,PSR 4X4-UHP-RFT,PSR UHP,1.0,0.0,10000.0,6727.0,0.0,0.0
MERKEZ DEPO,CNT-313052-26,225/45R17 94V XL FR PREMIUMCONTACT 7 C-A-72db,LASTIK TUKETICI,CONTINENTAL,YAZ,PSR 4X4-UHP-RFT,PSR UHP,3.0,0.0,30000.0,6771.0,0.0,0.0
MERKEZ DEPO,CNT-313055-26,225/45R18 95Y XL FR PREMIUMCONTACT 7 C-A-72db,LASTIK TUKETICI,CONTINENTAL,YAZ,PSR 4X4-UHP-RFT,PSR UHP,2.0,0.0,20000.0,10698.0,0.0,0.0
IZMIT SUBE DEPO,CNT-313058-25,225/50R17 94Y FR PREMIUMCONTACT 7 C-A-71db,LASTIK TUKETICI,CONTINENTAL,YAZ,PSR 4X4-UHP-RFT,PSR UHP,1.0,0.0,10000.0,9376.0,0.0,0.0
MERKEZ DEPO,CNT-313064-26,235/40R18 95Y XL FR PREMIUMCONTACT 7 C-A-72db,LASTIK TUKETICI,CONTINENTAL,YAZ,PSR 4X4-UHP-RFT,PSR UHP,2.0,0.0,20000.0,9601.0,0.0,0.0
MERKEZ DEPO,CNT-313065-26,235/45R17 94Y FR PREMIUMCONTACT 7 C-A-71db,LASTIK TUKETICI,CONTINENTAL,YAZ,PSR 4X4-UHP-RFT,PSR UHP,10.0,0.0,100000.0,7935.0,0.0,0.0
MERKEZ DEPO,CNT-313067-25,235/45R17 97Y XL FR PREMIUMCONTACT 7 C-A-72db,LASTIK TUKETICI,CONTINENTAL,YAZ,PSR 4X4-UHP-RFT,PSR UHP,8.0,0.0,80000.0,8160.0,0.0,0.0
COMPETUS DEPO,CNT-313069,235/50R18 101Y XL FR PREMIUMCONTACT 7 C-A-72db,LASTIK TUKETICI,CONTINENTAL,YAZ,PSR 4X4-UHP-RFT,PSR UHP,1.0,0.0,10000.0,6495.5,0.0,0.0
COMPETUS DEPO,CNT-313080-26,285/40R21 109Y XL FR PREMIUMCONTACT 7 C-A-73db,LASTIK TUKETICI,CONTINENTAL,YAZ,PSR 4X4-UHP-RFT,PSR UHP,8.0,0.0,80000.0,20752.0,0.0,0.0
COMPETUS DEPO,CNT-313082,315/35R21 111Y XL FR PREMIUMCONTACT 7-2023 B-A-73db,LASTIK TUKETICI,CONTINENTAL,YAZ,PSR 4X4-UHP-RFT,PSR 4X4,2.0,0.0,20000.0,12570.25,0.0,0.0
MERKEZ DEPO,CNT-313105-25,195/45R16 84H XL FR ULTRACONTACT C-A-69db,LASTIK TUKETICI,CONTINENTAL,YAZ,PSR STANDART,PSR 16,3.0,0.0,30000.0,7490.0,0.0,0.0
MERKEZ DEPO,CNT-313105-26,195/45R16 84H XL FR ULTRACONTACT C-A-69db,LASTIK TUKETICI,CONTINENTAL,YAZ,PSR STANDART,PSR 16,5.0,0.0,50000.0,7490.0,0.0,0.0
COMPETUS DEPO,CNT-313248,235/50R20 104H XL FR ECOCONTACT 6Q-2023 A-A-72db,LASTIK TUKETICI,CONTINENTAL,YAZ,PSR 4X4-UHP-RFT,PSR UHP,2.0,0.0,20000.0,6846.4,0.0,0.0
COMPETUS DEPO,CNT-313330,215/60R18 98H ECOCONTACT 6 Q A-B-71db,LASTIK TUKETICI,CONTINENTAL,YAZ,PSR 4X4-UHP-RFT,PSR UHP,8.0,0.0,80000.0,5407.05,0.0,0.0
COMPETUS DEPO,CNT-313444-25,245/40R19 98Y XL FR PREMIUMCONTACT 6 FR CRM C-A-72db,LASTIK TUKETICI,CONTINENTAL,YAZ,PSR 4X4-UHP-RFT,PSR UHP,1.0,0.0,10000.0,12876.0,0.0,0.0
MERKEZ DEPO,CNT-313472-26,275/50R20 113W XL FR ECOCONTACT6Q MO A-B-70db,LASTIK TUKETICI,CONTINENTAL,YAZ,PSR 4X4-UHP-RFT,PSR UHP,4.0,0.0,40000.0,18800.0,0.0,0.0
MERKEZ DEPO,CNT-313661-26,295/35ZR21 (103Y) FR SPORTCONTACT 7 MGT B-A-74db,LASTIK TUKETICI,CONTINENTAL,YAZ,PSR 4X4-UHP-RFT,PSR UHP,1.0,0.0,10000.0,16059.0,0.0,0.0
COMPETUS DEPO,CNT-313662,265/40ZR21 (101Y) FR SPORTCONTACT 7 MGT B-A-72db,LASTIK TUKETICI,CONTINENTAL,YAZ,PSR 4X4-UHP-RFT,PSR UHP,2.0,0.0,20000.0,10105.15,0.0,0.0
COMPETUS DEPO,CNT-313784-25,205/55R17 95W XL FR ECOCONTACT 7 MO A-B-69db,LASTIK TUKETICI,CONTINENTAL,YAZ,PSR 4X4-UHP-RFT,PSR UHP,12.0,0.0,120000.0,9685.0,0.0,0.0
SANAYI SUBE DEPO,CNT-313787-26,225/40R19 93W XL FR ECOCONTACT 7 MO A-B-69db,LASTIK TUKETICI,CONTINENTAL,YAZ,PSR 4X4-UHP-RFT,PSR UHP,2.0,0.0,20000.0,12877.0,0.0,0.0
MERKEZ DEPO,CNT-313787-26,225/40R19 93W XL FR ECOCONTACT 7 MO A-B-69db,LASTIK TUKETICI,CONTINENTAL,YAZ,PSR 4X4-UHP-RFT,PSR UHP,12.0,0.0,120000.0,12877.0,0.0,0.0
IZMIT SUBE DEPO,CNT-313858,275/35ZR22 (104Y) XL FR SPORTCONTACT 7-2024 C-A-73db,LASTIK TUKETICI,CONTINENTAL,YAZ,PSR 4X4-UHP-RFT,PSR UHP,2.0,0.0,20000.0,10611.15,0.0,0.0
COMPETUS DEPO,CNT-313858,275/35ZR22 (104Y) XL FR SPORTCONTACT 7-2024 C-A-73db,LASTIK TUKETICI,CONTINENTAL,YAZ,PSR 4X4-UHP-RFT,PSR UHP,1.0,0.0,10000.0,10611.15,0.0,0.0
IZMIT SUBE DEPO,CNT-313871,215/40R17 87V XL ECOCONTACT 6-2023 A-B-72db,LASTIK TUKETICI,CONTINENTAL,YAZ,PSR 4X4-UHP-RFT,PSR UHP,4.0,0.0,40000.0,4984.65,0.0,0.0
COMPETUS DEPO,CNT-313871,215/40R17 87V XL ECOCONTACT 6-2023 A-B-72db,LASTIK TUKETICI,CONTINENTAL,YAZ,PSR 4X4-UHP-RFT,PSR UHP,4.0,0.0,40000.0,4984.65,0.0,0.0
SANAYI SUBE DEPO,CNT-314096-26,205/50R17 93Y XL FR ULTRACONTACT B-A-69db,LASTIK TUKETICI,CONTINENTAL,YAZ,PSR 4X4-UHP-RFT,PSR UHP,1.0,0.0,10000.0,8827.0,0.0,0.0
IZMIT SUBE DEPO,CNT-314096-26,205/50R17 93Y XL FR ULTRACONTACT B-A-69db,LASTIK TUKETICI,CONTINENTAL,YAZ,PSR 4X4-UHP-RFT,PSR UHP,1.0,0.0,10000.0,8827.0,0.0,0.0
MERKEZ DEPO,CNT-314096-26,205/50R17 93Y XL FR ULTRACONTACT B-A-69db,LASTIK TUKETICI,CONTINENTAL,YAZ,PSR 4X4-UHP-RFT,PSR UHP,4.0,0.0,40000.0,8827.0,0.0,0.0
MERKEZ DEPO,CNT-314115-26,205/55R19 97V XL FR ULTRACONTACT B-A-69db,LASTIK TUKETICI,CONTINENTAL,YAZ,PSR 4X4-UHP-RFT,PSR UHP,3.0,0.0,30000.0,9971.0,0.0,0.0
COMPETUS DEPO,CNT-314122,245/50R18 100Y FR PREMIUM CONTACT 7-2024 B-A-71db,LASTIK TUKETICI,CONTINENTAL,YAZ,PSR 4X4-UHP-RFT,PSR UHP,12.0,0.0,120000.0,7375.5,0.0,0.0
IZMIT SUBE DEPO,CNT-314122,245/50R18 100Y FR PREMIUM CONTACT 7-2024 B-A-71db,LASTIK TUKETICI,CONTINENTAL,YAZ,PSR 4X4-UHP-RFT,PSR UHP,4.0,0.0,40000.0,7375.5,0.0,0.0
COMPETUS DEPO,CNT-314196,255/45R18 103Y XL FR PREMIUM CONTACT 7-2024 C-A-72db,LASTIK TUKETICI,CONTINENTAL,YAZ,PSR 4X4-UHP-RFT,PSR UHP,36.0,0.0,360000.0,7274.85,0.0,0.0
MERKEZ DEPO,CNT-314199-25,255/50R19 107Y XL FR PREMIUMCONTACT 7 B-A-72db,LASTIK TUKETICI,CONTINENTAL,YAZ,PSR 4X4-UHP-RFT,PSR UHP,4.0,0.0,40000.0,13121.0,0.0,0.0
MERKEZ DEPO,CNT-314209-26,275/45R20 110Y XL FR PREMIUMCONTACT 7 B-A-72db,LASTIK TUKETICI,CONTINENTAL,YAZ,PSR 4X4-UHP-RFT,PSR UHP,4.0,0.0,40000.0,16831.0,0.0,0.0
MERKEZ DEPO,CNT-314304-26,215/55R17 94V ECOCONTACT 6Q A-B-68db,LASTIK TUKETICI,CONTINENTAL,YAZ,PSR 4X4-UHP-RFT,PSR UHP,16.0,0.0,160000.0,9543.0,0.0,0.0
MERKEZ DEPO,CNT-314331-26,255/45R19 104Y XL FR ULTRACONTACT NXT CRM A-A-70db,LASTIK TUKETICI,CONTINENTAL,YAZ,PSR 4X4-UHP-RFT,PSR UHP,8.0,0.0,80000.0,15875.0,0.0,0.0
SANAYI SUBE DEPO,CNT-314452-25,255/35R19 99W XL FR ECOCONTACT7 MO A-B-70db,LASTIK TUKETICI,CONTINENTAL,YAZ,PSR 4X4-UHP-RFT,PSR UHP,6.0,0.0,60000.0,12971.0,0.0,0.0
IZMIT SUBE DEPO,CNT-314452-25,255/35R19 99W XL FR ECOCONTACT7 MO A-B-70db,LASTIK TUKETICI,CONTINENTAL,YAZ,PSR 4X4-UHP-RFT,PSR UHP,4.0,0.0,40000.0,12971.0,0.0,0.0
COMPETUS DEPO,CNT-314576-25,235/55R18 100V ECOCONTACT 6 VOL A-B-71db,LASTIK TUKETICI,CONTINENTAL,YAZ,PSR 4X4-UHP-RFT,PSR UHP,1.0,0.0,10000.0,10010.0,0.0,0.0
MERKEZ DEPO,CNT-314576-25,235/55R18 100V ECOCONTACT 6 VOL A-B-71db,LASTIK TUKETICI,CONTINENTAL,YAZ,PSR 4X4-UHP-RFT,PSR UHP,3.0,0.0,30000.0,10010.0,0.0,0.0
MERKEZ DEPO,CNT-314645-25,205/60R16 96H XL ECOCONTACT 6 A-B-72db,LASTIK TUKETICI,CONTINENTAL,YAZ,PSR STANDART,PSR 16,8.0,0.0,80000.0,9505.0,0.0,0.0
MERKEZ DEPO,CNT-314660-26,245/40R20 99Y XL FR SPORTCONTACT 5P MO D-A-72db,LASTIK TUKETICI,CONTINENTAL,YAZ,PSR 4X4-UHP-RFT,PSR 4X4,8.0,0.0,80000.0,16201.0,0.0,0.0
COMPETUS DEPO,CNT-314689-25,185/65R15 88H ECOCONTACT 6 A-B-70db,LASTIK TUKETICI,CONTINENTAL,YAZ,PSR STANDART,PSR 15,238.0,0.0,2380000.0,5824.0,0.0,0.0
MERKEZ DEPO,CNT-314731-26,225/45R18 95V XL FR PREMIUM CONTACT 6 B-B-71db,LASTIK TUKETICI,CONTINENTAL,YAZ,PSR 4X4-UHP-RFT,PSR UHP,3.0,0.0,30000.0,10509.0,0.0,0.0
MERKEZ DEPO,CNT-314733-26,255/45R19 104V XL ECOCONTACT 6 VOL A-B-73db,LASTIK TUKETICI,CONTINENTAL,YAZ,PSR 4X4-UHP-RFT,PSR UHP,1.0,0.0,10000.0,14881.0,0.0,0.0
IZMIT SUBE DEPO,CNT-314733-26,255/45R19 104V XL ECOCONTACT 6 VOL A-B-73db,LASTIK TUKETICI,CONTINENTAL,YAZ,PSR 4X4-UHP-RFT,PSR UHP,4.0,0.0,40000.0,14881.0,0.0,0.0
COMPETUS DEPO,CNT-314733-26,255/45R19 104V XL ECOCONTACT 6 VOL A-B-73db,LASTIK TUKETICI,CONTINENTAL,YAZ,PSR 4X4-UHP-RFT,PSR UHP,4.0,0.0,40000.0,14881.0,0.0,0.0
MERKEZ DEPO,CNT-314759-26,275/40R21 107V XL PREMIUM CONTACT 6 VOL B-A-73db,LASTIK TUKETICI,CONTINENTAL,YAZ,PSR 4X4-UHP-RFT,PSR UHP,1.0,0.0,10000.0,19306.0,0.0,0.0
COMPETUS DEPO,CNT-314759-26,275/40R21 107V XL PREMIUM CONTACT 6 VOL B-A-73db,LASTIK TUKETICI,CONTINENTAL,YAZ,PSR 4X4-UHP-RFT,PSR UHP,3.0,0.0,30000.0,19306.0,0.0,0.0
MERKEZ DEPO,CNT-314891-25,205/60R16 92H FR ECOCONTACT 7 S A-B-71db,LASTIK TUKETICI,CONTINENTAL,YAZ,PSR STANDART,PSR 16,10.0,0.0,100000.0,8358.0,0.0,0.0
MERKEZ DEPO,CNT-314952-25,245/40R20 99Y XL FR PREMIUMCONTACT6 SSR C-A-72db,LASTIK TUKETICI,CONTINENTAL,YAZ,PSR 4X4-UHP-RFT,PSR RFT,8.0,0.0,80000.0,17758.0,0.0,0.0
MERKEZ DEPO,CNT-314953-25,275/35ZR20 (102Y) XL PREMIUMCONTACT 6 FR SSR C-A-73db,LASTIK TUKETICI,CONTINENTAL,YAZ,PSR 4X4-UHP-RFT,PSR RFT,4.0,0.0,40000.0,19609.0,0.0,0.0
MERKEZ DEPO,CNT-314953-26,275/35ZR20 (102Y) XL PREMIUMCONTACT 6 FR SSR C-A-73db,LASTIK TUKETICI,CONTINENTAL,YAZ,PSR 4X4-UHP-RFT,PSR RFT,4.0,0.0,40000.0,19609.0,0.0,0.0
MERKEZ DEPO,CNT-314971-26,185/55R16 87H XL ECOCONTACT 6 B-B-71db,LASTIK TUKETICI,CONTINENTAL,YAZ,PSR STANDART,PSR 16,12.0,0.0,120000.0,9747.0,0.0,0.0
IZMIT SUBE DEPO,CNT-314991-25,205/55R16 91V ECOCONTACT 6 A-B-71db,LASTIK TUKETICI,CONTINENTAL,YAZ,PSR STANDART,PSR 16,5.0,0.0,50000.0,6320.0,0.0,0.0
MERKEZ DEPO,CNT-314991-25,205/55R16 91V ECOCONTACT 6 A-B-71db,LASTIK TUKETICI,CONTINENTAL,YAZ,PSR STANDART,PSR 16,56.0,0.0,560000.0,6320.0,0.0,0.0
SANAYI SUBE DEPO,CNT-314991-25,205/55R16 91V ECOCONTACT 6 A-B-71db,LASTIK TUKETICI,CONTINENTAL,YAZ,PSR STANDART,PSR 16,4.0,0.0,40000.0,6320.0,0.0,0.0
SANAYI SUBE DEPO,CNT-314991-26,205/55R16 91V ECOCONTACT 6 A-B-71db,LASTIK TUKETICI,CONTINENTAL,YAZ,PSR STANDART,PSR 16,16.0,0.0,160000.0,6320.0,0.0,0.0
MERKEZ DEPO,CNT-315355-25,225/45R19 96W XL ECOCONTACT 6 SSR * B-B-72db,LASTIK TUKETICI,CONTINENTAL,YAZ,PSR 4X4-UHP-RFT,PSR RFT,4.0,0.0,40000.0,15889.0,0.0,0.0
COMPETUS DEPO,CNT-315357-26,225/55R17 97W PREMIUMCONTACT 6 SSR * B-B-71db,LASTIK TUKETICI,CONTINENTAL,YAZ,PSR 4X4-UHP-RFT,PSR RFT,4.0,0.0,40000.0,11349.0,0.0,0.0
COMPETUS DEPO,CNT-315358-26,245/50R19 105W XL ECOCONTACT 6 * A-B-72db,LASTIK TUKETICI,CONTINENTAL,YAZ,PSR 4X4-UHP-RFT,PSR UHP,2.0,0.0,20000.0,15069.0,0.0,0.0
MERKEZ DEPO,CNT-315369-25,245/45R20 103V XL FR PREMIUMCONTACT 6 FR A-B-72db,LASTIK TUKETICI,CONTINENTAL,YAZ,PSR 4X4-UHP-RFT,PSR UHP,6.0,0.0,60000.0,16325.0,0.0,0.0
COMPETUS DEPO,CNT-315492-26,225/40R18 92Y XL FR ECOCONTACT 6 * A-B-72db,LASTIK TUKETICI,CONTINENTAL,4 MEVSIM,PSR 4X4-UHP-RFT,PSR UHP,12.0,0.0,120000.0,7233.0,0.0,0.0
MERKEZ DEPO,CNT-315574-26,195/55R16 91H XL CONTIECOCONTACT 5 B-B-72db,LASTIK TUKETICI,CONTINENTAL,YAZ,PSR STANDART,PSR 16,16.0,0.0,160000.0,9220.0,0.0,0.0
MERKEZ DEPO,CNT-315594-26,275/45R20 110V XL ECOCONTACT6 VOL A-A-73db,LASTIK TUKETICI,CONTINENTAL,YAZ,PSR 4X4-UHP-RFT,PSR UHP,4.0,0.0,40000.0,16607.0,0.0,0.0
CORLU DEPO,CNT-315744-26,295/40R22 112Y XL FR CONTISPORTCONTACT 5 SUV B-B-75db,LASTIK TUKETICI,CONTINENTAL,4 MEVSIM,PSR 4X4-UHP-RFT,PSR 4X4,1.0,0.0,10000.0,23992.0,0.0,0.0
MERKEZ DEPO,CNT-315798-26,245/35R20 95W XL FR ECOCONTACT 6 A-B-72db,LASTIK TUKETICI,CONTINENTAL,YAZ,PSR 4X4-UHP-RFT,PSR UHP,4.0,0.0,40000.0,14912.0,0.0,0.0
MERKEZ DEPO,CNT-316025-26,225/45R17 91W FR SPORTCONTACT 5 SSR MOE D-B-71db,LASTIK TUKETICI,CONTINENTAL,YAZ,PSR 4X4-UHP-RFT,PSR RFT,6.0,0.0,60000.0,8138.0,0.0,0.0
MERKEZ DEPO,CNT-316504-25,225/55R18 102Y XL ECOCONTACT 6 A-B-72db,LASTIK TUKETICI,CONTINENTAL,YAZ,PSR 4X4-UHP-RFT,PSR UHP,56.0,0.0,560000.0,11077.0,0.0,0.0
IZMIT SUBE DEPO,CNT-316504-25,225/55R18 102Y XL ECOCONTACT 6 A-B-72db,LASTIK TUKETICI,CONTINENTAL,YAZ,PSR 4X4-UHP-RFT,PSR UHP,4.0,0.0,40000.0,11077.0,0.0,0.0
IZMIT SUBE DEPO,CNT-320123-26,185/65R15 88T ALLSEASONCONTACT 2 B-B-71db,LASTIK TUKETICI,CONTINENTAL,4 MEVSIM,PSR STANDART,PSR 15,6.0,0.0,60000.0,5277.0,0.0,0.0
COMPETUS DEPO,CNT-320123-26,185/65R15 88T ALLSEASONCONTACT 2 B-B-71db,LASTIK TUKETICI,CONTINENTAL,4 MEVSIM,PSR STANDART,PSR 15,6.0,0.0,60000.0,5277.0,0.0,0.0
SANAYI SUBE DEPO,CNT-320123-26,185/65R15 88T ALLSEASONCONTACT 2 B-B-71db,LASTIK TUKETICI,CONTINENTAL,4 MEVSIM,PSR STANDART,PSR 15,4.0,0.0,40000.0,5277.0,0.0,0.0
COMPETUS DEPO,CNT-320131-25,195/65R15 91H ALLSEASONCONTACT 2 C-B-70db,LASTIK TUKETICI,CONTINENTAL,4 MEVSIM,PSR STANDART,PSR 15,12.0,0.0,120000.0,5189.0,0.0,0.0
IZMIT SUBE DEPO,CNT-320131-26,195/65R15 91H ALLSEASONCONTACT 2 C-B-70db,LASTIK TUKETICI,CONTINENTAL,4 MEVSIM,PSR STANDART,PSR 15,4.0,0.0,40000.0,5189.0,0.0,0.0
SANAYI SUBE DEPO,CNT-320136-26,185/60R15 88H XL ALLSEASONCONTACT 2 B-B-71db,LASTIK TUKETICI,CONTINENTAL,4 MEVSIM,PSR STANDART,PSR 15,1.0,0.0,10000.0,6510.0,0.0,0.0
COMPETUS DEPO,CNT-320150,245/45R17 99Y XL FR ALLSEASONCONTACT 2 B-B-71db,LASTIK TUKETICI,CONTINENTAL,4 MEVSIM,PSR 4X4-UHP-RFT,PSR UHP,2.0,0.0,20000.0,6208.95,0.0,0.0
COMPETUS DEPO,CNT-320163-25,235/45R19 99W XL FR ALLSEASONCONTACT 2 B-B-71db,LASTIK TUKETICI,CONTINENTAL,4 MEVSIM,PSR 4X4-UHP-RFT,PSR UHP,4.0,0.0,40000.0,14403.0,0.0,0.0
SANAYI SUBE DEPO,CNT-320271-26,235/60R17 102V ALLSEASONCONTACT 2 B-B-70db,LASTIK TUKETICI,CONTINENTAL,4 MEVSIM,PSR 4X4-UHP-RFT,PSR UHP,3.0,0.0,30000.0,10628.0,0.0,0.0
MERKEZ DEPO,CNT-320328-25,275/35R21 103Y XL FR ALLSEASONCONTACT 2 C-B-73db,LASTIK TUKETICI,CONTINENTAL,4 MEVSIM,PSR 4X4-UHP-RFT,PSR UHP,2.0,0.0,20000.0,18010.0,0.0,0.0
COMPETUS DEPO,CNT-350737-25,225/45R17 91W FR CONTISPORTCONTACT 5 MO C-B-71db,LASTIK TUKETICI,CONTINENTAL,YAZ,PSR 4X4-UHP-RFT,PSR UHP,36.0,0.0,360000.0,6727.0,0.0,0.0
COMPETUS DEPO,CNT-353129,255/40R18 99V XL FR CONTIWINTERCONTACT TS 830 P MO-2023 D-C-73db,LASTIK TUKETICI,CONTINENTAL,KIS,PSR 4X4-UHP-RFT,PSR UHP,2.0,0.0,20000.0,6789.2,0.0,0.0
COMPETUS DEPO,CNT-353162,225/50R16 92H CONTIWINTERCONTACT TS830P-2023 D-C-72db,LASTIK TUKETICI,CONTINENTAL,KIS,PSR STANDART,PSR 16,8.0,0.0,80000.0,7137.35,0.0,0.0
COMPETUS DEPO,CNT-353181,245/50R18 104V XL CONTIWINTERCONTACT TS830P MO-2023 D-C-72db,LASTIK TUKETICI,CONTINENTAL,KIS,PSR 4X4-UHP-RFT,PSR UHP,3.0,0.0,30000.0,7178.6,0.0,0.0
COMPETUS DEPO,CNT-353195,195/55R16 87H CONTIWINTERCONTACT TS830P SSR * E-D-72db,LASTIK TUKETICI,CONTINENTAL,KIS,PSR 4X4-UHP-RFT,PSR RFT,4.0,0.0,40000.0,3500.0,0.0,0.0
COMPETUS DEPO,CNT-353519,255/35R18 94V XL FR CONTIWINTERCONTACT TS830P MO-2023 D-C-72db,LASTIK TUKETICI,CONTINENTAL,KIS,PSR 4X4-UHP-RFT,PSR UHP,4.0,0.0,40000.0,7849.6,0.0,0.0
COMPETUS DEPO,CNT-353765,255/40R20 101V XL FR CONTIWINTERCONTACT TS830P MO-2023 D-D-73db,LASTIK TUKETICI,CONTINENTAL,KIS,PSR 4X4-UHP-RFT,PSR UHP,2.0,0.0,20000.0,10112.3,0.0,0.0
COMPETUS DEPO,CNT-353925,235/40R18 95V XL FR WINTERCONTACT TS 850 P-2021,LASTIK TUKETICI,CONTINENTAL,KIS,PSR 4X4-UHP-RFT,PSR UHP,1.0,0.0,10000.0,,0.0,0.0
COMPETUS DEPO,CNT-353990,175/60R15 81T WINTERCONTACT TS860-2023 D-B-71db,LASTIK TUKETICI,CONTINENTAL,KIS,PSR STANDART,PSR 15,2.0,0.0,20000.0,2925.45,0.0,0.0
COMPETUS DEPO,CNT-354179,235/50R18 97V CONTISPORTCONTACT 5 SUV SSR MOE-2024 C-B-71db,LASTIK TUKETICI,CONTINENTAL,YAZ,PSR 4X4-UHP-RFT,PSR RFT,39.0,0.0,390000.0,6538.95,0.0,0.0
IZMIT SUBE DEPO,CNT-354179,235/50R18 97V CONTISPORTCONTACT 5 SUV SSR MOE-2024 C-B-71db,LASTIK TUKETICI,CONTINENTAL,YAZ,PSR 4X4-UHP-RFT,PSR RFT,4.0,0.0,40000.0,6538.95,0.0,0.0
SANAYI SUBE DEPO,CNT-354179,235/50R18 97V CONTISPORTCONTACT 5 SUV SSR MOE-2024 C-B-71db,LASTIK TUKETICI,CONTINENTAL,YAZ,PSR 4X4-UHP-RFT,PSR RFT,8.0,0.0,80000.0,6538.95,0.0,0.0
IZMIT SUBE DEPO,CNT-354228,295/35R21 103Y FR CONTISPORTCONTACT 5P SUV N0-2023 C-A-74db,LASTIK TUKETICI,CONTINENTAL,YAZ,PSR 4X4-UHP-RFT,PSR UHP,1.0,0.0,10000.0,8523.35,0.0,0.0
COMPETUS DEPO,CNT-354235,255/55R18 105V CONTIWINTERCONTACT TS830P SUV N0-2023 E-C-72db,LASTIK TUKETICI,CONTINENTAL,KIS,PSR 4X4-UHP-RFT,PSR 4X4,2.0,0.0,20000.0,5890.5,0.0,0.0
CORLU DEPO,CNT-354272,285/45R20 112Y XL CONTISPORTCONTACT 5 FR SUV AO-2022 C-A-75db,LASTIK TUKETICI,CONTINENTAL,YAZ,PSR 4X4-UHP-RFT,PSR UHP,4.0,0.0,40000.0,5790.0,0.0,0.0
COMPETUS DEPO,CNT-354412,265/70R16 112T CONTICROSSCONTACT WINTER-2023 D-C-73db,LASTIK TUKETICI,CONTINENTAL,KIS,PSR 4X4-UHP-RFT,PSR 4X4,3.0,0.0,30000.0,5232.24,0.0,0.0
COMPETUS DEPO,CNT-354472,225/70R16 103H FR WINTERCONTACT TS850P SUV-2022 D-C-72db,LASTIK TUKETICI,CONTINENTAL,KIS,PSR 4X4-UHP-RFT,PSR 4X4,4.0,0.0,40000.0,5870.7,0.0,0.0
COMPETUS DEPO,CNT-354811,205/70R15 96H FR CROSSCONTACT ATR-2023 D-C-71db,LASTIK TUKETICI,CONTINENTAL,4 MEVSIM,PSR 4X4-UHP-RFT,PSR 4X4,2.0,0.0,20000.0,4625.5,0.0,0.0
COMPETUS DEPO,CNT-354814,215/65R16 98H FR CROSSCONTACT ATR-2023 D-C-71db,LASTIK TUKETICI,CONTINENTAL,4 MEVSIM,PSR 4X4-UHP-RFT,PSR 4X4,1.0,0.0,10000.0,5701.85,0.0,0.0
IZMIT SUBE DEPO,CNT-354901,195/80R15 96H 4X4CONTACT-2023 D-C-71db,LASTIK TUKETICI,CONTINENTAL,4 MEVSIM,PSR 4X4-UHP-RFT,PSR 4X4,4.0,0.0,40000.0,4272.4,0.0,0.0
COMPETUS DEPO,CNT-354920,245/70R16 111T XL CROSSCONTACT LX SPORT-2023 C-C-72db,LASTIK TUKETICI,CONTINENTAL,4 MEVSIM,PSR 4X4-UHP-RFT,PSR 4X4,1.0,0.0,10000.0,5629.25,0.0,0.0
IZMIT SUBE DEPO,CNT-354928-25,235/55R17 99V FR CROSSCONTACT LX SPORT C-C-71db,LASTIK TUKETICI,CONTINENTAL,4 MEVSIM,PSR 4X4-UHP-RFT,PSR 4X4,4.0,0.0,40000.0,10094.0,0.0,0.0
COMPETUS DEPO,CNT-354944,225/65R17 102T CONTICROSSCONTACT LX B-C-71db,LASTIK TUKETICI,CONTINENTAL,4 MEVSIM,PSR 4X4-UHP-RFT,PSR 4X4,1.0,0.0,10000.0,4830.1,0.0,0.0
COMPETUS DEPO,CNT-354952,285/45R21 113V XL WINTERCONTACT TS850P AO-2022 C-B-75db,LASTIK TUKETICI,CONTINENTAL,KIS,PSR 4X4-UHP-RFT,PSR 4X4,2.0,0.0,20000.0,6300.0,0.0,0.0
COMPETUS DEPO,CNT-355015,205/45R17 88V XL FR CONTIWINTERCONTACT TS830P SSR-2021/2023 D-C-72db,LASTIK TUKETICI,CONTINENTAL,KIS,PSR 4X4-UHP-RFT,PSR RFT,4.0,0.0,40000.0,6041.75,0.0,0.0
COMPETUS DEPO,CNT-355016,225/50R17 98V XL FR CONTIWINTERCONTACT TS830P SSR-2023 D-C-72db,LASTIK TUKETICI,CONTINENTAL,KIS,PSR 4X4-UHP-RFT,PSR RFT,2.0,0.0,20000.0,6339.3,0.0,0.0
IZMIT SUBE DEPO,CNT-355048-26,195/55R16 87H ALLSEASONCONTACT 2 B-B-71db,LASTIK TUKETICI,CONTINENTAL,4 MEVSIM,PSR STANDART,PSR 16,4.0,0.0,40000.0,7842.0,0.0,0.0
MERKEZ DEPO,CNT-355048-26,195/55R16 87H ALLSEASONCONTACT 2 B-B-71db,LASTIK TUKETICI,CONTINENTAL,4 MEVSIM,PSR STANDART,PSR 16,26.0,0.0,260000.0,7842.0,0.0,0.0
COMPETUS DEPO,CNT-355056,225/45R17 91H WINTERCONTACT TS860S SSR *-2023 C-C-72db,LASTIK TUKETICI,CONTINENTAL,KIS,PSR 4X4-UHP-RFT,PSR RFT,8.0,0.0,80000.0,5232.7,0.0,0.0
COMPETUS DEPO,CNT-355071,245/40R18 97V XL FR ALLSEASONCONTACT-2023 B-B-72db,LASTIK TUKETICI,CONTINENTAL,4 MEVSIM,PSR 4X4-UHP-RFT,PSR UHP,1.0,0.0,10000.0,5255.25,0.0,0.0
COMPETUS DEPO,CNT-355074,215/55R17 98V XL ALLSEASONCONTACT-2023 B-B-72db,LASTIK TUKETICI,CONTINENTAL,4 MEVSIM,PSR 4X4-UHP-RFT,PSR UHP,1.0,0.0,10000.0,3840.0,0.0,0.0
IZMIT SUBE DEPO,CNT-355077,225/55R17 101V XL ALLSEASONCONTACT-2023,LASTIK TUKETICI,CONTINENTAL,4 MEVSIM,PSR 4X4-UHP-RFT,PSR UHP,1.0,0.0,10000.0,5432.9,0.0,0.0
COMPETUS DEPO,CNT-355099,185/60R14 86H XL ALLSEASONCONTACT-2023 B-B-71db,LASTIK TUKETICI,CONTINENTAL,4 MEVSIM,PSR STANDART,PSR 13-14,1.0,0.0,10000.0,2892.45,0.0,0.0
COMPETUS DEPO,CNT-355099-25,185/60R14 86H XL ALLSEASONCONTACT B-B-71db,LASTIK TUKETICI,CONTINENTAL,4 MEVSIM,PSR STANDART,PSR 13-14,4.0,0.0,40000.0,5642.0,0.0,0.0
MERKEZ DEPO,CNT-355100-26,175/65R14 86H XL ALLSEASONCONTACT C-B-71db,LASTIK TUKETICI,CONTINENTAL,4 MEVSIM,PSR STANDART,PSR 13-14,4.0,0.0,40000.0,5009.0,0.0,0.0
COMPETUS DEPO,CNT-355150,255/45R20 105V XL WINTERCONTACT TS860S SSR-2024 C-C-73db,LASTIK TUKETICI,CONTINENTAL,KIS,PSR 4X4-UHP-RFT,PSR RFT,4.0,0.0,40000.0,13259.95,0.0,0.0
COMPETUS DEPO,CNT-355155,225/60R18 104H XL WINTERCONTACT TS860S SSR-2023 D-C-72db,LASTIK TUKETICI,CONTINENTAL,KIS,PSR 4X4-UHP-RFT,PSR RFT,4.0,0.0,40000.0,7598.25,0.0,0.0
COMPETUS DEPO,CNT-355186,255/55R18 109H XL WINTERCONTACT TS860S SSR-2023 C-C-73db,LASTIK TUKETICI,CONTINENTAL,KIS,PSR 4X4-UHP-RFT,PSR RFT,7.0,0.0,70000.0,6810.65,0.0,0.0
COMPETUS DEPO,CNT-355192,255/65R19 114V XL WINTERCONTACT TS850P SUV-2022 C-C-73db,LASTIK TUKETICI,CONTINENTAL,KIS,PSR 4X4-UHP-RFT,PSR UHP,8.0,0.0,80000.0,5400.0,0.0,0.0
COMPETUS DEPO,CNT-355206,225/40R19 93V XL FR WINTERCONTACT TS860S-2023 C-C-72db,LASTIK TUKETICI,CONTINENTAL,KIS,PSR 4X4-UHP-RFT,PSR UHP,1.0,0.0,10000.0,7812.2,0.0,0.0
COMPETUS DEPO,CNT-355226,245/40R19 98V XL FR WINTERCONTACT TS860S SSR-2023 C-C-72db,LASTIK TUKETICI,CONTINENTAL,KIS,PSR 4X4-UHP-RFT,PSR RFT,31.0,0.0,310000.0,10779.45,0.0,0.0
IZMIT SUBE DEPO,CNT-355240-25,205/55R16 91H ALLSEASONCONTACT 2 C-B-70db,LASTIK TUKETICI,CONTINENTAL,4 MEVSIM,PSR STANDART,PSR 16,4.0,0.0,40000.0,6316.0,0.0,0.0
MERKEZ DEPO,CNT-355254-25,205/55R16 94V XL ALLSEASONCONTACT 2 B-B-71db,LASTIK TUKETICI,CONTINENTAL,4 MEVSIM,PSR STANDART,PSR 16,4.0,0.0,40000.0,6568.0,0.0,0.0
COMPETUS DEPO,CNT-355279,295/30R22 103W XL WINTERCONTACT TS860S MGT-2023 C-B-75db,LASTIK TUKETICI,CONTINENTAL,KIS,PSR 4X4-UHP-RFT,PSR UHP,4.0,0.0,40000.0,14240.05,0.0,0.0
IZMIT SUBE DEPO,CNT-355299,215/55R17 98W XL ALLSEASONCONTACT 2 B-B-72db,LASTIK TUKETICI,CONTINENTAL,4 MEVSIM,PSR 4X4-UHP-RFT,PSR UHP,2.0,0.0,20000.0,7418.0,0.0,0.0
MERKEZ DEPO,CNT-355302-26,215/55R17 94V ALLSEASONCONTACT 2 B-B-70db,LASTIK TUKETICI,CONTINENTAL,4 MEVSIM,PSR 4X4-UHP-RFT,PSR UHP,8.0,0.0,80000.0,10216.0,0.0,0.0
IZMIT SUBE DEPO,CNT-355314-25,215/60R16 99V XL ALLSEASONCONTACT 2 B-B-72db,LASTIK TUKETICI,CONTINENTAL,4 MEVSIM,PSR STANDART,PSR 16,4.0,0.0,40000.0,10490.0,0.0,0.0
COMPETUS DEPO,CNT-355319,265/35R18 97V XL FR WINTERCONTACT TS850P-2023 C-C-73db,LASTIK TUKETICI,CONTINENTAL,KIS,PSR 4X4-UHP-RFT,PSR UHP,4.0,0.0,40000.0,8396.85,0.0,0.0
COMPETUS DEPO,CNT-355324-26,215/60R17 96H ALLSEASONCONTACT 2 B-B-70db,LASTIK TUKETICI,CONTINENTAL,4 MEVSIM,PSR 4X4-UHP-RFT,PSR UHP,4.0,0.0,40000.0,9249.0,0.0,0.0
MERKEZ DEPO,CNT-355337-26,215/65R16 102V XL ALLSEASONCONTACT 2 B-B-71db,LASTIK TUKETICI,CONTINENTAL,4 MEVSIM,PSR STANDART,PSR 16,88.0,0.0,880000.0,8595.0,0.0,0.0
IZMIT SUBE DEPO,CNT-355337-26,215/65R16 102V XL ALLSEASONCONTACT 2 B-B-71db,LASTIK TUKETICI,CONTINENTAL,4 MEVSIM,PSR STANDART,PSR 16,4.0,0.0,40000.0,8595.0,0.0,0.0
MERKEZ DEPO,CNT-355345-25,215/65R16 98H ALLSEASONCONTACT 2 B-B-70db,LASTIK TUKETICI,CONTINENTAL,4 MEVSIM,PSR STANDART,PSR 16,7.0,0.0,70000.0,8481.0,0.0,0.0
MERKEZ DEPO,CNT-355345-26,215/65R16 98H ALLSEASONCONTACT 2 B-B-70db,LASTIK TUKETICI,CONTINENTAL,4 MEVSIM,PSR STANDART,PSR 16,4.0,0.0,40000.0,8481.0,0.0,0.0
COMPETUS DEPO,CNT-355350,195/60R16 89H ALLSEASONCONTACT-2023 C-B-72db,LASTIK TUKETICI,CONTINENTAL,4 MEVSIM,PSR STANDART,PSR 16,3.0,0.0,30000.0,2490.0,0.0,0.0
COMPETUS DEPO,CNT-355355,195/50R16 88V XL FR ALLSEASONCONTACT-2023 C-B-72db,LASTIK TUKETICI,CONTINENTAL,4 MEVSIM,PSR STANDART,PSR 16,4.0,0.0,40000.0,5401.0,0.0,0.0
MERKEZ DEPO,CNT-355368-25,225/45R17 94V XL FR ALLSEASONCONTACT 2 C-B-72db,LASTIK TUKETICI,CONTINENTAL,4 MEVSIM,PSR 4X4-UHP-RFT,PSR UHP,4.0,0.0,40000.0,7252.0,0.0,0.0
COMPETUS DEPO,CNT-355368-26,225/45R17 94V XL FR ALLSEASONCONTACT 2 C-B-72db,LASTIK TUKETICI,CONTINENTAL,4 MEVSIM,PSR 4X4-UHP-RFT,PSR UHP,12.0,0.0,120000.0,7252.0,0.0,0.0
COMPETUS DEPO,CNT-355379,245/35R20 95V XL FR WINTERCONTACT TS 860 S NA0-2022 D-C-72db,LASTIK TUKETICI,CONTINENTAL,KIS,PSR 4X4-UHP-RFT,PSR UHP,3.0,0.0,30000.0,11623.15,0.0,0.0
COMPETUS DEPO,CNT-355396,225/45R18 95Y XL FR WINTERCONTACT TS860S-2023 C-C-72db,LASTIK TUKETICI,CONTINENTAL,KIS,PSR 4X4-UHP-RFT,PSR UHP,1.0,0.0,10000.0,6439.4,0.0,0.0
COMPETUS DEPO,CNT-355397-25,225/55R17 101W XL ALLSEASONCONTACT 2 B-B-72db,LASTIK TUKETICI,CONTINENTAL,4 MEVSIM,PSR 4X4-UHP-RFT,PSR UHP,2.0,0.0,20000.0,10355.0,0.0,0.0
COMPETUS DEPO,CNT-355404,235/40R18 95Y XL FR ALLSEASONCONTACT 2-2023 C-B-71db,LASTIK TUKETICI,CONTINENTAL,4 MEVSIM,PSR 4X4-UHP-RFT,PSR UHP,4.0,0.0,40000.0,5064.95,0.0,0.0
COMPETUS DEPO,CNT-355405,225/45R19 96V XL WINTERCONTACT TS860S SSR *-2023 C-C-72db,LASTIK TUKETICI,CONTINENTAL,KIS,PSR 4X4-UHP-RFT,PSR RFT,8.0,0.0,80000.0,11357.5,0.0,0.0
IZMIT SUBE DEPO,CNT-355451,255/45R20 105W XL FR ALLSEASONCONTACT-2023 B-B-73db,LASTIK TUKETICI,CONTINENTAL,4 MEVSIM,PSR 4X4-UHP-RFT,PSR UHP,2.0,0.0,20000.0,9057.95,0.0,0.0
COMPETUS DEPO,CNT-355451,255/45R20 105W XL FR ALLSEASONCONTACT-2023 B-B-73db,LASTIK TUKETICI,CONTINENTAL,4 MEVSIM,PSR 4X4-UHP-RFT,PSR UHP,1.0,0.0,10000.0,9057.95,0.0,0.0
COMPETUS DEPO,CNT-355469,225/45R17 94V XL FR WINTERCONTACT TS870-2023 C-B-70db,LASTIK TUKETICI,CONTINENTAL,KIS,PSR 4X4-UHP-RFT,PSR UHP,1.0,0.0,10000.0,4768.5,0.0,0.0
SANAYI SUBE DEPO,CNT-355469,225/45R17 94V XL FR WINTERCONTACT TS870-2023 C-B-70db,LASTIK TUKETICI,CONTINENTAL,KIS,PSR 4X4-UHP-RFT,PSR UHP,4.0,0.0,40000.0,4768.5,0.0,0.0
COMPETUS DEPO,CNT-355486,245/45R17 99Y XL FR ALLSEASONCONTACT-2023 B-B-72db,LASTIK TUKETICI,CONTINENTAL,4 MEVSIM,PSR 4X4-UHP-RFT,PSR UHP,1.0,0.0,10000.0,6208.95,0.0,0.0
COMPETUS DEPO,CNT-355493,255/45R18 103W XL FR ALLSEASONCONTACT-2023,LASTIK TUKETICI,CONTINENTAL,4 MEVSIM,PSR 4X4-UHP-RFT,PSR UHP,11.0,0.0,110000.0,6578.0,0.0,0.0
COMPETUS DEPO,CNT-355496,255/40R18 99Y XL FR ALLSEASONCONTACT-2023 B-B-73db,LASTIK TUKETICI,CONTINENTAL,4 MEVSIM,PSR 4X4-UHP-RFT,PSR UHP,4.0,0.0,40000.0,6649.5,0.0,0.0
SANAYI SUBE DEPO,CNT-355511,235/45R19 99W XL FR ALLSEASONCONTACT-2023 B-B-72db,LASTIK TUKETICI,CONTINENTAL,4 MEVSIM,PSR 4X4-UHP-RFT,PSR UHP,2.0,0.0,20000.0,7644.45,0.0,0.0
COMPETUS DEPO,CNT-355521,245/45R20 103V XL WINTERCONTACT TS860S SSR-2023 C-C-72db,LASTIK TUKETICI,CONTINENTAL,KIS,PSR 4X4-UHP-RFT,PSR RFT,4.0,0.0,40000.0,11250.0,0.0,0.0
COMPETUS DEPO,CNT-355530,275/40R19 105V XL WINTERCONTACT TS860S SSR-2023 C-C-73db,LASTIK TUKETICI,CONTINENTAL,KIS,PSR 4X4-UHP-RFT,PSR RFT,4.0,0.0,40000.0,9700.0,0.0,0.0
SANAYI SUBE DEPO,CNT-355542,215/55R16 93H WINTERCONTACT TS870-2024 C-B-70db,LASTIK TUKETICI,CONTINENTAL,KIS,PSR STANDART,PSR 16,1.0,0.0,10000.0,4844.4,0.0,0.0
COMPETUS DEPO,CNT-355547,215/55R16 97H XL WINTERCONTACT TS870-2023 C-B-70db,LASTIK TUKETICI,CONTINENTAL,KIS,PSR STANDART,PSR 16,1.0,0.0,10000.0,4935.7,0.0,0.0
COMPETUS DEPO,CNT-355629,195/55R16 91H XL WINTERCONTACT TS870-2023 C-B-70db,LASTIK TUKETICI,CONTINENTAL,KIS,PSR STANDART,PSR 16,1.0,0.0,10000.0,4041.95,0.0,0.0
COMPETUS DEPO,CNT-355630,205/45R16 87H XL FR WINTERCONTACT TS870-2023 C-B-70db,LASTIK TUKETICI,CONTINENTAL,KIS,PSR STANDART,PSR 16,4.0,0.0,40000.0,4913.7,0.0,0.0
COMPETUS DEPO,CNT-355657-25,205/55R17 91H WINTERCONTACT TS870P C-B-71db,LASTIK TUKETICI,CONTINENTAL,KIS,PSR 4X4-UHP-RFT,PSR UHP,2.0,0.0,20000.0,10630.0,0.0,0.0
IZMIT SUBE DEPO,CNT-355676,225/55R18 102V XL FR WINTERCONTACT TS870P-2023 B-B-71db,LASTIK TUKETICI,CONTINENTAL,KIS,PSR 4X4-UHP-RFT,PSR UHP,1.0,0.0,10000.0,8250.0,0.0,0.0
COMPETUS DEPO,CNT-355680,235/35R19 91W XL FR WINTERCONTACT TS870P-2024 C-B-71db,LASTIK TUKETICI,CONTINENTAL,KIS,PSR 4X4-UHP-RFT,PSR UHP,2.0,0.0,20000.0,9035.95,0.0,0.0
COMPETUS DEPO,CNT-355727,245/45R20 103W XL FR ALLSEASONCONTACT-2023 B-B-72db,LASTIK TUKETICI,CONTINENTAL,4 MEVSIM,PSR 4X4-UHP-RFT,PSR UHP,3.0,0.0,30000.0,8966.1,0.0,0.0
SANAYI SUBE DEPO,CNT-355760,235/50R18 101V XL FR WINTERCONTACT TS870P-2023 B-B-71db,LASTIK TUKETICI,CONTINENTAL,KIS,PSR 4X4-UHP-RFT,PSR UHP,4.0,0.0,40000.0,7136.25,0.0,0.0
COMPETUS DEPO,CNT-355760,235/50R18 101V XL FR WINTERCONTACT TS870P-2023 B-B-71db,LASTIK TUKETICI,CONTINENTAL,KIS,PSR 4X4-UHP-RFT,PSR UHP,2.0,0.0,20000.0,7136.25,0.0,0.0
COMPETUS DEPO,CNT-355776,255/35R20 97W XL FR WINTERCONTACT TS 870 P-2023 C-B-71db,LASTIK TUKETICI,CONTINENTAL,KIS,PSR 4X4-UHP-RFT,PSR UHP,4.0,0.0,40000.0,10374.65,0.0,0.0
MERKEZ DEPO,CNT-355813-26,215/55R16 97V XL ALLSEASONCONTACT 2 B-B-71db,LASTIK TUKETICI,CONTINENTAL,4 MEVSIM,PSR STANDART,PSR 16,8.0,0.0,80000.0,10034.0,0.0,0.0
MERKEZ DEPO,CNT-355816-26,235/45R18 98Y XL FR ALLSEASONCONTACT 2 B-B-71db,LASTIK TUKETICI,CONTINENTAL,4 MEVSIM,PSR 4X4-UHP-RFT,PSR UHP,8.0,0.0,80000.0,10690.0,0.0,0.0
COMPETUS DEPO,CNT-355843,235/60R18 103V FR WINTERCONTACT TS 870 P CONTISEAL-2023 B-B-71db,LASTIK TUKETICI,CONTINENTAL,KIS,PSR 4X4-UHP-RFT,PSR UHP,1.0,0.0,10000.0,6719.35,0.0,0.0
COMPETUS DEPO,CNT-355844,235/65R18 110H XL FR WINTERCONTACT TS870P-2023 C-B-71db,LASTIK TUKETICI,CONTINENTAL,KIS,PSR 4X4-UHP-RFT,PSR UHP,6.0,0.0,60000.0,6756.75,0.0,0.0
COMPETUS DEPO,CNT-355851,265/40R20 104V XL FR WINTERCONTACT TS870P-2022 C-B-71db,LASTIK TUKETICI,CONTINENTAL,KIS,PSR 4X4-UHP-RFT,PSR UHP,4.0,0.0,40000.0,5700.0,0.0,0.0
COMPETUS DEPO,CNT-355855,275/40R20 106V XL FR WINTERCONTACT TS870P-2023 C-B-71db,LASTIK TUKETICI,CONTINENTAL,KIS,PSR 4X4-UHP-RFT,PSR UHP,4.0,0.0,40000.0,9842.25,0.0,0.0
COMPETUS DEPO,CNT-355858,285/40R20 108V XL FR WINTERCONTACT TS870P C-B-74db,LASTIK TUKETICI,CONTINENTAL,KIS,PSR 4X4-UHP-RFT,PSR UHP,1.0,0.0,10000.0,15935.0,0.0,0.0
COMPETUS DEPO,CNT-355941,225/55R16 95H CONTIWINTERCONTACT TS830P SSR *-2023 E-D-72db,LASTIK TUKETICI,CONTINENTAL,KIS,PSR 4X4-UHP-RFT,PSR RFT,12.0,0.0,120000.0,5389.45,0.0,0.0
MERKEZ DEPO,CNT-355944-26,215/65R17 99H ALLSEASONCONTACT A-B-72db,LASTIK TUKETICI,CONTINENTAL,4 MEVSIM,PSR 4X4-UHP-RFT,PSR UHP,34.0,0.0,340000.0,8693.0,0.0,0.0
COMPETUS DEPO,CNT-355972,255/40R20 101V XL FR WINTERCONTACT TS 870 P-2023 C-B-71db,LASTIK TUKETICI,CONTINENTAL,KIS,PSR 4X4-UHP-RFT,PSR UHP,2.0,0.0,20000.0,10112.3,0.0,0.0
MERKEZ DEPO,CNT-355999-26,185/65R15 92T XL ALLSEASONCONTACT 2 B-B-71db,LASTIK TUKETICI,CONTINENTAL,4 MEVSIM,PSR STANDART,PSR 15,84.0,0.0,840000.0,5311.0,0.0,0.0
SANAYI SUBE DEPO,CNT-356157,225/45R19 92W FR CONTISPORTCONTACT 5 SSR *-2022 D-B-71db,LASTIK TUKETICI,CONTINENTAL,YAZ,PSR 4X4-UHP-RFT,PSR RFT,4.0,0.0,40000.0,8406.75,0.0,0.0
COMPETUS DEPO,CNT-356157,225/45R19 92W FR CONTISPORTCONTACT 5 SSR *-2022 D-B-71db,LASTIK TUKETICI,CONTINENTAL,YAZ,PSR 4X4-UHP-RFT,PSR RFT,7.0,0.0,70000.0,8406.75,0.0,0.0
COMPETUS DEPO,CNT-356273-26,225/40R19 93Y XL CONTISPORTCONTACT 5 FR SSR MOE D-A-72db,LASTIK TUKETICI,CONTINENTAL,YAZ,PSR 4X4-UHP-RFT,PSR RFT,8.0,0.0,80000.0,15960.0,0.0,0.0
COMPETUS DEPO,CNT-356302,245/40R18 97Y XL CONTISPORTCONTACT 5 FR SSR MOE-2024 C-B-72db,LASTIK TUKETICI,CONTINENTAL,YAZ,PSR 4X4-UHP-RFT,PSR RFT,14.0,0.0,140000.0,6182.55,0.0,0.0
COMPETUS DEPO,CNT-356426,255/55R18 109W XL FR CROSSCONTACT UHP-2023 C-B-73db,LASTIK TUKETICI,CONTINENTAL,YAZ,PSR 4X4-UHP-RFT,PSR 4X4,2.0,0.0,20000.0,5896.55,0.0,0.0
COMPETUS DEPO,CNT-356483,285/40ZR22 (106Y) FR CONTISPORTCONTACT 5P MO-2024 D-A-74db,LASTIK TUKETICI,CONTINENTAL,YAZ,PSR 4X4-UHP-RFT,PSR UHP,1.0,0.0,10000.0,12832.05,0.0,0.0
MERKEZ DEPO,CNT-356745-25,245/40R19 98Y XL FR CONTISPORTCONTACT 5 *MO B-B-72db,LASTIK TUKETICI,CONTINENTAL,YAZ,PSR 4X4-UHP-RFT,PSR UHP,1.0,0.0,10000.0,12876.0,0.0,0.0
COMPETUS DEPO,CNT-356777,195/60R16 93H XL CONTIECOCONTACT 5-2022 B-B-71db,LASTIK TUKETICI,CONTINENTAL,YAZ,PSR STANDART,PSR 16,1.0,0.0,10000.0,2910.0,0.0,0.0
SANAYI SUBE DEPO,CNT-356898-25,215/60R16 95H CONTIPREMIUMCONTACT 5 C-A-71db,LASTIK TUKETICI,CONTINENTAL,YAZ,PSR STANDART,PSR 16,4.0,0.0,40000.0,10124.0,0.0,0.0
SANAYI SUBE DEPO,CNT-356901,255/50R19 103Y FR CONTISPORTCONTACT 5 N0-2022 C-A-72db,LASTIK TUKETICI,CONTINENTAL,YAZ,PSR 4X4-UHP-RFT,PSR UHP,4.0,0.0,40000.0,6733.65,0.0,0.0
MERKEZ DEPO,CNT-357097-25,245/45R17 95Y FR PREMIUMCONTACT 6 C-B-71db,LASTIK TUKETICI,CONTINENTAL,YAZ,PSR 4X4-UHP-RFT,PSR UHP,1.0,0.0,10000.0,11016.0,0.0,0.0
SANAYI SUBE DEPO,CNT-357143,235/40ZR20 96Y XL CONTISPORTCONTACT 5P MO-2022 D-A-72db,LASTIK TUKETICI,CONTINENTAL,YAZ,PSR 4X4-UHP-RFT,PSR UHP,2.0,0.0,20000.0,3860.0,0.0,0.0
COMPETUS DEPO,CNT-357143,235/40ZR20 96Y XL CONTISPORTCONTACT 5P MO-2022 D-A-72db,LASTIK TUKETICI,CONTINENTAL,YAZ,PSR 4X4-UHP-RFT,PSR UHP,6.0,0.0,60000.0,3860.0,0.0,0.0
MERKEZ DEPO,CNT-357252-26,245/45R18 96Y CONTISPORTCONTACT 3 E SSR * D-C-71db,LASTIK TUKETICI,CONTINENTAL,YAZ,PSR 4X4-UHP-RFT,PSR RFT,2.0,0.0,20000.0,13819.0,0.0,0.0
COMPETUS DEPO,CNT-357253,245/50R18 100Y CONTISPORTCONTACT 3 SSR *-2024 D-B-71db,LASTIK TUKETICI,CONTINENTAL,YAZ,PSR 4X4-UHP-RFT,PSR RFT,21.0,0.0,210000.0,7957.95,0.0,0.0
IZMIT SUBE DEPO,CNT-357253,245/50R18 100Y CONTISPORTCONTACT 3 SSR *-2024 D-B-71db,LASTIK TUKETICI,CONTINENTAL,YAZ,PSR 4X4-UHP-RFT,PSR RFT,4.0,0.0,40000.0,7957.95,0.0,0.0
COMPETUS DEPO,CNT-357276,285/35R23 107Y XL SPORTCONTACT 6 FR RO1 SIL-2024 C-A-75db,LASTIK TUKETICI,CONTINENTAL,YAZ,PSR 4X4-UHP-RFT,PSR UHP,4.0,0.0,40000.0,15803.7,0.0,0.0
SANAYI SUBE DEPO,CNT-357300-25,225/55R17 97W PREMIUMCONTACT 6 FR SSR * C-B-71db,LASTIK TUKETICI,CONTINENTAL,YAZ,PSR 4X4-UHP-RFT,PSR RFT,2.0,0.0,20000.0,11349.0,0.0,0.0
IZMIT SUBE DEPO,CNT-357305,225/45R19 92W PREMIUMCONTACT 6 FR SSR-2022 C-B-71db,LASTIK TUKETICI,CONTINENTAL,YAZ,PSR 4X4-UHP-RFT,PSR RFT,4.0,0.0,40000.0,4970.0,0.0,0.0
COMPETUS DEPO,CNT-357321,275/40R19 101W FR CONTISPORTCONTACT 3 SSR *-2024 D-B-72db,LASTIK TUKETICI,CONTINENTAL,YAZ,PSR 4X4-UHP-RFT,PSR RFT,6.0,0.0,60000.0,9496.85,0.0,0.0
SANAYI SUBE DEPO,CNT-357321,275/40R19 101W FR CONTISPORTCONTACT 3 SSR *-2024 D-B-72db,LASTIK TUKETICI,CONTINENTAL,YAZ,PSR 4X4-UHP-RFT,PSR RFT,4.0,0.0,40000.0,9496.85,0.0,0.0
SANAYI SUBE DEPO,CNT-357490-25,215/45R17 87Y FR PREMIUMCONTACT 6 FR C-A-71db,LASTIK TUKETICI,CONTINENTAL,YAZ,PSR 4X4-UHP-RFT,PSR UHP,2.0,0.0,20000.0,8014.0,0.0,0.0
MERKEZ DEPO,CNT-357822-26,225/45R18 95Y XL FR CONTISPORTCONTACT 5 SSR * D-B-71db,LASTIK TUKETICI,CONTINENTAL,YAZ,PSR 4X4-UHP-RFT,PSR RFT,1.0,0.0,10000.0,12248.0,0.0,0.0
COMPETUS DEPO,CNT-357822-26,225/45R18 95Y XL FR CONTISPORTCONTACT 5 SSR * D-B-71db,LASTIK TUKETICI,CONTINENTAL,YAZ,PSR 4X4-UHP-RFT,PSR RFT,5.0,0.0,50000.0,12248.0,0.0,0.0
IZMIT SUBE DEPO,CNT-357847-25,245/35ZR20 (95Y) XL SPORTCONTACT 6 FR SSR D-A-72db,LASTIK TUKETICI,CONTINENTAL,YAZ,PSR 4X4-UHP-RFT,PSR RFT,3.0,0.0,30000.0,16706.0,0.0,0.0
COMPETUS DEPO,CNT-357847-25,245/35ZR20 (95Y) XL SPORTCONTACT 6 FR SSR D-A-72db,LASTIK TUKETICI,CONTINENTAL,YAZ,PSR 4X4-UHP-RFT,PSR RFT,4.0,0.0,40000.0,16706.0,0.0,0.0
COMPETUS DEPO,CNT-357850,255/35R18 90Y FR CONTISPORTCONTACT 5 SSR-2022/2024 D-A-72db,LASTIK TUKETICI,CONTINENTAL,YAZ,PSR 4X4-UHP-RFT,PSR RFT,8.0,0.0,80000.0,7085.1,0.0,0.0
SANAYI SUBE DEPO,CNT-357850,255/35R18 90Y FR CONTISPORTCONTACT 5 SSR-2022/2024 D-A-72db,LASTIK TUKETICI,CONTINENTAL,YAZ,PSR 4X4-UHP-RFT,PSR RFT,4.0,0.0,40000.0,7085.1,0.0,0.0
IZMIT SUBE DEPO,CNT-357850,255/35R18 90Y FR CONTISPORTCONTACT 5 SSR-2022/2024 D-A-72db,LASTIK TUKETICI,CONTINENTAL,YAZ,PSR 4X4-UHP-RFT,PSR RFT,2.0,0.0,20000.0,7085.1,0.0,0.0
COMPETUS DEPO,CNT-357929,245/35R19 93Y XL FR SPORTCONTACT 6 AO-2024 D-A-72db,LASTIK TUKETICI,CONTINENTAL,YAZ,PSR 4X4-UHP-RFT,PSR UHP,4.0,0.0,40000.0,7547.65,0.0,0.0
SANAYI SUBE DEPO,CNT-357929,245/35R19 93Y XL FR SPORTCONTACT 6 AO-2024 D-A-72db,LASTIK TUKETICI,CONTINENTAL,YAZ,PSR 4X4-UHP-RFT,PSR UHP,4.0,0.0,40000.0,7547.65,0.0,0.0
COMPETUS DEPO,CNT-357978,245/40R20 99Y XL FR PREMIUMCONTACT 6 FR SSR-2024 C-A-72db,LASTIK TUKETICI,CONTINENTAL,YAZ,PSR 4X4-UHP-RFT,PSR RFT,1.0,0.0,10000.0,9708.05,0.0,0.0
IZMIT SUBE DEPO,CNT-357978,245/40R20 99Y XL FR PREMIUMCONTACT 6 FR SSR-2024 C-A-72db,LASTIK TUKETICI,CONTINENTAL,YAZ,PSR 4X4-UHP-RFT,PSR RFT,1.0,0.0,10000.0,9708.05,0.0,0.0
MERKEZ DEPO,CNT-358062-26,235/50R19 99V PREMIUMCONTACT 6 FR VOL B-A-71db,LASTIK TUKETICI,CONTINENTAL,YAZ,PSR 4X4-UHP-RFT,PSR UHP,5.0,0.0,50000.0,11539.0,0.0,0.0
IZMIT SUBE DEPO,CNT-358109-25,245/40R19 98Y XL PREMIUMCONTACT 6 FR SSR * B-B-72db,LASTIK TUKETICI,CONTINENTAL,YAZ,PSR 4X4-UHP-RFT,PSR RFT,1.0,0.0,10000.0,14321.0,0.0,0.0
COMPETUS DEPO,CNT-358112,275/45R19 108Y XL FR PREMIUMCONTACT 6 FR NF0-2023 B-B-73db,LASTIK TUKETICI,CONTINENTAL,YAZ,PSR 4X4-UHP-RFT,PSR UHP,2.0,0.0,20000.0,3170.0,0.0,0.0
COMPETUS DEPO,CNT-358145,255/35R18 94Y XL FR PREMIUMCONTACT 6 FR-2022 C-A-73db,LASTIK TUKETICI,CONTINENTAL,YAZ,PSR 4X4-UHP-RFT,PSR UHP,2.0,0.0,20000.0,6281.55,0.0,0.0
MERKEZ DEPO,CNT-358145-25,255/35R18 94Y XL FR PREMIUMCONTACT 6 C-A-73db,LASTIK TUKETICI,CONTINENTAL,YAZ,PSR 4X4-UHP-RFT,PSR UHP,1.0,0.0,10000.0,11996.0,0.0,0.0
MERKEZ DEPO,CNT-358152-25,255/55R19 111H XL FR PREMIUMCONTACT 6 FR AO B-A-73db,LASTIK TUKETICI,CONTINENTAL,YAZ,PSR 4X4-UHP-RFT,PSR UHP,4.0,0.0,40000.0,11217.0,0.0,0.0
COMPETUS DEPO,CNT-358159,245/40R21 100Y XL SPORTCONTACT 6 FR AO SIL-2024 C-A-72db,LASTIK TUKETICI,CONTINENTAL,YAZ,PSR 4X4-UHP-RFT,PSR UHP,2.0,0.0,20000.0,12239.7,0.0,0.0
COMPETUS DEPO,CNT-358257,255/60R18 108Y FR CONTISPORTCONTACT 5 SUV-2023 C-A-72db,LASTIK TUKETICI,CONTINENTAL,YAZ,PSR 4X4-UHP-RFT,PSR 4X4,2.0,0.0,20000.0,5670.5,0.0,0.0
IZMIT SUBE DEPO,CNT-358304-26,175/70R13 82T ECOCONTACT 6 B-B-70db,LASTIK TUKETICI,CONTINENTAL,YAZ,PSR STANDART,PSR 13-14,4.0,0.0,40000.0,4700.0,0.0,0.0
MERKEZ DEPO,CNT-358304-26,175/70R13 82T ECOCONTACT 6 B-B-70db,LASTIK TUKETICI,CONTINENTAL,YAZ,PSR STANDART,PSR 13-14,10.0,0.0,100000.0,4700.0,0.0,0.0
SANAYI SUBE DEPO,CNT-358438-26,235/50R19 103T XL ECOCONTACT 6 SSR MOE A-B-72db,LASTIK TUKETICI,CONTINENTAL,YAZ,PSR 4X4-UHP-RFT,PSR RFT,4.0,0.0,40000.0,13900.0,0.0,0.0
COMPETUS DEPO,CNT-358438-26,235/50R19 103T XL ECOCONTACT 6 SSR MOE A-B-72db,LASTIK TUKETICI,CONTINENTAL,YAZ,PSR 4X4-UHP-RFT,PSR RFT,4.0,0.0,40000.0,13900.0,0.0,0.0
MERKEZ DEPO,CNT-358438-26,235/50R19 103T XL ECOCONTACT 6 SSR MOE A-B-72db,LASTIK TUKETICI,CONTINENTAL,YAZ,PSR 4X4-UHP-RFT,PSR RFT,2.0,0.0,20000.0,13900.0,0.0,0.0
MERKEZ DEPO,CNT-358480-26,235/55R19 105V XL FR PREMIUMCONTACT 6 FR B-A-72db,LASTIK TUKETICI,CONTINENTAL,YAZ,PSR 4X4-UHP-RFT,PSR UHP,2.0,0.0,20000.0,11458.0,0.0,0.0
COMPETUS DEPO,CNT-358519,245/50R19 105W XL ECOCONTACT 6 *-2023 A-B-72db,LASTIK TUKETICI,CONTINENTAL,YAZ,PSR 4X4-UHP-RFT,PSR UHP,8.0,0.0,80000.0,7998.1,0.0,0.0
COMPETUS DEPO,CNT-358520,225/50R18 99W XL PREMIUMCONTACT 6 FR *-2022 A-B-72db,LASTIK TUKETICI,CONTINENTAL,YAZ,PSR 4X4-UHP-RFT,PSR UHP,1.0,0.0,10000.0,6332.7,0.0,0.0
COMPETUS DEPO,CNT-358612,245/50R19 101Y FR PREMIUMCONTACT 6 FR-2024 C-A-71db,LASTIK TUKETICI,CONTINENTAL,YAZ,PSR 4X4-UHP-RFT,PSR UHP,4.0,0.0,40000.0,7713.75,0.0,0.0
COMPETUS DEPO,CNT-358686,205/60R16 96V XL CONTIPREMIUMCONTACT 5 SSR * C-B-71db,LASTIK TUKETICI,CONTINENTAL,YAZ,PSR 4X4-UHP-RFT,PSR RFT,1.0,0.0,10000.0,6244.7,0.0,0.0
IZMIT SUBE DEPO,CNT-358716-26,235/50R19 99W ECOCONTACT 6 MO A-B-71db,LASTIK TUKETICI,CONTINENTAL,YAZ,PSR 4X4-UHP-RFT,PSR UHP,2.0,0.0,20000.0,12110.0,0.0,0.0
MERKEZ DEPO,CNT-358716-26,235/50R19 99W ECOCONTACT 6 MO A-B-71db,LASTIK TUKETICI,CONTINENTAL,YAZ,PSR 4X4-UHP-RFT,PSR UHP,2.0,0.0,20000.0,12110.0,0.0,0.0
IZMIT SUBE DEPO,CNT-358765,235/45R19 95V CONTISPORTCONTACT 5 FR SUV SSR MOE-2024 C-B-71db,LASTIK TUKETICI,CONTINENTAL,YAZ,PSR 4X4-UHP-RFT,PSR RFT,4.0,0.0,40000.0,9244.95,0.0,0.0
COMPETUS DEPO,CNT-358765,235/45R19 95V CONTISPORTCONTACT 5 FR SUV SSR MOE-2024 C-B-71db,LASTIK TUKETICI,CONTINENTAL,YAZ,PSR 4X4-UHP-RFT,PSR RFT,22.0,0.0,220000.0,9244.95,0.0,0.0
SANAYI SUBE DEPO,CNT-358765,235/45R19 95V CONTISPORTCONTACT 5 FR SUV SSR MOE-2024 C-B-71db,LASTIK TUKETICI,CONTINENTAL,YAZ,PSR 4X4-UHP-RFT,PSR RFT,4.0,0.0,40000.0,9244.95,0.0,0.0
COMPETUS DEPO,CNT-358874,215/65R16 98H PREMIUMCONTACT 6 FR C-A-71db,LASTIK TUKETICI,CONTINENTAL,YAZ,PSR STANDART,PSR 16,1.0,0.0,10000.0,4402.75,0.0,0.0
MERKEZ DEPO,CNT-358874-26,215/65R16 98H PREMIUMCONTACT 6 FR C-A-71db,LASTIK TUKETICI,CONTINENTAL,YAZ,PSR STANDART,PSR 16,56.0,0.0,560000.0,8338.0,0.0,0.0
IZMIT SUBE DEPO,CNT-358874-26,215/65R16 98H PREMIUMCONTACT 6 FR C-A-71db,LASTIK TUKETICI,CONTINENTAL,YAZ,PSR STANDART,PSR 16,4.0,0.0,40000.0,8338.0,0.0,0.0
MERKEZ DEPO,CNT-358895-26,245/40R19 98Y XL ECOCONTACT 6 MO A-B-72db,LASTIK TUKETICI,CONTINENTAL,YAZ,PSR 4X4-UHP-RFT,PSR UHP,2.0,0.0,20000.0,12876.0,0.0,0.0
SANAYI SUBE DEPO,CNT-358953,225/45R19 96W XL ECOCONTACT 6 SSR *-2024 B-B-72db,LASTIK TUKETICI,CONTINENTAL,YAZ,PSR 4X4-UHP-RFT,PSR RFT,4.0,0.0,40000.0,8593.63,0.0,0.0
COMPETUS DEPO,CNT-358965-26,225/40R19 89Y FR CONTISPORTCONTACT 5 SSR * D-B-71db,LASTIK TUKETICI,CONTINENTAL,YAZ,PSR 4X4-UHP-RFT,PSR RFT,6.0,0.0,60000.0,15928.0,0.0,0.0
COMPETUS DEPO,CNT-358973,275/40R20 106Y XL 4X4 SPORTCONTACT FR N0 #-2023 D-A-73db,LASTIK TUKETICI,CONTINENTAL,YAZ,PSR 4X4-UHP-RFT,PSR 4X4,6.0,0.0,60000.0,7611.23,0.0,0.0
SANAYI SUBE DEPO,CNT-358973,275/40R20 106Y XL 4X4 SPORTCONTACT FR N0 #-2023 D-A-73db,LASTIK TUKETICI,CONTINENTAL,YAZ,PSR 4X4-UHP-RFT,PSR 4X4,2.0,0.0,20000.0,7611.23,0.0,0.0
IZMIT SUBE DEPO,CNT-358973,275/40R20 106Y XL 4X4 SPORTCONTACT FR N0 #-2023 D-A-73db,LASTIK TUKETICI,CONTINENTAL,YAZ,PSR 4X4-UHP-RFT,PSR 4X4,4.0,0.0,40000.0,7611.23,0.0,0.0
COMPETUS DEPO,CNT-358979,285/35ZR20 (104Y) XL CONTISPORTCONTACT 5P FR MO-2022 D-A-75db,LASTIK TUKETICI,CONTINENTAL,YAZ,PSR 4X4-UHP-RFT,PSR UHP,4.0,0.0,40000.0,5130.0,0.0,0.0
COMPETUS DEPO,CNT-359014,265/45R21 108W XL CROSSCONTACT LX SPORT FR J LR-2023 C-C-73db,LASTIK TUKETICI,CONTINENTAL,4 MEVSIM,PSR 4X4-UHP-RFT,PSR 4X4,4.0,0.0,40000.0,12138.5,0.0,0.0
COMPETUS DEPO,CNT-359073,255/40R17 94Y FR PREMIUMCONTACT 6 FR-2022 C-A-72db,LASTIK TUKETICI,CONTINENTAL,YAZ,PSR 4X4-UHP-RFT,PSR UHP,4.0,0.0,40000.0,3020.0,0.0,0.0
COMPETUS DEPO,CNT-359094,275/45R22 112W XL FR CROSSCONTACT RX LR-2023,LASTIK TUKETICI,CONTINENTAL,4 MEVSIM,PSR 4X4-UHP-RFT,PSR 4X4,1.0,0.0,10000.0,4460.0,0.0,0.0
COMPETUS DEPO,CNT-359118,265/45R21 108H CROSSCONTACT LX SPORT XL FR AO SIL-2023 C-C-73db,LASTIK TUKETICI,CONTINENTAL,4 MEVSIM,PSR 4X4-UHP-RFT,PSR 4X4,4.0,0.0,40000.0,11342.65,0.0,0.0
COMPETUS DEPO,CNT-359123,255/65R17 110H FR CONTICROSSCONTACT LX 2-2023 D-C-72db,LASTIK TUKETICI,CONTINENTAL,4 MEVSIM,PSR 4X4-UHP-RFT,PSR 4X4,1.0,0.0,10000.0,6163.3,0.0,0.0
COMPETUS DEPO,CNT-359170,275/40R21 107H XL FR CROSSCONTACT RX-2023 B-C-72db,LASTIK TUKETICI,CONTINENTAL,4 MEVSIM,PSR 4X4-UHP-RFT,PSR 4X4,4.0,0.0,40000.0,9870.3,0.0,0.0
MERKEZ DEPO,CNT-359248-25,255/60R18 112V XL FR CROSSCONTACT LX SPORT C-C-73db,LASTIK TUKETICI,CONTINENTAL,4 MEVSIM,PSR 4X4-UHP-RFT,PSR 4X4,4.0,0.0,40000.0,10466.0,0.0,0.0
SANAYI SUBE DEPO,CNT-359251,235/55R18 100V FR CONTICROSSCONTACT LX 2-2022 C-C-71db,LASTIK TUKETICI,CONTINENTAL,4 MEVSIM,PSR 4X4-UHP-RFT,PSR 4X4,1.0,0.0,10000.0,5193.65,0.0,0.0
COMPETUS DEPO,CNT-359274,255/55R19 111W XL CROSSCONTACT LX SPORT FR J LR-2023 A-C-73db,LASTIK TUKETICI,CONTINENTAL,4 MEVSIM,PSR 4X4-UHP-RFT,PSR 4X4,8.0,0.0,80000.0,6457.55,0.0,0.0
COMPETUS DEPO,CNT-359325,275/45R21 110V XL CROSSCONTACT LX SPORT MO1-2023 B-B-73db,LASTIK TUKETICI,CONTINENTAL,4 MEVSIM,PSR 4X4-UHP-RFT,PSR 4X4,4.0,0.0,40000.0,8755.81,0.0,0.0
IZMIT SUBE DEPO,CNT-359325,275/45R21 110V XL CROSSCONTACT LX SPORT MO1-2023 B-B-73db,LASTIK TUKETICI,CONTINENTAL,4 MEVSIM,PSR 4X4-UHP-RFT,PSR 4X4,4.0,0.0,40000.0,8755.81,0.0,0.0
COMPETUS DEPO,CNT-359338,245/45R20 103W XL CROSSCONTACT LX SPORT FR LR-2022 C-C-72db,LASTIK TUKETICI,CONTINENTAL,4 MEVSIM,PSR 4X4-UHP-RFT,PSR 4X4,4.0,0.0,40000.0,9057.4,0.0,0.0
MERKEZ DEPO,CNT-359612-25,265/60R18 114H XL FR CROSSCONTACT H/T D-C-72db,LASTIK TUKETICI,CONTINENTAL,4 MEVSIM,PSR 4X4-UHP-RFT,PSR 4X4,8.0,0.0,80000.0,12260.0,0.0,0.0
COMPETUS DEPO,CNT-359612-26,265/60R18 114H XL FR CROSSCONTACT H/T D-C-72db,LASTIK TUKETICI,CONTINENTAL,4 MEVSIM,PSR 4X4-UHP-RFT,PSR 4X4,8.0,0.0,80000.0,12260.0,0.0,0.0
COMPETUS DEPO,CNT-359625-25,265/65R17 112H FR CROSSCONTACT H/T D-C-71db,LASTIK TUKETICI,CONTINENTAL,4 MEVSIM,PSR 4X4-UHP-RFT,PSR 4X4,7.0,0.0,70000.0,11902.0,0.0,0.0
COMPETUS DEPO,CNT-359639,235/70R16 106H FR CROSSCONTACT H/T-2023 D-C-70db,LASTIK TUKETICI,CONTINENTAL,4 MEVSIM,PSR 4X4-UHP-RFT,PSR 4X4,2.0,0.0,20000.0,4974.2,0.0,0.0
COMPETUS DEPO,CNT-359644-25,215/60R16 95H FR CROSSCONTACT H/T D-C-71db,LASTIK TUKETICI,CONTINENTAL,4 MEVSIM,PSR 4X4-UHP-RFT,PSR 4X4,4.0,0.0,40000.0,10303.0,0.0,0.0
MERKEZ DEPO,CNT-412119,8.5R17.5 121/120L F HR 4,LASTIK TICARI,MATADOR,LSR,MIDIBUS / KAMYONET,DUZ TIP,7.0,0.0,70000.0,13777.0,0.0,0.0
MERKEZ DEPO,CNT-412138,235/75R17.5 132/130M F HR 4,LASTIK TICARI,MATADOR,LSR,MIDIBUS / KAMYONET,DUZ TIP,1.0,0.0,10000.0,17505.0,0.0,0.0
MERKEZ DEPO,CNT-422098,225/75R17.5 129/127M D HR 4,LASTIK TICARI,MATADOR,LSR,MIDIBUS / KAMYONET,CEKER TIP,1.0,0.0,10000.0,15612.0,0.0,0.0
MERKEZ DEPO,CNT-422099,235/75R17.5 132/130M D HR 4,LASTIK TICARI,MATADOR,LSR,MIDIBUS / KAMYONET,CEKER TIP,3.0,0.0,30000.0,17505.0,0.0,0.0
MERKEZ DEPO,CNT-422158,225/75R17.5 129/127M TL CHD3,LASTIK TICARI,CONTINENTAL,LSR,MIDIBUS / KAMYONET,CEKER TIP,3.0,0.0,30000.0,19767.0,0.0,0.0
COMPETUS DEPO,CNT-424177,225/75R16C 121/120R HECTORRA VAN 10PR C-B-71db,LASTIK TUKETICI,MATADOR,YAZ,MINIBUS / KAMYONET,LVR,1.0,0.0,10000.0,4931.54,0.0,0.0
IADE VE ARIZALI URUN DEPO,CNT-428123,225/70R15C 112/110R NORDICCA VAN 8PR-2023 E-C-72db,LASTIK TUKETICI,MATADOR,KIS,MINIBUS / KAMYONET,LVR,1.0,0.0,10000.0,3204.0,0.0,0.0
COMPETUS DEPO,CNT-451111,205/75R16C 110/108R CONTIVANCONTACT 100 8PR-2024 B-B-72db,LASTIK TUKETICI,CONTINENTAL,YAZ,MINIBUS / KAMYONET,LVR,1.0,0.0,10000.0,4556.2,0.0,0.0
MERKEZ DEPO,CNT-451111-26,205/75R16C 110/108R 8PR CONTIVANCONTACT 100 B-B-72db,LASTIK TUKETICI,CONTINENTAL,YAZ,MINIBUS / KAMYONET,LVR,24.0,0.0,240000.0,8887.0,0.0,0.0
COMPETUS DEPO,CNT-451111-26,205/75R16C 110/108R 8PR CONTIVANCONTACT 100 B-B-72db,LASTIK TUKETICI,CONTINENTAL,YAZ,MINIBUS / KAMYONET,LVR,16.0,0.0,160000.0,8887.0,0.0,0.0
IZMIT SUBE DEPO,CNT-451117-25,195/75R16C 107/105R CONTIVANCONTACT 100 8PR B-B-72db,LASTIK TUKETICI,CONTINENTAL,YAZ,MINIBUS / KAMYONET,LVR,4.0,0.0,40000.0,7497.0,0.0,0.0
MERKEZ DEPO,CNT-451117-26,195/75R16C 107/105R CONTIVANCONTACT 100 8PR B-B-72db,LASTIK TUKETICI,CONTINENTAL,YAZ,MINIBUS / KAMYONET,LVR,156.0,0.0,1560000.0,7497.0,0.0,0.0
MERKEZ DEPO,CNT-451118-26,225/70R15C 112/110R (115N) 8PR CONTIVANCONTACT 100 B-B-72db,LASTIK TUKETICI,CONTINENTAL,YAZ,MINIBUS / KAMYONET,LVR,20.0,0.0,200000.0,8882.0,0.0,0.0
SANAYI SUBE DEPO,CNT-451127,225/65R16C 112/110R CONTIVANCONTACT 100 8PR-2024 B-B-72db,LASTIK TUKETICI,CONTINENTAL,YAZ,MINIBUS / KAMYONET,LVR,1.0,0.0,10000.0,5482.95,0.0,0.0
COMPETUS DEPO,CNT-451134-25,195/60R16C 99/97H CONTIVANCONTACT 100 6PR C-B-72db,LASTIK TUKETICI,CONTINENTAL,YAZ,MINIBUS / KAMYONET,LVR,1.0,0.0,10000.0,8748.0,0.0,0.0
COMPETUS DEPO,CNT-451238,235/65R16C 121/119R VANCONTACT AP 10PR-2024 C-B-72db,LASTIK TUKETICI,CONTINENTAL,YAZ,MINIBUS / KAMYONET,LVR,10.0,0.0,100000.0,5800.27,0.0,0.0
EMANET DEPO,CNT-451238,235/65R16C 121/119R VANCONTACT AP 10PR-2024 C-B-72db,LASTIK TUKETICI,CONTINENTAL,YAZ,MINIBUS / KAMYONET,LVR,4.0,14.0,-100000.0,5800.27,0.0,0.0
COMPETUS DEPO,CNT-451477-25,285/65R16C 131R VANCONTACT A/S 10PR D-A-71db,LASTIK TUKETICI,CONTINENTAL,4 MEVSIM,MINIBUS / KAMYONET,LVR,6.0,0.0,60000.0,19472.0,0.0,0.0
COMPETUS DEPO,CNT-451596-25,285/55R16C 126N VANCONTACT A/S 10PR E-A-72db,LASTIK TUKETICI,CONTINENTAL,4 MEVSIM,MINIBUS / KAMYONET,LVR,4.0,0.0,40000.0,24849.0,0.0,0.0
MERKEZ DEPO,CNT-451596-25,285/55R16C 126N VANCONTACT A/S 10PR E-A-72db,LASTIK TUKETICI,CONTINENTAL,4 MEVSIM,MINIBUS / KAMYONET,LVR,2.0,0.0,20000.0,24849.0,0.0,0.0
SANAYI SUBE DEPO,CNT-451609-25,235/65R16C 121/119R CONTIVANCONTACT 100 10PR B-B-72db,LASTIK TUKETICI,CONTINENTAL,YAZ,MINIBUS / KAMYONET,LVR,4.0,0.0,40000.0,11503.0,0.0,0.0
IZMIT SUBE DEPO,CNT-451609-25,235/65R16C 121/119R CONTIVANCONTACT 100 10PR B-B-72db,LASTIK TUKETICI,CONTINENTAL,YAZ,MINIBUS / KAMYONET,LVR,1.0,0.0,10000.0,11503.0,0.0,0.0
MERKEZ DEPO,CNT-451609-25,235/65R16C 121/119R CONTIVANCONTACT 100 10PR B-B-72db,LASTIK TUKETICI,CONTINENTAL,YAZ,MINIBUS / KAMYONET,LVR,100.0,0.0,1000000.0,11503.0,0.0,0.0
MERKEZ DEPO,CNT-451609-26,235/65R16C 121/119R CONTIVANCONTACT 100 10PR B-B-72db,LASTIK TUKETICI,CONTINENTAL,YAZ,MINIBUS / KAMYONET,LVR,102.0,0.0,1020000.0,11503.0,0.0,0.0
IZMIT SUBE DEPO,CNT-451609-26,235/65R16C 121/119R CONTIVANCONTACT 100 10PR B-B-72db,LASTIK TUKETICI,CONTINENTAL,YAZ,MINIBUS / KAMYONET,LVR,2.0,0.0,20000.0,11503.0,0.0,0.0
MERKEZ DEPO,CNT-451669-26,215/75R16C 121/119R 10PR CONTIVANCONTACT 100 B-B-72db,LASTIK TUKETICI,CONTINENTAL,YAZ,MINIBUS / KAMYONET,LVR,36.0,0.0,360000.0,12183.0,0.0,0.0
COMPETUS DEPO,CNT-451708-25,215/75R16C 116/114R VANCONTACT ECO 10PR A-A-72db,LASTIK TUKETICI,CONTINENTAL,YAZ,MINIBUS / KAMYONET,LVR,12.0,0.0,120000.0,11290.0,0.0,0.0
MERKEZ DEPO,CNT-451753-25,235/65R16C 115/113R VANCONTACT ULTRA 8PR B-A-71db,LASTIK TUKETICI,CONTINENTAL,YAZ,MINIBUS / KAMYONET,LVR,36.0,0.0,360000.0,10468.0,0.0,0.0
IZMIT SUBE DEPO,CNT-451753-25,235/65R16C 115/113R VANCONTACT ULTRA 8PR B-A-71db,LASTIK TUKETICI,CONTINENTAL,YAZ,MINIBUS / KAMYONET,LVR,4.0,0.0,40000.0,10468.0,0.0,0.0
IZMIT SUBE DEPO,CNT-451757,225/65R16C 112/110R VANCONTACT ULTRA 8PR B-A-71db,LASTIK TUKETICI,CONTINENTAL,YAZ,MINIBUS / KAMYONET,LVR,2.0,0.0,20000.0,5527.5,0.0,0.0
IZMIT SUBE DEPO,CNT-451759-25,205/65R16C 107/105T VANCONTACT ULTRA (103T) 8PR B-A-71db,LASTIK TUKETICI,CONTINENTAL,YAZ,MINIBUS / KAMYONET,LVR,4.0,0.0,40000.0,9260.0,0.0,0.0
SANAYI SUBE DEPO,CNT-451759-25,205/65R16C 107/105T VANCONTACT ULTRA (103T) 8PR B-A-71db,LASTIK TUKETICI,CONTINENTAL,YAZ,MINIBUS / KAMYONET,LVR,4.0,0.0,40000.0,9260.0,0.0,0.0
COMPETUS DEPO,CNT-451759-25,205/65R16C 107/105T VANCONTACT ULTRA (103T) 8PR B-A-71db,LASTIK TUKETICI,CONTINENTAL,YAZ,MINIBUS / KAMYONET,LVR,10.0,0.0,100000.0,9260.0,0.0,0.0
IZMIT SUBE DEPO,CNT-451772,215/60R17C 109/107T VANCONTACT ULTRA (104H) 8PR-2024 B-A-71db,LASTIK TUKETICI,CONTINENTAL,YAZ,MINIBUS / KAMYONET,LVR,4.0,0.0,40000.0,6305.2,0.0,0.0
COMPETUS DEPO,CNT-451772,215/60R17C 109/107T VANCONTACT ULTRA (104H) 8PR-2024 B-A-71db,LASTIK TUKETICI,CONTINENTAL,YAZ,MINIBUS / KAMYONET,LVR,16.0,0.0,160000.0,6305.2,0.0,0.0
COMPETUS DEPO,CNT-451774,185/75R16C 104/102R VANCONTACT ULTRA 8PR-2024 B-A-71db,LASTIK TUKETICI,CONTINENTAL,YAZ,MINIBUS / KAMYONET,LVR,1.0,0.0,10000.0,4390.1,0.0,0.0
COMPETUS DEPO,CNT-451776-25,235/65R16C 121/119R VANCONTACT A/S ULTRA 10PR B-B-73db,LASTIK TUKETICI,CONTINENTAL,4 MEVSIM,MINIBUS / KAMYONET,LVR,41.0,0.0,410000.0,14253.0,0.0,0.0
IZMIT SUBE DEPO,CNT-451776-25,235/65R16C 121/119R VANCONTACT A/S ULTRA 10PR B-B-73db,LASTIK TUKETICI,CONTINENTAL,4 MEVSIM,MINIBUS / KAMYONET,LVR,4.0,0.0,40000.0,14253.0,0.0,0.0
IZMIT SUBE DEPO,CNT-451777,225/65R16C 112/110R VANCONTACT A/S ULTRA 8PR-2024 B-B-73db,LASTIK TUKETICI,CONTINENTAL,4 MEVSIM,MINIBUS / KAMYONET,LVR,4.0,0.0,40000.0,6287.05,0.0,0.0
SANAYI SUBE DEPO,CNT-451777,225/65R16C 112/110R VANCONTACT A/S ULTRA 8PR-2024 B-B-73db,LASTIK TUKETICI,CONTINENTAL,4 MEVSIM,MINIBUS / KAMYONET,LVR,4.0,0.0,40000.0,6287.05,0.0,0.0
COMPETUS DEPO,CNT-451777,225/65R16C 112/110R VANCONTACT A/S ULTRA 8PR-2024 B-B-73db,LASTIK TUKETICI,CONTINENTAL,4 MEVSIM,MINIBUS / KAMYONET,LVR,2.0,0.0,20000.0,6287.05,0.0,0.0
COMPETUS DEPO,CNT-451779-25,205/65R16C 107/105T VANCONTACT A/S ULTRA (103H) 8PR B-B-73db,LASTIK TUKETICI,CONTINENTAL,4 MEVSIM,MINIBUS / KAMYONET,LVR,12.0,0.0,120000.0,10821.0,0.0,0.0
COMPETUS DEPO,CNT-451782-25,215/75R16C 116/114R CONTIVANCONTACT 100 10PR C-B-72db,LASTIK TUKETICI,CONTINENTAL,YAZ,MINIBUS / KAMYONET,LVR,10.0,0.0,100000.0,11290.0,0.0,0.0
MERKEZ DEPO,CNT-451782-26,215/75R16C 116/114R CONTIVANCONTACT 100 10PR C-B-72db,LASTIK TUKETICI,CONTINENTAL,YAZ,MINIBUS / KAMYONET,LVR,78.0,0.0,780000.0,11290.0,0.0,0.0
COMPETUS DEPO,CNT-451791,205/75R16C 113/111R VANCONTACT A/S ULTRA 10PR-2024 C-B-73db,LASTIK TUKETICI,CONTINENTAL,4 MEVSIM,MINIBUS / KAMYONET,LVR,7.0,0.0,70000.0,5823.0,0.0,0.0
SANAYI SUBE DEPO,CNT-451791,205/75R16C 113/111R VANCONTACT A/S ULTRA 10PR-2024 C-B-73db,LASTIK TUKETICI,CONTINENTAL,4 MEVSIM,MINIBUS / KAMYONET,LVR,4.0,0.0,40000.0,5823.0,0.0,0.0
IZMIT SUBE DEPO,CNT-451791,205/75R16C 113/111R VANCONTACT A/S ULTRA 10PR-2024 C-B-73db,LASTIK TUKETICI,CONTINENTAL,4 MEVSIM,MINIBUS / KAMYONET,LVR,2.0,0.0,20000.0,5823.0,0.0,0.0
SANAYI SUBE DEPO,CNT-451795,195/60R16C 99/97H VANCONTACT A/S ULTRA 6PR-2022 C-B-73db,LASTIK TUKETICI,CONTINENTAL,4 MEVSIM,MINIBUS / KAMYONET,LVR,1.0,0.0,10000.0,5403.2,0.0,0.0
COMPETUS DEPO,CNT-451795-25,195/60R16C 99/97H VANCONTACT A/S ULTRA 6PR C-B-73db,LASTIK TUKETICI,CONTINENTAL,4 MEVSIM,MINIBUS / KAMYONET,LVR,4.0,0.0,40000.0,10539.0,0.0,0.0
SANAYI SUBE DEPO,CNT-451795-25,195/60R16C 99/97H VANCONTACT A/S ULTRA 6PR C-B-73db,LASTIK TUKETICI,CONTINENTAL,4 MEVSIM,MINIBUS / KAMYONET,LVR,4.0,0.0,40000.0,10539.0,0.0,0.0
MERKEZ DEPO,CNT-451841-26,205/75R16C 113/111R 10PR CONTIVANCONTACT 100 C-B-72db,LASTIK TUKETICI,CONTINENTAL,YAZ,MINIBUS / KAMYONET,LVR,8.0,0.0,80000.0,10221.0,0.0,0.0
COMPETUS DEPO,CNT-451948-25,215/65R16C 109/107T VANCONTACT A/S ULTRA B-B-72db,LASTIK TUKETICI,CONTINENTAL,4 MEVSIM,MINIBUS / KAMYONET,LVR,4.0,0.0,40000.0,11039.0,0.0,0.0
COMPETUS DEPO,CNT-451986,195/75R16C 107/105R VANCONTACT A/S ULTRA-2024 B-B-73db,LASTIK TUKETICI,CONTINENTAL,4 MEVSIM,MINIBUS / KAMYONET,LVR,1.0,0.0,10000.0,4645.85,0.0,0.0
MERKEZ DEPO,CNT-451986-26,195/75R16C 107/105R 8PR VANCONTACT A/S ULTRA B-B-73db,LASTIK TUKETICI,CONTINENTAL,4 MEVSIM,MINIBUS / KAMYONET,LVR,40.0,0.0,400000.0,9062.0,0.0,0.0
MERKEZ DEPO,CNT-451987-26,215/75R16C 113/111R 8PR VANCONTACT A/S ULTRA B-B-72db,LASTIK TUKETICI,CONTINENTAL,4 MEVSIM,MINIBUS / KAMYONET,LVR,40.0,0.0,400000.0,12522.0,0.0,0.0
COMPETUS DEPO,CNT-453141,235/65R16C 121/119R VANCONTACT WINTER 10PR-2024 C-B-73db,LASTIK TUKETICI,CONTINENTAL,KIS,MINIBUS / KAMYONET,LVR,4.0,0.0,40000.0,8202.0,0.0,0.0
IZMIT SUBE DEPO,CNT-453141-25,235/65R16C 121/119R VANCONTACT WINTER 10PR C-B-73db,LASTIK TUKETICI,CONTINENTAL,KIS,MINIBUS / KAMYONET,LVR,4.0,0.0,40000.0,11264.0,0.0,0.0
COMPETUS DEPO,CNT-453141-25,235/65R16C 121/119R VANCONTACT WINTER 10PR C-B-73db,LASTIK TUKETICI,CONTINENTAL,KIS,MINIBUS / KAMYONET,LVR,4.0,0.0,40000.0,11264.0,0.0,0.0
COMPETUS DEPO,CNT-453163,285/65R16C 131R VANCONTACT WINTER 10PR-2023 E-A-73db,LASTIK TUKETICI,CONTINENTAL,KIS,MINIBUS / KAMYONET,LVR,2.0,0.0,20000.0,20388.0,0.0,0.0
MERKEZ DEPO,CNT-492016,215/75R17.5 135/133K T HR 4,LASTIK TICARI,MATADOR,TBR,BOLGESEL TASIMACILIK,TREYLER,22.0,0.0,220000.0,11449.0,0.0,0.0
MERKEZ DEPO,CNT-492020,235/75R17.5 143/141K (144/144F) TL T HR 4 EU LRH 16PR M+S,LASTIK TICARI,MATADOR,TBR,BOLGESEL TASIMACILIK,TREYLER,2.0,0.0,20000.0,18225.0,0.0,0.0
MERKEZ DEPO,CNT-492078,235/75R17.5 143/141K (144/144F) TL T HR 5 EU LRH 16PR M+S 3PMSF,LASTIK TICARI,MATADOR,TBR,BOLGESEL TASIMACILIK,TREYLER,1.0,0.0,10000.0,18225.0,0.0,0.0
MERKEZ DEPO,CNT-492092,215/75R17.5 135/133K HTR2+,LASTIK TICARI,CONTINENTAL,TBR,BOLGESEL TASIMACILIK,TREYLER,6.0,0.0,60000.0,19684.0,50.0,0.0
MERKEZ DEPO,CNT-511045,315/60R22.5 152/148L TL HSL2+,LASTIK TICARI,CONTINENTAL,TBR,UZUN YOL,DUZ,48.0,0.0,480000.0,42506.28,0.0,0.0
MERKEZ DEPO,CNT-511217,315/80R22.5 156/150L TL CES3+,LASTIK TICARI,CONTINENTAL,TBR,UZUN YOL,DUZ,5.0,0.0,50000.0,42942.0,0.0,0.0
MERKEZ DEPO,CNT-512039,315/80R22.5 156/150L HSR2 ED,LASTIK TICARI,CONTINENTAL,TBR,BOLGESEL TASIMACILIK,DUZ,6.0,2.0,40000.0,38573.0,40.0,0.0
MERKEZ DEPO,CNT-512481,285/70R19.5 146/144M CHS3,LASTIK TICARI,CONTINENTAL,TBR,BOLGESEL TASIMACILIK,DUZ,2.0,0.0,20000.0,29144.0,0.0,0.0
MERKEZ DEPO,CNT-512485,315/70R22.5 156/150L F HR 4,LASTIK TICARI,MATADOR,TBR,BOLGESEL TASIMACILIK,DUZ,2.0,0.0,20000.0,17734.0,0.0,0.0
MERKEZ DEPO,CNT-512564,315/70R22.5 156/150L (154/150M) TL CONTI HYBRID HS3+,LASTIK TICARI,CONTINENTAL,TBR,BOLGESEL TASIMACILIK,DUZ,2.0,0.0,20000.0,24176.0,0.0,0.0
MERKEZ DEPO,CNT-512627,315/70R22.5 156/150L CHS5,LASTIK TICARI,CONTINENTAL,TBR,BOLGESEL TASIMACILIK,DUZ,47.0,0.0,470000.0,40847.0,50.0,0.0
MERKEZ DEPO,CNT-512654,315/60R22.5 154/148L F HR 4+ EU LRL 20PR M+S 3PMSF,LASTIK TICARI,MATADOR,TBR,UZUN YOL,DUZ,1.0,0.0,10000.0,32591.0,0.0,0.0
MERKEZ DEPO,CNT-512700,385/55R22.5 160K CHS5,LASTIK TICARI,CONTINENTAL,TBR,UZUN YOL,DUZ,8.0,7.0,10000.0,44147.0,6.0,0.0
MERKEZ DEPO,CNT-512706,385/65R22.5 164K TL CONTI HYBRID HS5 EU LRL 20PR M+S 3PMSF,LASTIK TICARI,CONTINENTAL,TBR,BOLGESEL TASIMACILIK,DUZ,4.0,0.0,40000.0,42922.0,2.0,0.0
MERKEZ DEPO,CNT-512794,295/80R22.5 154/149M TL CONTI HYBRID HS5 EU LRL 16PR M+S 3PMSF,LASTIK TICARI,CONTINENTAL,TBR,BOLGESEL TASIMACILIK,DUZ,61.0,0.0,610000.0,37275.0,40.0,0.0
MERKEZ DEPO,CNT-512797,385/55R22.5 CONTI ECO HS 5 162/000K 20PR M+S,LASTIK TICARI,CONTINENTAL,TBR,UZUN YOL,DUZ,1.0,0.0,10000.0,45471.0,6.0,0.0
MERKEZ DEPO,CNT-512825,275/70R22.5 150/148M TL CONTI HYBRID HS 5 18PR M+S 3PMS,LASTIK TICARI,CONTINENTAL,TBR,BOLGESEL TASIMACILIK,DUZ,4.0,0.0,40000.0,37478.0,0.0,0.0
MERKEZ DEPO,CNT-512924,315/70R22.5 158/150L (154/150M) CONTI ECO HS5 EU LRL 20PR M+S 3PMSF,LASTIK TICARI,CONTINENTAL,TBR,UZUN YOL,DUZ,5.0,0.0,50000.0,42490.0,0.0,0.0
MERKEZ DEPO,CNT-513061,295/80R22.5 154/149M HSW2+C,LASTIK TICARI,CONTINENTAL,TBR,BOLGESEL TASIMACILIK,DUZ,20.0,0.0,200000.0,38027.0,0.0,0.0
MERKEZ DEPO,CNT-521184,315/80R22.5 156/150L TL CED3+,LASTIK TICARI,CONTINENTAL,TBR,UZUN YOL,CEKER,12.0,0.0,120000.0,40321.0,0.0,0.0
MERKEZ DEPO,CNT-522142,295/80R22.5 152/148M HDR2ED+,LASTIK TICARI,CONTINENTAL,TBR,BOLGESEL TASIMACILIK,CEKER,16.0,0.0,160000.0,38067.0,0.0,0.0
MERKEZ DEPO,CNT-522143,315/80R22.5 156/150L HDR2ED+,LASTIK TICARI,CONTINENTAL,TBR,BOLGESEL TASIMACILIK,CEKER,49.0,0.0,490000.0,38573.0,40.0,0.0
MERKEZ DEPO,CNT-522444,315/70R22.5 154/150L CHD5,LASTIK TICARI,CONTINENTAL,TBR,BOLGESEL TASIMACILIK,CEKER,49.0,0.0,490000.0,40847.0,50.0,0.0
TICARI DEPO,CNT-522444,315/70R22.5 154/150L CHD5,LASTIK TICARI,CONTINENTAL,TBR,BOLGESEL TASIMACILIK,CEKER,4.0,4.0,0.0,40847.0,50.0,0.0
MERKEZ DEPO,CNT-522528,315/70R22.5 154/150L (152/148M) CONTI ECO HD 5 EU LRJ 18PR M+S 3PMSF,LASTIK TICARI,CONTINENTAL,TBR,UZUN YOL,CEKER,32.0,0.0,320000.0,42071.0,0.0,0.0
MERKEZ DEPO,CNT-522558,295/80R22.5 152/148M CHD5,LASTIK TICARI,CONTINENTAL,TBR,BOLGESEL TASIMACILIK,CEKER,42.0,42.0,0.0,41144.0,20.0,0.0
MERKEZ DEPO,CNT-522562,275/70R22.5 148/145M CONTI HYBRID HD 5 EU 18PR M+S 3PMSF,LASTIK TICARI,CONTINENTAL,TBR,BOLGESEL TASIMACILIK,CEKER,8.0,0.0,80000.0,37478.0,0.0,0.0
MERKEZ DEPO,CNT-525186,315/80R22.5 156/150K HDC1 ED,LASTIK TICARI,CONTINENTAL,TBR,INSAAT HAFRIYAT,CEKER,24.0,0.0,240000.0,34969.0,12.0,0.0
MERKEZ DEPO,CNT-531086,385/55R22.5 160K(158L) CONTI ECOPLUS HT3+ EU LRL 20PR M+S 3PMSF,LASTIK TICARI,CONTINENTAL,TBR,UZUN YOL,TREYLER,11.0,0.0,110000.0,40777.0,0.0,0.0
TICARI DEPO,CNT-532196,385/65R22.5 164K CHT3 ED,LASTIK TICARI,CONTINENTAL,TBR,BOLGESEL TASIMACILIK,TREYLER,1.0,1.0,0.0,40507.0,50.0,0.0
MERKEZ DEPO,CNT-532196,385/65R22.5 164K CHT3 ED,LASTIK TICARI,CONTINENTAL,TBR,BOLGESEL TASIMACILIK,TREYLER,26.0,0.0,260000.0,40507.0,50.0,0.0
MERKEZ DEPO,CNT-532229,385/55R22.5 160K CHT3 SR,LASTIK TICARI,CONTINENTAL,TBR,UZUN YOL,TREYLER,39.0,0.0,390000.0,40777.0,30.0,0.0
MERKEZ DEPO,CNT-532278,265/70R19.5 143/141K TL CONTI HYBRID HT3+ EU LRH 16 PR M+S 3PMSF,LASTIK TICARI,CONTINENTAL,TBR,BOLGESEL TASIMACILIK,TREYLER,2.0,0.0,20000.0,25940.0,0.0,0.0
MERKEZ DEPO,CNT-706022,6.00 - 9 IC40 TT 12PR121 A5 EXTRA DEEP SET,LASTIK TICARI,CONTINENTAL,IND,HAVALI,HAVALI SIYAH,1.0,0.0,10000.0,,0.0,0.0
MERKEZ DEPO,CNT-706036,6.50 - 10 IC40 TT 14PR128 A5 EXTRA DEEP SET,LASTIK TICARI,CONTINENTAL,IND,HAVALI,HAVALI SIYAH,1.0,0.0,10000.0,,0.0,0.0
MERKEZ DEPO,CNT-706096,300 - 15 (315/70 - 15) IC40 TT 22PR165 A5 EXTRA DEEP SET,LASTIK TICARI,CONTINENTAL,IND,HAVALI,HAVALI SIYAH,1.0,0.0,10000.0,,0.0,0.0
MERKEZ DEPO,CNT-730024,250/70R15 CONTIRT20 TL 153 A5,LASTIK TICARI,CONTINENTAL,IND,RADIAL,RADIAL,2.0,0.0,20000.0,,0.0,0.0
MERKEZ DEPO,CNT-730028,6.50R10 CONTIRT20 TL 128 A5,LASTIK TICARI,CONTINENTAL,IND,RADIAL,RADIAL,1.0,0.0,10000.0,,0.0,0.0
MERKEZ DEPO,CNT-730035,7.00R12 CONTIRT20 TL 136 A5,LASTIK TICARI,CONTINENTAL,IND,RADIAL,RADIAL,1.0,0.0,10000.0,,0.0,0.0
MERKEZ DEPO,D10260-26,175/70R14 84T TOURING 2 D-B-70dB,LASTIK TUKETICI,DAYTON,YAZ,PSR STANDART,PSR 13-14,28.0,0.0,280000.0,2787.5,0.0,0.0
MERKEZ DEPO,D11010-26,205/55R16 91V TOURING 2 C-B-70dB,LASTIK TUKETICI,DAYTON,YAZ,PSR STANDART,PSR 16,79.0,0.0,790000.0,3297.5,0.0,0.0
COMPETUS DEPO,D11010-26,205/55R16 91V TOURING 2 C-B-70dB,LASTIK TUKETICI,DAYTON,YAZ,PSR STANDART,PSR 16,218.0,0.0,2180000.0,3297.5,0.0,0.0
MERKEZ DEPO,D11011-26,195/65R15 91V TOURING 2 C-B-71dB,LASTIK TUKETICI,DAYTON,YAZ,PSR STANDART,PSR 15,149.0,0.0,1490000.0,2858.33,0.0,0.0
SANAYI SUBE DEPO,D11012-26,175/65R14 82T TOURING 2 D-B-70dB,LASTIK TUKETICI,DAYTON,YAZ,PSR STANDART,PSR 13-14,4.0,0.0,40000.0,2505.83,0.0,0.0
MERKEZ DEPO,D11012-26,175/65R14 82T TOURING 2 D-B-70dB,LASTIK TUKETICI,DAYTON,YAZ,PSR STANDART,PSR 13-14,123.0,0.0,1230000.0,2505.83,0.0,0.0
MERKEZ DEPO,D11013-26,175/70R13 82T TOURING 2 D-B-70dB,LASTIK TUKETICI,DAYTON,YAZ,PSR STANDART,PSR 13-14,81.0,0.0,810000.0,2312.5,0.0,0.0
SANAYI SUBE DEPO,D11014-26,185/65R14 86H TOURING 2 D-B-70dB,LASTIK TUKETICI,DAYTON,YAZ,PSR STANDART,PSR 13-14,8.0,0.0,80000.0,2718.33,0.0,0.0
MERKEZ DEPO,D11014-26,185/65R14 86H TOURING 2 D-B-70dB,LASTIK TUKETICI,DAYTON,YAZ,PSR STANDART,PSR 13-14,21.0,0.0,210000.0,2718.33,0.0,0.0
COMPETUS DEPO,D11014-26,185/65R14 86H TOURING 2 D-B-70dB,LASTIK TUKETICI,DAYTON,YAZ,PSR STANDART,PSR 13-14,40.0,0.0,400000.0,2718.33,0.0,0.0
IZMIT SUBE DEPO,D11014-26,185/65R14 86H TOURING 2 D-B-70dB,LASTIK TUKETICI,DAYTON,YAZ,PSR STANDART,PSR 13-14,6.0,0.0,60000.0,2718.33,0.0,0.0
MERKEZ DEPO,D11015-26,185/65R15 88H TOURING 2 D-B-70dB,LASTIK TUKETICI,DAYTON,YAZ,PSR STANDART,PSR 15,75.0,0.0,750000.0,2858.33,0.0,0.0
SANAYI SUBE DEPO,D11015-26,185/65R15 88H TOURING 2 D-B-70dB,LASTIK TUKETICI,DAYTON,YAZ,PSR STANDART,PSR 15,8.0,0.0,80000.0,2858.33,0.0,0.0
IZMIT SUBE DEPO,D11015-26,185/65R15 88H TOURING 2 D-B-70dB,LASTIK TUKETICI,DAYTON,YAZ,PSR STANDART,PSR 15,8.0,0.0,80000.0,2858.33,0.0,0.0
COMPETUS DEPO,D11016-26,195/50R15 82V TOURING 2 D-B-70dB,LASTIK TUKETICI,DAYTON,YAZ,PSR STANDART,PSR 15,20.0,0.0,200000.0,3004.17,0.0,0.0
MERKEZ DEPO,D11016-26,195/50R15 82V TOURING 2 D-B-70dB,LASTIK TUKETICI,DAYTON,YAZ,PSR STANDART,PSR 15,16.0,0.0,160000.0,3004.17,0.0,0.0
COMPETUS DEPO,D11017-26,195/60R15 88H TOURING 2 C-B-70dB,LASTIK TUKETICI,DAYTON,YAZ,PSR STANDART,PSR 15,51.0,0.0,510000.0,3219.17,0.0,0.0
MERKEZ DEPO,D11018-26,225/40R18 92W XL TOURING 2 D-B-72dB,LASTIK TUKETICI,DAYTON,YAZ,PSR 4X4-UHP-RFT,PSR UHP,35.0,0.0,350000.0,4233.33,0.0,0.0
IZMIT SUBE DEPO,D11020-26,225/55R17 101W XL TOURING 2 C-B-72dB,LASTIK TUKETICI,DAYTON,YAZ,PSR 4X4-UHP-RFT,PSR UHP,4.0,0.0,40000.0,5991.67,0.0,0.0
MERKEZ DEPO,D11020-26,225/55R17 101W XL TOURING 2 C-B-72dB,LASTIK TUKETICI,DAYTON,YAZ,PSR 4X4-UHP-RFT,PSR UHP,4.0,0.0,40000.0,5991.67,0.0,0.0
MERKEZ DEPO,D11021-26,215/55R16 97W XL TOURING 2 C-B-72dB,LASTIK TUKETICI,DAYTON,YAZ,PSR STANDART,PSR 16,9.0,0.0,90000.0,4703.33,0.0,0.0
MERKEZ DEPO,D11064-26,245/45R18 TOURING 2 100Y XL C-B-72dB,LASTIK TUKETICI,DAYTON,YAZ,PSR 4X4-UHP-RFT,PSR UHP,4.0,0.0,40000.0,6309.17,0.0,0.0
MERKEZ DEPO,D11066-26,215/65R16 98H TOURING 2 C-B-71dB,LASTIK TUKETICI,DAYTON,YAZ,PSR STANDART,PSR 16,2.0,0.0,20000.0,4209.17,0.0,0.0
MERKEZ DEPO,D11067-26,215/60R17 96H TOURING 2 C-B-71dB,LASTIK TUKETICI,DAYTON,YAZ,PSR 4X4-UHP-RFT,PSR UHP,15.0,0.0,150000.0,5274.17,0.0,0.0
MERKEZ DEPO,D11068-26,185/60R15 84H TOURING 2 D-B-70dB,LASTIK TUKETICI,DAYTON,YAZ,PSR STANDART,PSR 15,48.0,0.0,480000.0,3185.83,0.0,0.0
COMPETUS DEPO,D11068-26,185/60R15 84H TOURING 2 D-B-70dB,LASTIK TUKETICI,DAYTON,YAZ,PSR STANDART,PSR 15,40.0,0.0,400000.0,3185.83,0.0,0.0
SANAYI SUBE DEPO,D11068-26,185/60R15 84H TOURING 2 D-B-70dB,LASTIK TUKETICI,DAYTON,YAZ,PSR STANDART,PSR 15,6.0,0.0,60000.0,3185.83,0.0,0.0
MERKEZ DEPO,D11070-26,215/55R17 94W TOURING 2 C-B-71dB,LASTIK TUKETICI,DAYTON,YAZ,PSR 4X4-UHP-RFT,PSR UHP,39.0,0.0,390000.0,5612.5,0.0,0.0
MERKEZ DEPO,D11071-26,165/80R13 83T TOURING 2 D-B-70dB,LASTIK TUKETICI,DAYTON,YAZ,PSR STANDART,PSR 13-14,20.0,0.0,200000.0,2522.5,0.0,0.0
COMPETUS DEPO,D11071-26,165/80R13 83T TOURING 2 D-B-70dB,LASTIK TUKETICI,DAYTON,YAZ,PSR STANDART,PSR 13-14,20.0,0.0,200000.0,2522.5,0.0,0.0
COMPETUS DEPO,D11072-26,195/55R16 87V TOURING 2 C-B-70dB,LASTIK TUKETICI,DAYTON,YAZ,PSR STANDART,PSR 16,21.0,0.0,210000.0,3885.0,0.0,0.0
MERKEZ DEPO,D11072-26,195/55R16 87V TOURING 2 C-B-70dB,LASTIK TUKETICI,DAYTON,YAZ,PSR STANDART,PSR 16,64.0,0.0,640000.0,3885.0,0.0,0.0
MERKEZ DEPO,D11073-26,215/50R17 95W XL TOURING 2 C-B-72dB,LASTIK TUKETICI,DAYTON,YAZ,PSR 4X4-UHP-RFT,PSR UHP,12.0,0.0,120000.0,5658.33,0.0,0.0
COMPETUS DEPO,D11074-26,225/50R17 98Y XL TOURING 2 C-B-71dB,LASTIK TUKETICI,DAYTON,YAZ,PSR 4X4-UHP-RFT,PSR UHP,12.0,0.0,120000.0,5392.5,0.0,0.0
MERKEZ DEPO,D11111-25,225/45R18 95W XL TOURING 2 C-B-72dB,LASTIK TUKETICI,DAYTON,YAZ,PSR 4X4-UHP-RFT,PSR UHP,12.0,0.0,120000.0,6439.17,0.0,0.0
MERKEZ DEPO,D11111-26,225/45R18 95W XL TOURING 2 C-B-72dB,LASTIK TUKETICI,DAYTON,YAZ,PSR 4X4-UHP-RFT,PSR UHP,7.0,0.0,70000.0,6439.17,0.0,0.0
MERKEZ DEPO,D11117-26,235/45R18 98Y XL TOURING2 C-B-72dB,LASTIK TUKETICI,DAYTON,YAZ,PSR 4X4-UHP-RFT,PSR UHP,4.0,0.0,40000.0,6763.33,0.0,0.0
MERKEZ DEPO,D11124,225/65R17 102H TOURING 2 C-B-71dB,LASTIK TUKETICI,DAYTON,YAZ,PSR 4X4-UHP-RFT,PSR UHP,8.0,0.0,80000.0,5531.67,0.0,0.0
MERKEZ DEPO,D11125-26,215/55R18 99V XL TOURING 2 C-B-72dB,LASTIK TUKETICI,DAYTON,YAZ,PSR 4X4-UHP-RFT,PSR UHP,12.0,0.0,120000.0,6417.5,0.0,0.0
MERKEZ DEPO,D11174-26,225/45R17 91W TOURING 2 E-B-71dB,LASTIK TUKETICI,DAYTON,YAZ,PSR 4X4-UHP-RFT,PSR UHP,114.0,0.0,1140000.0,3953.33,0.0,0.0
SANAYI SUBE DEPO,D11174-26,225/45R17 91W TOURING 2 E-B-71dB,LASTIK TUKETICI,DAYTON,YAZ,PSR 4X4-UHP-RFT,PSR UHP,4.0,0.0,40000.0,3953.33,0.0,0.0
MERKEZ DEPO,D42002-26,185R14C 102/100R DAYTON VAN D-B-71dB,LASTIK TUKETICI,DAYTON,YAZ,MINIBUS / KAMYONET,LVR,64.0,0.0,640000.0,3784.17,0.0,0.0
MERKEZ DEPO,D42006-26,195R14C 106/104R DAYTON VAN D-B-71dB,LASTIK TUKETICI,DAYTON,YAZ,MINIBUS / KAMYONET,LVR,16.0,0.0,160000.0,4233.33,0.0,0.0
COMPETUS DEPO,D42006-26,195R14C 106/104R DAYTON VAN D-B-71dB,LASTIK TUKETICI,DAYTON,YAZ,MINIBUS / KAMYONET,LVR,36.0,0.0,360000.0,4233.33,0.0,0.0
COMPETUS DEPO,D42214-26,225/65R16C 112/110R DAYTON VAN C-B-71dB,LASTIK TUKETICI,DAYTON,YAZ,MINIBUS / KAMYONET,LVR,48.0,0.0,480000.0,6912.5,0.0,0.0
MERKEZ DEPO,D42214-26,225/65R16C 112/110R DAYTON VAN C-B-71dB,LASTIK TUKETICI,DAYTON,YAZ,MINIBUS / KAMYONET,LVR,4.0,0.0,40000.0,6912.5,0.0,0.0
COMPETUS DEPO,D42215-26,225/70R15C 112/110R DAYTON VAN C-B-71dB,LASTIK TUKETICI,DAYTON,YAZ,MINIBUS / KAMYONET,LVR,46.0,0.0,460000.0,5364.17,0.0,0.0
MERKEZ DEPO,D42215-26,225/70R15C 112/110R DAYTON VAN C-B-71dB,LASTIK TUKETICI,DAYTON,YAZ,MINIBUS / KAMYONET,LVR,14.0,0.0,140000.0,5364.17,0.0,0.0
MERKEZ DEPO,D43005-25,195/75R16C 107/105R DAYTON VAN C-B-71dB,LASTIK TUKETICI,DAYTON,YAZ,MINIBUS / KAMYONET,LVR,1.0,0.0,10000.0,4761.67,0.0,0.0
MERKEZ DEPO,D43005-26,195/75R16C 107/105R DAYTON VAN C-B-71dB,LASTIK TUKETICI,DAYTON,YAZ,MINIBUS / KAMYONET,LVR,24.0,0.0,240000.0,4761.67,0.0,0.0
COMPETUS DEPO,D43005-26,195/75R16C 107/105R DAYTON VAN C-B-71dB,LASTIK TUKETICI,DAYTON,YAZ,MINIBUS / KAMYONET,LVR,29.0,0.0,290000.0,4761.67,0.0,0.0
COMPETUS DEPO,D43009,205/75R16C 110/108RDAYTON VAN C-B-71dB-2023,LASTIK TUKETICI,DAYTON,YAZ,MINIBUS / KAMYONET,LVR,1.0,0.0,10000.0,2891.67,0.0,0.0
MERKEZ DEPO,D43009-26,205/75R16C 110/108R DAYTON VAN C-B-71dB,LASTIK TUKETICI,DAYTON,YAZ,MINIBUS / KAMYONET,LVR,32.0,0.0,320000.0,5403.33,0.0,0.0
MERKEZ DEPO,D43016-26,225/75R16C 118/116R DAYTON VAN C-B-71dB,LASTIK TUKETICI,DAYTON,YAZ,MINIBUS / KAMYONET,LVR,16.0,0.0,160000.0,6390.83,0.0,0.0
MERKEZ DEPO,D43076-26,195/60R16C 99/97T DAYTON VAN C-B-71dB,LASTIK TUKETICI,DAYTON,YAZ,MINIBUS / KAMYONET,LVR,97.0,0.0,970000.0,5310.0,0.0,0.0
COMPETUS DEPO,D43076-26,195/60R16C 99/97T DAYTON VAN C-B-71dB,LASTIK TUKETICI,DAYTON,YAZ,MINIBUS / KAMYONET,LVR,39.0,0.0,390000.0,5310.0,0.0,0.0
COMPETUS DEPO,D43077-26,235/65R16C 121/119N DAYTON VAN C-B-71dB,LASTIK TUKETICI,DAYTON,YAZ,MINIBUS / KAMYONET,LVR,72.0,0.0,720000.0,6607.5,0.0,0.0
MERKEZ DEPO,D43077-26,235/65R16C 121/119N DAYTON VAN C-B-71dB,LASTIK TUKETICI,DAYTON,YAZ,MINIBUS / KAMYONET,LVR,65.0,0.0,650000.0,6607.5,0.0,0.0
MERKEZ DEPO,D43504-26,205/65R16C 107/105T DAYTON VAN C-B-71dB,LASTIK TUKETICI,DAYTON,YAZ,MINIBUS / KAMYONET,LVR,76.0,0.0,760000.0,5673.33,0.0,0.0
MERKEZ DEPO,LTC-10007,460/70-24 IND 159 A8 PRMPT753 CAMSO,LASTIK TICARI,SOLIDEAL,OTR,ORS,BCP,1.0,0.0,10000.0,5030.2,0.0,0.0
MERKEZ DEPO,LTC-10042,215/75R17.5 126/124M RZ-300,LASTIK TICARI,PETLAS,LSR,MIDIBUS / KAMYONET,CEKER TIP,26.0,0.0,260000.0,7940.83,0.0,0.0
MERKEZ DEPO,LTC-10092,10-16.5 (265/70-16.5) 10PRSKS 775 CAMSO,LASTIK TICARI,SOLIDEAL,OTR,ORS,BCP,1.0,0.0,10000.0,,0.0,0.0
MERKEZ DEPO,LTC-10112,12.00-20/20 PRED+ AIR550 ED PLUS BLACK,LASTIK TICARI,SOLIDEAL,IND,HAVALI,HAVALI SIYAH,1.0,0.0,10000.0,1014.0,0.0,0.0
MERKEZ DEPO,LTC-10247,435/50R19.5  KUMHO KLT03/20PR 160J CB74 M+S,LASTIK TICARI,KUMHO,TBR,BOLGESEL TASIMACILIK,TREYLER,1.0,0.0,10000.0,12000.0,0.0,0.0
MERKEZ DEPO,LTC-10284,315/60R22.5 KRD50 KUMHO,LASTIK TICARI,KUMHO,TBR,BOLGESEL TASIMACILIK,CEKER,2.0,0.0,20000.0,13500.0,0.0,0.0
MERKEZ DEPO,LTC-10327,26.5R25 MAXAM MS405 DUMPXTRA ** K TL,LASTIK TICARI,MAXAM,OTR,ORR,E4,1.0,0.0,10000.0,149991.67,0.0,0.0
MERKEZ DEPO,LTC-10328,26.5R25 MAXAM MS405 DUMPXTRA **** TL,LASTIK TICARI,MAXAM,OTR,ORR,E4,2.0,0.0,20000.0,161950.0,0.0,0.0
MERKEZ DEPO,LTC-10329,29.5R25 MAXAM MS406 ** K TL,LASTIK TICARI,MAXAM,OTR,ORR,L4,4.0,0.0,40000.0,199875.0,0.0,0.0
MERKEZ DEPO,LTC-10346,18X7-8/4.33 XTR QUICK SOLIDEAL XTREME GREY NM,LASTIK TICARI,SOLIDEAL,IND,DOLGU,DOLGU NM CLIP,4.0,0.0,40000.0,,4.0,0.0
MERKEZ DEPO,LTC-10349,18X7-8/16 PRED+ AIR550 ED PLUS SİYAH HAVALI,LASTIK TICARI,SOLIDEAL,IND,HAVALI,HAVALI SIYAH,2.0,0.0,20000.0,,0.0,0.0
MERKEZ DEPO,LTC-10367,18X8-8 DELI TIRE,LASTIK TICARI,DELI TİRE,IND,HAVALI,HAVALI SIYAH,3.0,0.0,30000.0,0.0,0.0,0.0
MERKEZ DEPO,LTC-10391,16X6-8/4.33 XTR QUICK SOLIDEAL XTREME GREY NM,LASTIK TICARI,SOLIDEAL,IND,DOLGU,DOLGU NM CLIP,3.0,0.0,30000.0,,4.0,0.0
MERKEZ DEPO,LTC-10416,29.5R25 MAXAM MS405 ** K TL,LASTIK TICARI,MAXAM,OTR,ORR,E4,32.0,2.0,300000.0,199875.0,0.0,0.0
MERKEZ DEPO,LTC-10421,16.00R25 MAXAM MSV01 174F *** J TL,LASTIK TICARI,MAXAM,OTR,ORR,IDU,36.0,0.0,360000.0,74141.67,0.0,0.0
MERKEZ DEPO,LTC-10468,27X10-12/8.00 QUICK SOLIDEAL RES 660 XTREME BLACK,LASTIK TICARI,SOLIDEAL,IND,DOLGU,DOLGU SIYAH CLIP,4.0,0.0,40000.0,,4.0,0.0
MERKEZ DEPO,LTC-10477,7.00-12/14 PR ED+ SOLIDEAL AIR 550 ED PLUS BLACK,LASTIK TICARI,SOLIDEAL,IND,HAVALI,HAVALI SIYAH,4.0,0.0,40000.0,,10.0,0.0
MERKEZ DEPO,LTC-10496,33X15.5-16.5 BKT,LASTIK TICARI,BKT,OTR,ORS,BCP,4.0,0.0,40000.0,1083.33,0.0,0.0
MERKEZ DEPO,LTC-10509,28X9-15/14 PR ED RODACO A1 + FullSet (V3-02-08),LASTIK TICARI,RODACO,IND,HAVALI,HAVALI SIYAH,9.0,0.0,90000.0,,10.0,0.0
MERKEZ DEPO,LTC-10526,6.50-10/10 PR ED RODACO A1 + FullSet (JS2),LASTIK TICARI,RODACO,IND,HAVALI,HAVALI SIYAH,1.0,0.0,10000.0,,10.0,0.0
MERKEZ DEPO,LTC-10533,21X8-9/6.00 QUICK SOLIDEAL RES 660 XTREME BLACK,LASTIK TICARI,SOLIDEAL,IND,DOLGU,DOLGU SIYAH CLIP,4.0,0.0,40000.0,,4.0,0.0
MERKEZ DEPO,LTC-10537,140/55-9/4.00 XTR QUICK SOLIDEAL RES 660 XTREME BLACK,LASTIK TICARI,SOLIDEAL,IND,DOLGU,DOLGU SIYAH CLIP,2.0,0.0,20000.0,,4.0,0.0
MERKEZ DEPO,LTC-10542,21X8-9 14PRED ECOMATIC +FULSET HAVALI,LASTIK TICARI,SOLIDEAL,IND,HAVALI,HAVALI SIYAH,1.0,0.0,10000.0,,0.0,0.0
MERKEZ DEPO,LTC-10547,6.00-9/4.00 XTR QUICK SOLIDEAL RES 660 XTREME BLACK,LASTIK TICARI,SOLIDEAL,IND,DOLGU,DOLGU SIYAH CLIP,2.0,0.0,20000.0,,4.0,0.0
MERKEZ DEPO,LTC-10549,140/55-9/4.00 XTR QUICK SOLIDEAL XTREME GREY NM,LASTIK TICARI,SOLIDEAL,IND,DOLGU,DOLGU NM CLIP,4.0,0.0,40000.0,7280.0,4.0,0.0
MERKEZ DEPO,LTC-10556,23X9-10/6.50 QUICK SOLIDEAL XTREME GREY NM,LASTIK TICARI,SOLIDEAL,IND,DOLGU,DOLGU NM CLIP,4.0,0.0,40000.0,,4.0,0.0
MERKEZ DEPO,LTC-10562,7.00-12 14 PR KNK 40 -SET-FORKLIFT,LASTIK TICARI,ÖZKA,IND,HAVALI,HAVALI SIYAH,1.0,0.0,10000.0,5833.33,0.0,0.0
MERKEZ DEPO,LTC-10563,23X10-12/8.00 QUICK SOLIDEAL RES 660 XTREME BLACK,LASTIK TICARI,SOLIDEAL,IND,DOLGU,DOLGU SIYAH CLIP,4.0,0.0,40000.0,,4.0,0.0
MERKEZ DEPO,LTC-10566,7.00-12/12 PR ED RODACO A1 + FullSet (TR75A),LASTIK TICARI,RODACO,IND,HAVALI,HAVALI SIYAH,4.0,0.0,40000.0,,10.0,0.0
MERKEZ DEPO,LTC-10578,200/50-10/6.50 XTR QUICK SOLIDEAL RES 660 XTREME BLACK,LASTIK TICARI,SOLIDEAL,IND,DOLGU,DOLGU SIYAH CLIP,1.0,0.0,10000.0,,4.0,0.0
MERKEZ DEPO,LTC-10579,200/50-10/6.50 XTR QUICK SOLIDEAL XTREME GREY NM,LASTIK TICARI,SOLIDEAL,IND,DOLGU,DOLGU NM CLIP,2.0,0.0,20000.0,21060.0,4.0,0.0
MERKEZ DEPO,LTC-10586,6.50-10/5.00 XTRSOLIDEALRES 660 XTREME BLACK,LASTIK TICARI,SOLIDEAL,IND,DOLGU,DOLGU SIYAH,1.0,0.0,10000.0,,0.0,0.0
MERKEZ DEPO,LTC-10658,12-16.5 12PR EMRALD,LASTIK TICARI,DIGER,OTR,ORS,BCP,1.0,0.0,10000.0,2520.0,0.0,0.0
MERKEZ DEPO,LTC-10667,23X10-12/8.00 QUICK SOLIDEAL XTREME GREY NM,LASTIK TICARI,SOLIDEAL,IND,DOLGU,DOLGU NM CLIP,4.0,0.0,40000.0,,4.0,0.0
MERKEZ DEPO,LTC-10696,215/75R17.5 126/124M SZ-300,LASTIK TICARI,PETLAS,LSR,MIDIBUS / KAMYONET,DUZ TIP,4.0,0.0,40000.0,7713.33,0.0,0.0
MERKEZ DEPO,LTC-10745,7.00-12 14PR JRS AIOT TTF LW HAVALI SET,LASTIK TICARI,DIGER,IND,HAVALI,HAVALI SIYAH,1.0,0.0,10000.0,2200.0,0.0,0.0
MERKEZ DEPO,LTC-10749,7.50-16 12PR T/T TIRON 701 HAVALI SET,LASTIK TICARI,TİRON,IND,HAVALI,HAVALI SIYAH,2.0,0.0,20000.0,17157.0,4.0,0.0
MERKEZ DEPO,LTC-10758,9.00-20 14PR T/T TIRON 705 HAVALI SET,LASTIK TICARI,TİRON,IND,HAVALI,HAVALI SIYAH,3.0,0.0,30000.0,31390.0,0.0,0.0
MERKEZ DEPO,LTC-10759,11.00-20 16PR BKT PAC MASTER SPL E TT,LASTIK TICARI,BKT,OTR,ORS,COMPACTOR,2.0,0.0,20000.0,9906.78,0.0,0.0
MERKEZ DEPO,LTC-10760,2.50-15 18PR T/T TIRON 704 HAVALI SET,LASTIK TICARI,TİRON,IND,HAVALI,HAVALI SIYAH,4.0,0.0,40000.0,16469.0,0.0,0.0
MERKEZ DEPO,LTC-10768,6.50-10 12PR T/T TIRON 704 HAVALI SET,LASTIK TICARI,TİRON,IND,HAVALI,HAVALI SIYAH,5.0,4.0,10000.0,6278.0,20.0,0.0
MERKEZ DEPO,LTC-10769,28X9-15 (8.15-15) 14PR T/T TIRON 704 HAVALI SET,LASTIK TICARI,TİRON,IND,HAVALI,HAVALI SIYAH,8.0,0.0,80000.0,11739.0,14.0,0.0
MERKEZ DEPO,LTC-10770,3.00-15 18PR T/T TIRON 704 HAVALI SET,LASTIK TICARI,TİRON,IND,HAVALI,HAVALI SIYAH,4.0,0.0,40000.0,19823.0,0.0,0.0
MERKEZ DEPO,LTC-10786,6.00-9 10PR T/T TIRON 704 HAVALI SET,LASTIK TICARI,TİRON,IND,HAVALI,HAVALI SIYAH,6.0,0.0,60000.0,5418.0,8.0,0.0
MERKEZ DEPO,LTC-10790,10.00-20 GALAXY YARDMASTER HAVALI,LASTIK TICARI,GALAXY,OTR,ORS,IDU,6.0,0.0,60000.0,158333.33,0.0,0.0
MERKEZ DEPO,LTC-10805,26.5-25 28PR T/L TIRON 674 L3,LASTIK TICARI,TİRON,OTR,ORS,L3,1.0,0.0,10000.0,128355.0,0.0,0.0
MERKEZ DEPO,LTC-10806,10.00-20 16PR T/T TIRON 653 SET,LASTIK TICARI,TİRON,OTR,ORS,BCP,10.0,0.0,100000.0,24983.0,0.0,0.0
MERKEZ DEPO,LTC-10810,12-16.5 12PR T/L TIRON 656 L2,LASTIK TICARI,TİRON,OTR,ORS,BCP,3.0,0.0,30000.0,14018.0,0.0,0.0
MERKEZ DEPO,LTC-10827,10.00-20 16PR T/T TIRON 423 SET,LASTIK TICARI,TİRON,OTR,ORS,BCP,14.0,0.0,140000.0,24725.0,0.0,0.0
MERKEZ DEPO,LTC-10828,17.5-25 16PR T/L TIRON 674 L3,LASTIK TICARI,TİRON,OTR,ORS,L3,4.0,0.0,40000.0,46526.0,0.0,0.0
MERKEZ DEPO,LTC-10834,5.00-8 10PR T/T TIRON 704 HAVALI SET,LASTIK TICARI,TİRON,IND,HAVALI,HAVALI SIYAH,1.0,0.0,10000.0,3827.0,0.0,0.0
MERKEZ DEPO,LTC-10839,14.00-24 32PR T/L TIRON 660 IND4,LASTIK TICARI,TİRON,OTR,ORS,IDU,14.0,0.0,140000.0,90300.0,0.0,0.0
MERKEZ DEPO,LTC-10849,16.9-28 12PR T/L TIRON 668,LASTIK TICARI,TİRON,OTR,ORS,BCP,2.0,0.0,20000.0,29971.0,0.0,0.0
MERKEZ DEPO,LTC-10852,29.5-25 28PR T/L TIRON 674 L3,LASTIK TICARI,TİRON,OTR,ORS,L3,3.0,0.0,30000.0,160003.0,0.0,0.0
MERKEZ DEPO,LTC-10853,9.00-20 14PR T/T TIRON RR4,LASTIK TICARI,TİRON,IND,HAVALI,HAVALI SIYAH,8.0,0.0,80000.0,38571.0,0.0,0.0
MERKEZ DEPO,LTC-10886,6.00-9 LAUGFS OPTIMA SİYAH DOLGU,LASTIK TICARI,LAUGFS,IND,DOLGU,DOLGU SIYAH CLIP,2.0,0.0,20000.0,6679.2,0.0,0.0
MERKEZ DEPO,LTC-10900,29.5R25 MAXAM MS302 ** K TL,LASTIK TICARI,MAXAM,OTR,ORR,L3,5.0,0.0,50000.0,206708.33,0.0,0.0
IADE VE ARIZALI URUN DEPO,LTC-10928,385/55R22.5 160K(158L) 20PR ETS100 LL (HB) ECE-S 3PMSF EU,LASTIK TICARI,LINGLONG,TBR,UZUN YOL,DUZ,1.0,0.0,10000.0,12278.79,0.0,0.0
MERKEZ DEPO,LTC-10939,225/75R17.5 129/127M SAR1,LASTIK TICARI,SAILUN,LSR,MIDIBUS / KAMYONET,DUZ TIP,2.0,0.0,20000.0,8100.0,0.0,0.0
IADE VE ARIZALI URUN DEPO,LTC-10939,225/75R17.5 129/127M SAR1,LASTIK TICARI,SAILUN,LSR,MIDIBUS / KAMYONET,DUZ TIP,1.0,1.0,0.0,8100.0,0.0,0.0
MERKEZ DEPO,LTC-10940,225/75R17.5 129/127M SDR1,LASTIK TICARI,SAILUN,LSR,MIDIBUS / KAMYONET,CEKER TIP,4.0,0.0,40000.0,8150.0,0.0,0.0
MERKEZ DEPO,LTC-10943,235/75R17.5 143/141K SDR1,LASTIK TICARI,SAILUN,LSR,MIDIBUS / KAMYONET,CEKER TIP,7.0,0.0,70000.0,8716.67,0.0,0.0
MERKEZ DEPO,LTC-10944,245/70R17.5 136/134L SAR1,LASTIK TICARI,SAILUN,LSR,MIDIBUS / KAMYONET,DUZ TIP,51.0,0.0,510000.0,9016.67,0.0,0.0
MERKEZ DEPO,LTC-10945,245/70R17.5 143/141J SAR1,LASTIK TICARI,SAILUN,TBR,BOLGESEL TASIMACILIK,TREYLER,10.0,0.0,100000.0,8925.0,0.0,0.0
IADE VE ARIZALI URUN DEPO,LTC-10945,245/70R17.5 143/141J SAR1,LASTIK TICARI,SAILUN,TBR,BOLGESEL TASIMACILIK,TREYLER,1.0,0.0,10000.0,8925.0,0.0,0.0
IADE VE ARIZALI URUN DEPO,LTC-10946,245/70R17.5 136/134M SDR1,LASTIK TICARI,SAILUN,LSR,MIDIBUS / KAMYONET,CEKER TIP,1.0,0.0,10000.0,9225.0,0.0,0.0
MERKEZ DEPO,LTC-10946,245/70R17.5 136/134M SDR1,LASTIK TICARI,SAILUN,LSR,MIDIBUS / KAMYONET,CEKER TIP,50.0,0.0,500000.0,9225.0,0.0,0.0
MERKEZ DEPO,LTC-10948,265/70R19.5 143/141J SAR1,LASTIK TICARI,SAILUN,TBR,BOLGESEL TASIMACILIK,TREYLER,1.0,0.0,10000.0,12041.67,0.0,0.0
MERKEZ DEPO,LTC-10952,275/70R22.5 148/145M SAR1,LASTIK TICARI,SAILUN,TBR,BOLGESEL TASIMACILIK,DUZ,2.0,0.0,20000.0,12500.0,0.0,0.0
MERKEZ DEPO,LTC-10953,295/80R22.5 154/149M SFR1,LASTIK TICARI,SAILUN,TBR,BOLGESEL TASIMACILIK,DUZ,2.0,0.0,20000.0,9166.66,0.0,0.0
MERKEZ DEPO,LTC-10956,295/80R22.5 152/148J SDO1,LASTIK TICARI,SAILUN,TBR,MADEN,CEKER,2.0,0.0,20000.0,16666.67,0.0,0.0
MERKEZ DEPO,LTC-10957,315/70R22.5 156/150L SFR1,LASTIK TICARI,SAILUN,TBR,BOLGESEL TASIMACILIK,DUZ,2.0,0.0,20000.0,18550.0,0.0,0.0
IADE VE ARIZALI URUN DEPO,LTC-10958,315/70R22.5 154/150L SDR1,LASTIK TICARI,SAILUN,TBR,BOLGESEL TASIMACILIK,CEKER,1.0,0.0,10000.0,18675.0,0.0,0.0
MERKEZ DEPO,LTC-10959,315/80R22.5 156/150L SFR1,LASTIK TICARI,SAILUN,TBR,BOLGESEL TASIMACILIK,DUZ,2.0,0.0,20000.0,19391.67,0.0,0.0
MERKEZ DEPO,LTC-10960,315/80R22.5 156/150L SDR1,LASTIK TICARI,SAILUN,TBR,BOLGESEL TASIMACILIK,CEKER,6.0,0.0,60000.0,18641.67,0.0,0.0
MERKEZ DEPO,LTC-10983,29.5R25 MS501 MINEXTRA**K TL,LASTIK TICARI,MAXAM,OTR,ORR,L5,14.0,0.0,140000.0,321850.0,0.0,0.0
MERKEZ DEPO,LTC-11001,265/70R19.5 143/141J SDR1,LASTIK TICARI,SAILUN,TBR,BOLGESEL TASIMACILIK,CEKER,12.0,0.0,120000.0,11025.0,0.0,0.0
MERKEZ DEPO,LTC-11002,245/70R19.5 136/134M SAR1,LASTIK TICARI,SAILUN,TBR,BOLGESEL TASIMACILIK,DUZ,1.0,0.0,10000.0,10075.0,0.0,0.0
MERKEZ DEPO,LTC-11008,13R22.5 156/150K S711,LASTIK TICARI,SAILUN,TBR,INSAAT HAFRIYAT,CEKER,16.0,0.0,160000.0,20833.33,0.0,0.0
MERKEZ DEPO,LTC-11010,13R22.5 156/150L S815,LASTIK TICARI,SAILUN,TBR,INSAAT HAFRIYAT,DUZ,29.0,0.0,290000.0,20025.0,0.0,0.0
IADE VE ARIZALI URUN DEPO,LTC-11011,215/75R17.5 128/126M SAR1,LASTIK TICARI,SAILUN,LSR,MIDIBUS / KAMYONET,DUZ TIP,1.0,0.0,10000.0,7791.67,0.0,0.0
MERKEZ DEPO,LTC-11012,215/75R17.5 128/126M SDR1,LASTIK TICARI,SAILUN,LSR,MIDIBUS / KAMYONET,CEKER TIP,4.0,0.0,40000.0,8100.0,0.0,0.0
MERKEZ DEPO,LTC-11013,13R22.5 156/150G SDO1,LASTIK TICARI,SAILUN,TBR,MADEN,CEKER,10.0,0.0,100000.0,21241.67,0.0,0.0
MERKEZ DEPO,LTC-11014,385/65R22.5 164K STR1+,LASTIK TICARI,SAILUN,TBR,BOLGESEL TASIMACILIK,TREYLER,3.0,0.0,30000.0,13759.69,0.0,0.0
IADE VE ARIZALI URUN DEPO,LTC-11014,385/65R22.5 164K STR1+,LASTIK TICARI,SAILUN,TBR,BOLGESEL TASIMACILIK,TREYLER,6.0,0.0,60000.0,13759.69,0.0,0.0
MERKEZ DEPO,LTC-11029,14.00R24 MX MS203 1* TL B K VT,LASTIK TICARI,MAXAM,OTR,ORR,G2,6.0,0.0,60000.0,47491.67,0.0,0.0
MERKEZ DEPO,LTC-11031,26.5R25 MS302 ** J TL VT,LASTIK TICARI,MAXAM,OTR,ORR,L3,5.0,0.0,50000.0,158533.33,0.0,0.0
MERKEZ DEPO,LTC-11036,435/50R19.5 160J LT23 22L,LASTIK TICARI,KUMHO,TBR,UZUN YOL,TREYLER,6.0,0.0,60000.0,21083.33,0.0,0.0
MERKEZ DEPO,LTC-11037,295/80R22.5 152/148K 16PR MD41,LASTIK TICARI,KUMHO,TBR,INSAAT HAFRIYAT,CEKER,22.0,24.0,-20000.0,17500.0,0.0,0.0
KUMHO DEPO,LTC-11037,295/80R22.5 152/148K 16PR MD41,LASTIK TICARI,KUMHO,TBR,INSAAT HAFRIYAT,CEKER,80.0,0.0,800000.0,17500.0,0.0,0.0
MERKEZ DEPO,LTC-11038,295/80R22.5 152/148K MA03 16L,LASTIK TICARI,KUMHO,TBR,INSAAT HAFRIYAT,DUZ,4.0,0.0,40000.0,17500.0,0.0,0.0
MERKEZ DEPO,LTC-11039,295/80R22.5 154/149L 18PR XD10,LASTIK TICARI,KUMHO,TBR,BOLGESEL TASIMACILIK,CEKER,6.0,0.0,60000.0,17583.33,0.0,0.0
REYON,LTC-11039,295/80R22.5 154/149L 18PR XD10,LASTIK TICARI,KUMHO,TBR,BOLGESEL TASIMACILIK,CEKER,1.0,0.0,10000.0,17583.33,0.0,0.0
MERKEZ DEPO,LTC-11040,315/80R22.5 156/150L 20PR XD10,LASTIK TICARI,KUMHO,TBR,BOLGESEL TASIMACILIK,CEKER,24.0,0.0,240000.0,17000.0,0.0,0.0
MERKEZ DEPO,LTC-11041,315/70R22.5 154/150L XD10 18L,LASTIK TICARI,KUMHO,TBR,BOLGESEL TASIMACILIK,CEKER,1.0,0.0,10000.0,17000.0,0.0,0.0
MERKEZ DEPO,LTC-11042,295/60R22.5 157/147K 16PR RS03,LASTIK TICARI,KUMHO,TBR,BOLGESEL TASIMACILIK,DUZ,20.0,0.0,200000.0,17166.67,0.0,0.0
KUMHO DEPO,LTC-11043,295/60R22.5 150/147K 16PR RD50,LASTIK TICARI,KUMHO,TBR,BOLGESEL TASIMACILIK,CEKER,127.0,0.0,1270000.0,17166.67,0.0,0.0
MERKEZ DEPO,LTC-11043,295/60R22.5 150/147K 16PR RD50,LASTIK TICARI,KUMHO,TBR,BOLGESEL TASIMACILIK,CEKER,102.0,4.0,980000.0,17166.67,0.0,0.0
MERKEZ DEPO,LTC-11045,315/60R22.5 152/148L XD10 16L,LASTIK TICARI,KUMHO,TBR,UZUN YOL,CEKER,2.0,0.0,20000.0,19333.33,0.0,0.0
KUMHO DEPO,LTC-11046,13R22.5 154/149K FD04 18L,LASTIK TICARI,KUMHO,TBR,MADEN,CEKER,40.0,0.0,400000.0,19083.33,0.0,0.0
MERKEZ DEPO,LTC-11076,315/60R22.5 152/148M CROSSWIND CWD30K,LASTIK TICARI,CROSS WIND,TBR,BOLGESEL TASIMACILIK,CEKER,4.0,0.0,40000.0,16250.0,0.0,0.0
MERKEZ DEPO,LTC-11079,435/50R19.5 160J 20PR STL1 LBESL 4,LASTIK TICARI,SAILUN,TBR,UZUN YOL,TREYLER,1.0,0.0,10000.0,21158.33,0.0,0.0
MERKEZ DEPO,LTC-11089,35/65R33 MS501 MINEXTRA *** TL K,LASTIK TICARI,MAXAM,OTR,ORR,L5,4.0,0.0,40000.0,438016.67,0.0,0.0
MERKEZ DEPO,LTC-11121,16X6-8/4.33 XTR SOLIDEAL RES 660 XTREME BLACK,LASTIK TICARI,SOLIDEAL,IND,DOLGU,DOLGU SIYAH,2.0,0.0,20000.0,,4.0,0.0
IADE VE ARIZALI URUN DEPO,LTC-11123,385/65R22.5 164K STR1+ 24PR,LASTIK TICARI,SAILUN,TBR,BOLGESEL TASIMACILIK,TREYLER,8.0,0.0,80000.0,17400.0,0.0,0.0
MERKEZ DEPO,LTC-11125,315/80R22.5 156/153K S913A 20PR,LASTIK TICARI,SAILUN,TBR,INSAAT HAFRIYAT,CEKER,14.0,0.0,140000.0,19441.67,0.0,0.0
MERKEZ DEPO,LTC-11127,315/70R22.5 156/150L FUEL PRO SFL2 18PR,LASTIK TICARI,SAILUN,TBR,UZUN YOL,DUZ,40.0,6.0,340000.0,17783.33,0.0,0.0
MERKEZ DEPO,LTC-11131,435/50R19.5 160J STL2 20PR,LASTIK TICARI,SAILUN,TBR,UZUN YOL,TREYLER,14.0,0.0,140000.0,20175.0,0.0,0.0
IADE VE ARIZALI URUN DEPO,LTC-11132,385/65R22.5 164K STM1 24PR,LASTIK TICARI,SAILUN,TBR,INSAAT HAFRIYAT,TREYLER,12.0,0.0,120000.0,20008.33,0.0,0.0
MERKEZ DEPO,LTC-11133,315/80R22.5 156/153K SDM1 20PR,LASTIK TICARI,SAILUN,TBR,INSAAT HAFRIYAT,CEKER,8.0,0.0,80000.0,19108.33,0.0,0.0
MERKEZ DEPO,LTC-11136,385/55R19.5 156J STL1 18PR,LASTIK TICARI,SAILUN,TBR,UZUN YOL,TREYLER,37.0,0.0,370000.0,21716.67,0.0,0.0
MERKEZ DEPO,LTC-11137,13R22.5 156/150K SDM1 18PR,LASTIK TICARI,SAILUN,TBR,INSAAT HAFRIYAT,CEKER,6.0,0.0,60000.0,21033.33,0.0,0.0
MERKEZ DEPO,LTC-11145,295/60R22.5 150/147L TRANSPORT PRO D 18PR,LASTIK TICARI,SAILUN,TBR,BOLGESEL UZUN YOL,CEKER,1.0,0.0,10000.0,12841.67,0.0,0.0
MERKEZ DEPO,LTC-11147,315/80R22.5 158/150L TRANSPORT PRO S 18PR,LASTIK TICARI,SAILUN,TBR,BOLGESEL UZUN YOL,DUZ,10.0,0.0,100000.0,18183.33,0.0,0.0
MERKEZ DEPO,LTC-11190,13R22.5 154/149K MA11 18L,LASTIK TICARI,KUMHO,TBR,MADEN,DUZ,121.0,0.0,1210000.0,19083.33,0.0,0.0
KUMHO DEPO,LTC-11190,13R22.5 154/149K MA11 18L,LASTIK TICARI,KUMHO,TBR,MADEN,DUZ,40.0,0.0,400000.0,19083.33,0.0,0.0
MERKEZ DEPO,LTC-11192,315/80R22.5 156/150L XS10 20L,LASTIK TICARI,KUMHO,TBR,BOLGESEL TASIMACILIK,DUZ,22.0,0.0,220000.0,16666.67,0.0,0.0
IADE VE ARIZALI URUN DEPO,LTC-11194,315/80R22.5 156/150L MA31 20L,LASTIK TICARI,KUMHO,TBR,INSAAT HAFRIYAT,DUZ,1.0,0.0,10000.0,18166.67,0.0,0.0
MERKEZ DEPO,LTC-11194,315/80R22.5 156/150L MA31 20L,LASTIK TICARI,KUMHO,TBR,INSAAT HAFRIYAT,DUZ,38.0,0.0,380000.0,18166.67,0.0,0.0
REYON,LTC-11195,315/80R22.5 156/150L MD51 20L,LASTIK TICARI,KUMHO,TBR,INSAAT HAFRIYAT,CEKER,1.0,0.0,10000.0,17666.67,0.0,0.0
MERKEZ DEPO,LTC-11195,315/80R22.5 156/150L MD51 20L,LASTIK TICARI,KUMHO,TBR,INSAAT HAFRIYAT,CEKER,13.0,0.0,130000.0,17666.67,0.0,0.0
MERKEZ DEPO,LTC-11196,385/65R22.5 160K 20L LT03,LASTIK TICARI,KUMHO,TBR,UZUN YOL,TREYLER,149.0,2.0,1470000.0,16833.33,0.0,0.0
KUMHO DEPO,LTC-11196,385/65R22.5 160K 20L LT03,LASTIK TICARI,KUMHO,TBR,UZUN YOL,TREYLER,144.0,0.0,1440000.0,16833.33,0.0,0.0
MERKEZ DEPO,LTC-11200,315/80R22.5 156/150K 20PR MD01,LASTIK TICARI,KUMHO,TBR,INSAAT HAFRIYAT,CEKER,25.0,0.0,250000.0,17833.33,0.0,0.0
MERKEZ DEPO,LTC-11202,26.5R25 MAXAM MS405 DUMPXTRA J **** TL,LASTIK TICARI,MAXAM,OTR,ORR,L4,14.0,0.0,140000.0,160241.67,0.0,0.0
MERKEZ DEPO,LTC-11204,285/70R19.5 146/144M 16PR XA10,LASTIK TICARI,KUMHO,TBR,BOLGESEL TASIMACILIK,DUZ,108.0,0.0,1080000.0,13166.67,0.0,0.0
MERKEZ DEPO,LTC-11209,285/70R19.5 146/144L XD10 16L,LASTIK TICARI,KUMHO,TBR,BOLGESEL TASIMACILIK,CEKER,105.0,0.0,1050000.0,13166.67,0.0,0.0
TICARI DEPO,LTC-11209,285/70R19.5 146/144L XD10 16L,LASTIK TICARI,KUMHO,TBR,BOLGESEL TASIMACILIK,CEKER,4.0,4.0,0.0,13166.67,0.0,0.0
MERKEZ DEPO,LTC-11232,315/70R22.5 156/150K 20PR XA31,LASTIK TICARI,KUMHO,TBR,BOLGESEL TASIMACILIK,DUZ,2.0,1.0,10000.0,17000.0,0.0,0.0
MERKEZ DEPO,LTC-11234,215/75R17.5 128/126M 14PR RS50,LASTIK TICARI,KUMHO,LSR,MIDIBUS / KAMYONET,DUZ TIP,1.0,0.0,10000.0,9583.33,0.0,0.0
MERKEZ DEPO,LTC-11236,225/75R17.5 129/127M 12PR RD50,LASTIK TICARI,KUMHO,LSR,MIDIBUS / KAMYONET,CEKER TIP,1.0,0.0,10000.0,10083.33,0.0,0.0
MERKEZ DEPO,LTC-11237,265/70R19.5 140/138M 16PR RD50,LASTIK TICARI,KUMHO,TBR,BOLGESEL TASIMACILIK,CEKER,20.0,0.0,200000.0,11833.33,0.0,0.0
MERKEZ DEPO,LTC-11240,295/80R22.5 154/149L 18PR XS10,LASTIK TICARI,KUMHO,TBR,BOLGESEL TASIMACILIK,DUZ,2.0,0.0,20000.0,17583.33,0.0,0.0
MERKEZ DEPO,LTC-11243,315/80R22.5 156/150L 20PR RS50,LASTIK TICARI,KUMHO,TBR,BOLGESEL TASIMACILIK,DUZ,5.0,4.0,10000.0,17750.0,0.0,0.0
KUMHO DEPO,LTC-11244,385/55R22.5 160K 20L LT31,LASTIK TICARI,KUMHO,TBR,UZUN YOL,TREYLER,2.0,0.0,20000.0,18333.33,0.0,0.0
MERKEZ DEPO,LTC-11245,205/75R17.5 124/122M 12L XD10,LASTIK TICARI,KUMHO,LSR,MIDIBUS / KAMYONET,CEKER TIP,8.0,0.0,80000.0,9250.0,0.0,0.0
MERKEZ DEPO,LTC-11246,315/60R22.5 154/148L 20L LA31,LASTIK TICARI,KUMHO,TBR,UZUN YOL,DUZ,6.0,0.0,60000.0,20000.0,0.0,0.0
MERKEZ DEPO,LTC-11247,315/80R22.5 TL M+S 156/150K SC700,LASTIK TICARI,PETLAS,TBR,INSAAT HAFRIYAT,DUZ,1.0,0.0,10000.0,16394.0,0.0,0.0
MERKEZ DEPO,LTC-11249,385/65R22.5 160K 20L MA12,LASTIK TICARI,KUMHO,TBR,INSAAT HAFRIYAT,DUZ,1.0,0.0,10000.0,18000.0,0.0,0.0
MERKEZ DEPO,LTC-11253,245/70R17.5 16L XA31,LASTIK TICARI,KUMHO,TBR,BOLGESEL TASIMACILIK,DUZ,62.0,0.0,620000.0,13416.67,0.0,0.0
MERKEZ DEPO,LTC-11255,245/70R17.5 18PR RT03,LASTIK TICARI,KUMHO,TBR,BOLGESEL TASIMACILIK,TREYLER,14.0,0.0,140000.0,12333.33,0.0,0.0
MERKEZ DEPO,LTC-11257,225/75R17.5 129/127M RZ-300,LASTIK TICARI,PETLAS,LSR,MIDIBUS / KAMYONET,CEKER TIP,36.0,0.0,360000.0,8471.67,0.0,0.0
MERKEZ DEPO,LTC-11258,295/60R22.5 16PR 150/147L HIGHWAY D23,LASTIK TICARI,HUBTRAC,TBR,UZUN YOL,CEKER,14.0,0.0,140000.0,11000.0,0.0,0.0
MERKEZ DEPO,LTC-11259,315/60R22.5 16PR 152/148L REGIONAL D11,LASTIK TICARI,HUBTRAC,TBR,BOLGESEL TASIMACILIK,CEKER,52.0,0.0,520000.0,12083.33,0.0,0.0
MERKEZ DEPO,LTC-11260,315/60R22.5 18PR 154/150L REGIONAL S11,LASTIK TICARI,HUBTRAC,TBR,BOLGESEL TASIMACILIK,DUZ,4.0,2.0,20000.0,11500.0,0.0,0.0
TICARI DEPO,LTC-11260,315/60R22.5 18PR 154/150L REGIONAL S11,LASTIK TICARI,HUBTRAC,TBR,BOLGESEL TASIMACILIK,DUZ,2.0,2.0,0.0,11500.0,0.0,0.0
REYON,LTC-11261,315/70R22.5 18PR 156/150L REGIONAL D11,LASTIK TICARI,HUBTRAC,TBR,BOLGESEL TASIMACILIK,CEKER,1.0,0.0,10000.0,13250.0,0.0,0.0
MERKEZ DEPO,LTC-11261,315/70R22.5 18PR 156/150L REGIONAL D11,LASTIK TICARI,HUBTRAC,TBR,BOLGESEL TASIMACILIK,CEKER,2.0,1.0,10000.0,13250.0,0.0,0.0
MERKEZ DEPO,LTC-11263,385/55R22.5 20PR 160J REGIONAL T15,LASTIK TICARI,HUBTRAC,TBR,BOLGESEL TASIMACILIK,TREYLER,19.0,0.0,190000.0,14000.0,0.0,0.0
MERKEZ DEPO,LTC-11270,295/60R22.5 16PR 150/147L REGIONAL D11,LASTIK TICARI,HUBTRAC,TBR,BOLGESEL TASIMACILIK,CEKER,40.0,4.0,360000.0,10916.67,0.0,0.0
MERKEZ DEPO,LTC-11271,295/60R22.5 16PR 150/147L REGIONAL S23,LASTIK TICARI,HUBTRAC,TBR,BOLGESEL TASIMACILIK,DUZ,12.0,2.0,100000.0,10916.67,0.0,0.0
MERKEZ DEPO,LTC-11272,315/80R22.5 20PR 156/150K MIXED D21,LASTIK TICARI,HUBTRAC,TBR,MADEN,CEKER,7.0,0.0,70000.0,14916.67,0.0,0.0
MERKEZ DEPO,LTC-11279,315/60R22.5 18L XD31,LASTIK TICARI,KUMHO,TBR,BOLGESEL TASIMACILIK,CEKER,40.0,0.0,400000.0,19333.33,0.0,0.0
KUMHO DEPO,LTC-11279,315/60R22.5 18L XD31,LASTIK TICARI,KUMHO,TBR,BOLGESEL TASIMACILIK,CEKER,119.0,0.0,1190000.0,19333.33,0.0,0.0
MERKEZ DEPO,LTC-11280,315/80R22.5 20L XD31,LASTIK TICARI,KUMHO,TBR,BOLGESEL TASIMACILIK,CEKER,91.0,16.0,750000.0,17750.0,0.0,0.0
MERKEZ DEPO,LTC-11283,385/55R22.5 20L XA11,LASTIK TICARI,KUMHO,TBR,UZUN YOL,DUZ,32.0,0.0,320000.0,18750.0,0.0,0.0
MERKEZ DEPO,LTC-11284,295/80R22.5 18L CA03,LASTIK TICARI,KUMHO,TBR,SEHIRLER ARASI OTOBUS,DUZ,14.0,0.0,140000.0,16833.33,0.0,0.0
MERKEZ DEPO,LTC-11288,385/65R22.5 20L XA11,LASTIK TICARI,KUMHO,TBR,BOLGESEL TASIMACILIK,DUZ,76.0,12.0,640000.0,16916.67,0.0,0.0
MERKEZ DEPO,LTC-11290,20.5-25 20PR L GALAXY EXR300 E-3/L-3,LASTIK TICARI,GALAXY,OTR,ORS,L3,2.0,2.0,0.0,55000.0,0.0,0.0
MERKEZ DEPO,LTC-11291,315/60R22.5 154/148L KMAX S G3 M+S HL 3PSF,LASTIK TICARI,GOODYEAR,TBR,UZUN YOL,DUZ,3.0,0.0,30000.0,13000.0,0.0,0.0
MERKEZ DEPO,LTC-11292,315/60R22.5 152/150L KMAX D G3 M+S HL 3PSF,LASTIK TICARI,GOODYEAR,TBR,UZUN YOL,CEKER,4.0,0.0,40000.0,13000.0,0.0,0.0
COMPETUS DEPO,LTK-10283,255/60R18 112H XL ULTRAGRIP + SUV MS FP-2024,LASTIK TUKETICI,GOODYEAR,KIS,PSR 4X4-UHP-RFT,PSR 4X4,1.0,0.0,10000.0,8166.67,0.0,0.0
MERKEZ DEPO,LTK-10534,205/55R19 97H XL WINTER I* CEPT EVO 3 W330-2024,LASTIK TUKETICI,HANKOOK,KIS,PSR 4X4-UHP-RFT,PSR UHP,2.0,0.0,20000.0,5750.0,0.0,0.0
COMPETUS DEPO,LTK-10789,225/45R18 95V ULTRAGRIP PERFORMANCE+ -2022,LASTIK TUKETICI,GOODYEAR,KIS,PSR 4X4-UHP-RFT,PSR UHP,4.0,0.0,40000.0,6383.33,0.0,0.0
COMPETUS DEPO,LTK-10790,265/65R18 112T WRANGLERSRA GOODYEAR-2013,LASTIK TUKETICI,GOODYEAR,KIS,PSR 4X4-UHP-RFT,PSR UHP,1.0,0.0,10000.0,,0.0,0.0
COMPETUS DEPO,LTK-10822,255/60R18 112H XL RF TL M+S. SFM EXPLERO WINTER W671-2025,LASTIK TUKETICI,PETLAS,KIS,PSR 4X4-UHP-RFT,PSR 4X4,8.0,0.0,80000.0,6500.0,0.0,0.0
MERKEZ DEPO,LTK-11224,4.00-8 4PR KNK130 SET- IMPLEMENT (BAHÇE - TARLA),LASTIK TUKETICI,ÖZKA,AG,TRAKTOR KNK,TRAKTOR KNK,1.0,0.0,10000.0,,0.0,0.0
COMPETUS DEPO,LTK-11260,235/65R16C 115/113R 8PR TL M+S FULLGRIP PT925,LASTIK TUKETICI,PETLAS,KIS,MINIBUS / KAMYONET,LVR,1.0,0.0,10000.0,5500.0,0.0,0.0
COMPETUS DEPO,LTK-11275,195/75R16C 107/105R FULLGRIP PT925-2025,LASTIK TUKETICI,PETLAS,KIS,MINIBUS / KAMYONET,LVR,6.0,0.0,60000.0,4000.0,0.0,0.0
SANAYI SUBE DEPO,LTK-11490,205/55R16 91V EFFICIENTGRIP PERFORMANCE-2025,LASTIK TUKETICI,GOODYEAR,YAZ,PSR STANDART,PSR 16,194.0,0.0,1940000.0,4375.0,0.0,0.0
MERKEZ DEPO,LTK-11490,205/55R16 91V EFFICIENTGRIP PERFORMANCE-2025,LASTIK TUKETICI,GOODYEAR,YAZ,PSR STANDART,PSR 16,200.0,0.0,2000000.0,4375.0,0.0,0.0
IZMIT SUBE DEPO,LTK-11490,205/55R16 91V EFFICIENTGRIP PERFORMANCE-2025,LASTIK TUKETICI,GOODYEAR,YAZ,PSR STANDART,PSR 16,88.0,0.0,880000.0,4375.0,0.0,0.0
COMPETUS DEPO,LTK-11700,205/50R15 86VRSV-240-2008,LASTIK TUKETICI,REGAL,YAZ,PSR STANDART,PSR 15,1.0,0.0,10000.0,,0.0,0.0
COMPETUS DEPO,LTK-11825,195/60R16C 99T CARRIER WINTER-2024,LASTIK TUKETICI,PIRELLI,KIS,MINIBUS / KAMYONET,LVR,1.0,0.0,10000.0,4333.33,0.0,0.0
IZMIT SUBE DEPO,LTK-11825,195/60R16C 99T CARRIER WINTER-2024,LASTIK TUKETICI,PIRELLI,KIS,MINIBUS / KAMYONET,LVR,4.0,0.0,40000.0,4333.33,0.0,0.0
IZMIT SUBE DEPO,LTK-11829,225/45R17 94V XL TL SNOW MASTER W651 RF-2022,LASTIK TUKETICI,PETLAS,KIS,PSR 4X4-UHP-RFT,PSR UHP,1.0,0.0,10000.0,1125.0,0.0,0.0
IZMIT SUBE DEPO,LTK-11893,195/50R15 82V ROAD PERFORMANCE KO,LASTIK TUKETICI,KORMORAN,YAZ,PSR STANDART,PSR 15,1.0,0.0,10000.0,2416.67,0.0,0.0
IZMIT SUBE DEPO,LTK-12191,215/65R16 98H WINTER I* CEPT RS3 W462-2024,LASTIK TUKETICI,HANKOOK,KIS,PSR STANDART,PSR 16,4.0,0.0,40000.0,4666.67,0.0,0.0
COMPETUS DEPO,LTK-12191,215/65R16 98H WINTER I* CEPT RS3 W462-2024,LASTIK TUKETICI,HANKOOK,KIS,PSR STANDART,PSR 16,80.0,0.0,800000.0,4666.67,0.0,0.0
IZMIT SUBE DEPO,LTK-12240,275/40R20 106V XL SNOW KO SUV-2022,LASTIK TUKETICI,KORMORAN,KIS,PSR 4X4-UHP-RFT,PSR 4X4,2.0,0.0,20000.0,2733.33,0.0,0.0
COMPETUS DEPO,LTK-12246,235/65R16C 115/113R WINTER I* CEPT LV RW12-2025,LASTIK TUKETICI,HANKOOK,KIS,MINIBUS / KAMYONET,LVR,24.0,0.0,240000.0,7500.0,0.0,0.0
MERKEZ DEPO,LTK-12272,600/65R28 AGR10 TL,LASTIK TUKETICI,ÖZKA,AG,TRAKTOR AGR,,2.0,0.0,20000.0,14833.33,0.0,0.0
COMPETUS DEPO,LTK-12332,275/55R20 117V XL EFFICIENTGRIP 2 SUV-2023,LASTIK TUKETICI,GOODYEAR,YAZ,PSR 4X4-UHP-RFT,PSR 4X4,1.0,0.0,10000.0,6416.67,0.0,0.0
IZMIT SUBE DEPO,LTK-12357,235/50R19 103V XL WINTER I* CEPT EVO 3 X W330A-2025,LASTIK TUKETICI,HANKOOK,KIS,PSR 4X4-UHP-RFT,PSR UHP,4.0,0.0,40000.0,8916.67,0.0,0.0
COMPETUS DEPO,LTK-12357,235/50R19 103V XL WINTER I* CEPT EVO 3 X W330A-2025,LASTIK TUKETICI,HANKOOK,KIS,PSR 4X4-UHP-RFT,PSR UHP,16.0,0.0,160000.0,8916.67,0.0,0.0
COMPETUS DEPO,LTK-12405,205/65R16C 107/105T I FIT VAN LY31-2024,LASTIK TUKETICI,LAUFENN,KIS,MINIBUS / KAMYONET,LVR,36.0,0.0,360000.0,4416.67,0.0,0.0
MERKEZ DEPO,LTK-12405,205/65R16C 107/105T I FIT VAN LY31-2024,LASTIK TUKETICI,LAUFENN,KIS,MINIBUS / KAMYONET,LVR,28.0,0.0,280000.0,4416.67,0.0,0.0
IZMIT SUBE DEPO,LTK-12405,205/65R16C 107/105T I FIT VAN LY31-2024,LASTIK TUKETICI,LAUFENN,KIS,MINIBUS / KAMYONET,LVR,4.0,0.0,40000.0,4416.67,0.0,0.0
COMPETUS DEPO,LTK-12443,215/65R15 96H N BLUE HD PLUS-2023,LASTIK TUKETICI,NEXEN,YAZ,PSR STANDART,PSR 15,4.0,0.0,40000.0,2666.67,0.0,0.0
SANAYI SUBE DEPO,LTK-12467,225/55R17 101W XL ECSTA HS52-2024,LASTIK TUKETICI,KUMHO,YAZ,PSR 4X4-UHP-RFT,PSR UHP,1.0,0.0,10000.0,3283.33,0.0,0.0
IZMIT SUBE DEPO,LTK-12622,205/60R16 96H XL WINTER I* CEPT RS3 W462-2025,LASTIK TUKETICI,HANKOOK,KIS,PSR STANDART,PSR 16,3.0,0.0,30000.0,4416.67,0.0,0.0
COMPETUS DEPO,LTK-12630,285/40R23 115V XL HL (LR) NCS SCORPION WINTER 2-2024,LASTIK TUKETICI,PIRELLI,KIS,PSR 4X4-UHP-RFT,PSR 4X4,8.0,0.0,80000.0,22750.0,0.0,0.0
COMPETUS DEPO,LTK-12632,225/70R15C 112/110R WINTER I* CEPT LV RW12-2024,LASTIK TUKETICI,HANKOOK,KIS,MINIBUS / KAMYONET,LVR,60.0,0.0,600000.0,5333.33,0.0,0.0
COMPETUS DEPO,LTK-12645,225/70R15C 112/110R I FIT VAN LY31,LASTIK TUKETICI,LAUFENN,KIS,MINIBUS / KAMYONET,LVR,56.0,0.0,560000.0,4500.0,0.0,0.0
SANAYI SUBE DEPO,LTK-12664,155/70R13 75T PERFECTA-2024,LASTIK TUKETICI,SAVA,YAZ,PSR STANDART,PSR 13-14,1.0,0.0,10000.0,2000.0,0.0,0.0
IZMIT SUBE DEPO,LTK-12712,215/55R17 98V XL WINTER I* CEPT RS3 W462-2025,LASTIK TUKETICI,HANKOOK,KIS,PSR 4X4-UHP-RFT,PSR UHP,4.0,0.0,40000.0,6000.0,0.0,0.0
COMPETUS DEPO,LTK-12712,215/55R17 98V XL WINTER I* CEPT RS3 W462-2025,LASTIK TUKETICI,HANKOOK,KIS,PSR 4X4-UHP-RFT,PSR UHP,24.0,0.0,240000.0,6000.0,0.0,0.0
SANAYI SUBE DEPO,LTK-12714,235/55R18 100V EAGLE SPORT 2 SUV-2024,LASTIK TUKETICI,GOODYEAR,YAZ,PSR 4X4-UHP-RFT,PSR 4X4,4.0,0.0,40000.0,5400.0,0.0,0.0
IZMIT SUBE DEPO,LTK-12756,185R14C 102/100R 8PR VANMILE-2025,LASTIK TUKETICI,MILESTONE,YAZ,MINIBUS / KAMYONET,LVR,4.0,0.0,40000.0,2333.33,0.0,0.0
IZMIT SUBE DEPO,LTK-12762,215/55R17 98W XL EFFICIENTGRIP PERFORMANCE-2024,LASTIK TUKETICI,GOODYEAR,YAZ,PSR 4X4-UHP-RFT,PSR UHP,1.0,0.0,10000.0,6083.33,0.0,0.0
SANAYI SUBE DEPO,LTK-12769,255/35R19 96Y XL VENTUS S1 EVO 3 K127B RFT-2024,LASTIK TUKETICI,HANKOOK,YAZ,PSR 4X4-UHP-RFT,PSR RFT,1.0,0.0,10000.0,7250.0,0.0,0.0
COMPETUS DEPO,LTK-12854,195/55R16 87H I FIT+ LW31-2025,LASTIK TUKETICI,LAUFENN,KIS,PSR STANDART,PSR 16,8.0,0.0,80000.0,3583.33,0.0,0.0
COMPETUS DEPO,LTK-12855,195/55R16 87H WINTER I* CEPT RS3 W462-2025,LASTIK TUKETICI,HANKOOK,KIS,PSR STANDART,PSR 16,24.0,0.0,240000.0,4666.67,0.0,0.0
IZMIT SUBE DEPO,LTK-12855,195/55R16 87H WINTER I* CEPT RS3 W462-2025,LASTIK TUKETICI,HANKOOK,KIS,PSR STANDART,PSR 16,4.0,0.0,40000.0,4666.67,0.0,0.0
IZMIT SUBE DEPO,LTK-12856,195/70R15C 104/102R WINTER I* CEPT LV RW12-2024,LASTIK TUKETICI,HANKOOK,KIS,MINIBUS / KAMYONET,LVR,2.0,0.0,20000.0,4333.33,0.0,0.0
COMPETUS DEPO,LTK-12856,195/70R15C 104/102R WINTER I* CEPT LV RW12-2024,LASTIK TUKETICI,HANKOOK,KIS,MINIBUS / KAMYONET,LVR,22.0,0.0,220000.0,4333.33,0.0,0.0
COMPETUS DEPO,LTK-12857,195/70R15C 104/102R I FIT VAN LY31-2024,LASTIK TUKETICI,LAUFENN,KIS,MINIBUS / KAMYONET,LVR,12.0,0.0,120000.0,3583.33,0.0,0.0
COMPETUS DEPO,LTK-12858,195/75R16C 107/105R VANPRO WINTER-2025,LASTIK TUKETICI,KORMORAN,KIS,MINIBUS / KAMYONET,LVR,38.0,0.0,380000.0,4500.0,0.0,0.0
COMPETUS DEPO,LTK-12860,205/60R16 96H XL I FIT+ LW31-2025,LASTIK TUKETICI,LAUFENN,KIS,PSR STANDART,PSR 16,93.0,0.0,930000.0,3583.33,0.0,0.0
COMPETUS DEPO,LTK-12861,205/65R16C 107/105T WINTER I* CEPT LV RW12-2025,LASTIK TUKETICI,HANKOOK,KIS,MINIBUS / KAMYONET,LVR,72.0,0.0,720000.0,5833.33,0.0,0.0
COMPETUS DEPO,LTK-12862,205/75R16C 110/108R WINTER I* CEPT LV RW12-2025,LASTIK TUKETICI,HANKOOK,KIS,MINIBUS / KAMYONET,LVR,2.0,0.0,20000.0,5500.0,0.0,0.0
MERKEZ DEPO,LTK-12863,215/55R17 98V XL WINGUARD SPORT 2-2025,LASTIK TUKETICI,NEXEN,KIS,PSR 4X4-UHP-RFT,PSR UHP,9.0,0.0,90000.0,5000.0,0.0,0.0
IZMIT SUBE DEPO,LTK-12863,215/55R17 98V XL WINGUARD SPORT 2-2025,LASTIK TUKETICI,NEXEN,KIS,PSR 4X4-UHP-RFT,PSR UHP,4.0,0.0,40000.0,5000.0,0.0,0.0
COMPETUS DEPO,LTK-12863,215/55R17 98V XL WINGUARD SPORT 2-2025,LASTIK TUKETICI,NEXEN,KIS,PSR 4X4-UHP-RFT,PSR UHP,4.0,0.0,40000.0,5000.0,0.0,0.0
COMPETUS DEPO,LTK-12864,215/60R16 99H XL WINTER I* CEPT RS3 W462-2025,LASTIK TUKETICI,HANKOOK,KIS,PSR STANDART,PSR 16,3.0,0.0,30000.0,5166.67,0.0,0.0
COMPETUS DEPO,LTK-12865,215/65R16 98T WINGUARD SPORT 2 SUV-2025,LASTIK TUKETICI,NEXEN,KIS,PSR 4X4-UHP-RFT,PSR 4X4,59.0,0.0,590000.0,4000.0,0.0,0.0
IZMIT SUBE DEPO,LTK-12865,215/65R16 98T WINGUARD SPORT 2 SUV-2025,LASTIK TUKETICI,NEXEN,KIS,PSR 4X4-UHP-RFT,PSR 4X4,8.0,0.0,80000.0,4000.0,0.0,0.0
COMPETUS DEPO,LTK-12866,225/45R19 96V XL WINTER I* CEPT EVO 3 W330-2025,LASTIK TUKETICI,HANKOOK,KIS,PSR 4X4-UHP-RFT,PSR UHP,8.0,0.0,80000.0,9750.0,0.0,0.0
IZMIT SUBE DEPO,LTK-12867,225/55R17 101V XL WINTER I* CEPT RS3 W462-2025,LASTIK TUKETICI,HANKOOK,KIS,PSR 4X4-UHP-RFT,PSR UHP,4.0,0.0,40000.0,5916.67,0.0,0.0
COMPETUS DEPO,LTK-12867,225/55R17 101V XL WINTER I* CEPT RS3 W462-2025,LASTIK TUKETICI,HANKOOK,KIS,PSR 4X4-UHP-RFT,PSR UHP,67.0,0.0,670000.0,5916.67,0.0,0.0
IZMIT SUBE DEPO,LTK-12868,235/50R19 103V XL WINGUARD SPORT 3-2025,LASTIK TUKETICI,NEXEN,KIS,PSR 4X4-UHP-RFT,PSR 4X4,2.0,0.0,20000.0,8000.0,0.0,0.0
MERKEZ DEPO,LTK-12868,235/50R19 103V XL WINGUARD SPORT 3-2025,LASTIK TUKETICI,NEXEN,KIS,PSR 4X4-UHP-RFT,PSR 4X4,59.0,0.0,590000.0,8000.0,0.0,0.0
COMPETUS DEPO,LTK-12869,235/55R18 104H XL WINGUARD SPORT 2 SUV-2025,LASTIK TUKETICI,NEXEN,KIS,PSR 4X4-UHP-RFT,PSR 4X4,16.0,0.0,160000.0,5833.33,0.0,0.0
MERKEZ DEPO,LTK-12870,235/55R18 104V XL WINTER I* CEPT EVO 3 X W330A-2024,LASTIK TUKETICI,HANKOOK,KIS,PSR 4X4-UHP-RFT,PSR UHP,8.0,0.0,80000.0,7583.33,0.0,0.0
IZMIT SUBE DEPO,LTK-12870,235/55R18 104V XL WINTER I* CEPT EVO 3 X W330A-2024,LASTIK TUKETICI,HANKOOK,KIS,PSR 4X4-UHP-RFT,PSR UHP,4.0,0.0,40000.0,7583.33,0.0,0.0
COMPETUS DEPO,LTK-12883,215/65R16C 109/107T ALL SEASON LIGHT TRUCK-2025,LASTIK TUKETICI,KORMORAN,4 MEVSIM,MINIBUS / KAMYONET,LVR,1.0,0.0,10000.0,4783.33,0.0,0.0
MERKEZ DEPO,LTK-12886,215/65R16C 109/107T WINTER I* CEPT LVR W12-2024,LASTIK TUKETICI,HANKOOK,KIS,MINIBUS / KAMYONET,LVR,15.0,0.0,150000.0,6000.0,0.0,0.0
IZMIT SUBE DEPO,LTK-12886,215/65R16C 109/107T WINTER I* CEPT LVR W12-2024,LASTIK TUKETICI,HANKOOK,KIS,MINIBUS / KAMYONET,LVR,4.0,0.0,40000.0,6000.0,0.0,0.0
COMPETUS DEPO,LTK-12929,225/50R18 99V XL WINTER I* CEPT EVO3 W330-2025,LASTIK TUKETICI,HANKOOK,KIS,PSR 4X4-UHP-RFT,PSR UHP,3.0,0.0,30000.0,8000.0,0.0,0.0
TEDARIKCI SEVK AMBARI,LTK-12994,9.5R20 AGR10,LASTIK TUKETICI,ÖZKA,AG,TRAKTOR AGR,TRAKTOR AGR,2.0,2.0,0.0,11450.0,0.0,0.0
SANAYI SUBE DEPO,LTK-12995,255/35ZR20 97Y XL P ZERO (MO)-2025,LASTIK TUKETICI,PIRELLI,YAZ,PSR 4X4-UHP-RFT,PSR UHP,2.0,0.0,20000.0,9500.0,0.0,0.0
COMPETUS DEPO,MTD-1580950-25,185/55R14 80H MP47 HECTORRA 3 D-C-70db,LASTIK TUKETICI,MATADOR,YAZ,PSR STANDART,PSR 13-14,32.0,0.0,320000.0,4278.0,0.0,0.0
SANAYI SUBE DEPO,MTD-1580950-25,185/55R14 80H MP47 HECTORRA 3 D-C-70db,LASTIK TUKETICI,MATADOR,YAZ,PSR STANDART,PSR 13-14,4.0,0.0,40000.0,4278.0,0.0,0.0
COMPETUS DEPO,MTD-1581068,185/60R14 82T MP62 ALL WEATHER EVO-2024 E-C-71db,LASTIK TUKETICI,MATADOR,4 MEVSIM,PSR STANDART,PSR 13-14,1.0,0.0,10000.0,1951.2,0.0,0.0
COMPETUS DEPO,MTD-1581068-25,185/60R14 82T MP62 ALL WEATHER EVO E-C-71db,LASTIK TUKETICI,MATADOR,4 MEVSIM,PSR STANDART,PSR 13-14,20.0,0.0,200000.0,3468.0,0.0,0.0
SANAYI SUBE DEPO,MTD-1581072-25,185/65R15 88T MP62 ALL WEATHER EVO D-C-71db,LASTIK TUKETICI,MATADOR,4 MEVSIM,PSR STANDART,PSR 15,4.0,0.0,40000.0,4094.0,0.0,0.0
MERKEZ DEPO,MTD-1581072-25,185/65R15 88T MP62 ALL WEATHER EVO D-C-71db,LASTIK TUKETICI,MATADOR,4 MEVSIM,PSR STANDART,PSR 15,13.0,0.0,130000.0,4094.0,0.0,0.0
IZMIT SUBE DEPO,MTD-1581072-25,185/65R15 88T MP62 ALL WEATHER EVO D-C-71db,LASTIK TUKETICI,MATADOR,4 MEVSIM,PSR STANDART,PSR 15,8.0,0.0,80000.0,4094.0,0.0,0.0
COMPETUS DEPO,MTD-1581076-25,215/65R16 98H FR MP62 ALL WEATHER EVO D-C-72db,LASTIK TUKETICI,MATADOR,4 MEVSIM,PSR 4X4-UHP-RFT,PSR 4X4,30.0,0.0,300000.0,5567.0,0.0,0.0
COMPETUS DEPO,MTD-1581077-25,205/55R16 94V XL MP62 ALL WEATHER EVO C-C-72db,LASTIK TUKETICI,MATADOR,4 MEVSIM,PSR STANDART,PSR 16,42.0,0.0,420000.0,4122.0,0.0,0.0
IZMIT SUBE DEPO,MTD-1581077-25,205/55R16 94V XL MP62 ALL WEATHER EVO C-C-72db,LASTIK TUKETICI,MATADOR,4 MEVSIM,PSR STANDART,PSR 16,4.0,0.0,40000.0,4122.0,0.0,0.0
IZMIT SUBE DEPO,MTD-1581079-25,205/60R16 96H XL MP62 ALL WEATHER EVO D-C-72db,LASTIK TUKETICI,MATADOR,4 MEVSIM,PSR STANDART,PSR 16,4.0,0.0,40000.0,5453.0,0.0,0.0
MERKEZ DEPO,MTD-1581105-25,215/55R16 97V XL MP62 ALL WEATHER EVO D-C-72db,LASTIK TUKETICI,MATADOR,4 MEVSIM,PSR STANDART,PSR 16,3.0,0.0,30000.0,6088.0,0.0,0.0
COMPETUS DEPO,MTD-1581105-25,215/55R16 97V XL MP62 ALL WEATHER EVO D-C-72db,LASTIK TUKETICI,MATADOR,4 MEVSIM,PSR STANDART,PSR 16,8.0,0.0,80000.0,6088.0,0.0,0.0
MERKEZ DEPO,MTD-1581105-26,215/55R16 97V XL MP62 ALL WEATHER EVO D-C-72db,LASTIK TUKETICI,MATADOR,4 MEVSIM,PSR STANDART,PSR 16,1.0,0.0,10000.0,6088.0,0.0,0.0
COMPETUS DEPO,MTD-1581119-25,185/60R15 88H XL HECTORRA5 C-B-71db,LASTIK TUKETICI,MATADOR,YAZ,PSR STANDART,PSR 15,15.0,0.0,150000.0,4405.0,0.0,0.0
SANAYI SUBE DEPO,MTD-1581119-25,185/60R15 88H XL HECTORRA5 C-B-71db,LASTIK TUKETICI,MATADOR,YAZ,PSR STANDART,PSR 15,4.0,0.0,40000.0,4405.0,0.0,0.0
COMPETUS DEPO,MTD-1581120-25,245/40R18 97Y XL FR HECTORRA5 C-B-72db,LASTIK TUKETICI,MATADOR,YAZ,PSR 4X4-UHP-RFT,PSR UHP,17.0,0.0,170000.0,5426.0,0.0,0.0
SANAYI SUBE DEPO,MTD-1581121,165/65R14 79T HECTORRA5 D-B-70db,LASTIK TUKETICI,MATADOR,YAZ,PSR STANDART,PSR 13-14,3.0,0.0,30000.0,2029.2,0.0,0.0
SANAYI SUBE DEPO,MTD-1581122-25,175/65R14 82T HECTORRA5 D-B-70db,LASTIK TUKETICI,MATADOR,YAZ,PSR STANDART,PSR 13-14,2.0,0.0,20000.0,3840.0,0.0,0.0
IZMIT SUBE DEPO,MTD-1581122-25,175/65R14 82T HECTORRA5 D-B-70db,LASTIK TUKETICI,MATADOR,YAZ,PSR STANDART,PSR 13-14,5.0,0.0,50000.0,3840.0,0.0,0.0
COMPETUS DEPO,MTD-1581122-25,175/65R14 82T HECTORRA5 D-B-70db,LASTIK TUKETICI,MATADOR,YAZ,PSR STANDART,PSR 13-14,134.0,0.0,1340000.0,3840.0,0.0,0.0
COMPETUS DEPO,MTD-1581126-25,185/65R14 86T HECTORRA5 C-B-70db,LASTIK TUKETICI,MATADOR,YAZ,PSR STANDART,PSR 13-14,70.0,0.0,700000.0,3933.0,0.0,0.0
MERKEZ DEPO,MTD-1581126-25,185/65R14 86T HECTORRA5 C-B-70db,LASTIK TUKETICI,MATADOR,YAZ,PSR STANDART,PSR 13-14,88.0,0.0,880000.0,3933.0,0.0,0.0
IZMIT SUBE DEPO,MTD-1581126-25,185/65R14 86T HECTORRA5 C-B-70db,LASTIK TUKETICI,MATADOR,YAZ,PSR STANDART,PSR 13-14,4.0,0.0,40000.0,3933.0,0.0,0.0
COMPETUS DEPO,MTD-1581126-26,185/65R14 86T HECTORRA5 C-B-70db,LASTIK TUKETICI,MATADOR,YAZ,PSR STANDART,PSR 13-14,278.0,0.0,2780000.0,3933.0,0.0,0.0
SANAYI SUBE DEPO,MTD-1581126-26,185/65R14 86T HECTORRA5 C-B-70db,LASTIK TUKETICI,MATADOR,YAZ,PSR STANDART,PSR 13-14,8.0,0.0,80000.0,3933.0,0.0,0.0
IZMIT SUBE DEPO,MTD-1581126-26,185/65R14 86T HECTORRA5 C-B-70db,LASTIK TUKETICI,MATADOR,YAZ,PSR STANDART,PSR 13-14,4.0,0.0,40000.0,3933.0,0.0,0.0
SANAYI SUBE DEPO,MTD-1581128-25,195/55R16 87V HECTORRA5 C-B-71db,LASTIK TUKETICI,MATADOR,YAZ,PSR STANDART,PSR 16,5.0,0.0,50000.0,4652.0,0.0,0.0
COMPETUS DEPO,MTD-1581128-25,195/55R16 87V HECTORRA5 C-B-71db,LASTIK TUKETICI,MATADOR,YAZ,PSR STANDART,PSR 16,8.0,0.0,80000.0,4652.0,0.0,0.0
IZMIT SUBE DEPO,MTD-1581128-25,195/55R16 87V HECTORRA5 C-B-71db,LASTIK TUKETICI,MATADOR,YAZ,PSR STANDART,PSR 16,4.0,0.0,40000.0,4652.0,0.0,0.0
COMPETUS DEPO,MTD-1581128-26,195/55R16 87V HECTORRA5 C-B-71db,LASTIK TUKETICI,MATADOR,YAZ,PSR STANDART,PSR 16,158.0,0.0,1580000.0,4652.0,0.0,0.0
IZMIT SUBE DEPO,MTD-1581128-26,195/55R16 87V HECTORRA5 C-B-71db,LASTIK TUKETICI,MATADOR,YAZ,PSR STANDART,PSR 16,4.0,0.0,40000.0,4652.0,0.0,0.0
COMPETUS DEPO,MTD-1581130-25,205/45R17 88Y XL FR HECTORRA5 C-B-72db,LASTIK TUKETICI,MATADOR,YAZ,PSR 4X4-UHP-RFT,PSR UHP,19.0,0.0,190000.0,5154.0,0.0,0.0
COMPETUS DEPO,MTD-1581130-26,205/45R17 88Y XL FR HECTORRA5 C-B-72db,LASTIK TUKETICI,MATADOR,YAZ,PSR 4X4-UHP-RFT,PSR UHP,30.0,0.0,300000.0,5154.0,0.0,0.0
IZMIT SUBE DEPO,MTD-1581130-26,205/45R17 88Y XL FR HECTORRA5 C-B-72db,LASTIK TUKETICI,MATADOR,YAZ,PSR 4X4-UHP-RFT,PSR UHP,4.0,0.0,40000.0,5154.0,0.0,0.0
IZMIT SUBE DEPO,MTD-1581131-25,205/50R17 93Y XL FR HECTORRA5 C-B-72db,LASTIK TUKETICI,MATADOR,YAZ,PSR 4X4-UHP-RFT,PSR UHP,4.0,0.0,40000.0,4981.0,0.0,0.0
COMPETUS DEPO,MTD-1581131-25,205/50R17 93Y XL FR HECTORRA5 C-B-72db,LASTIK TUKETICI,MATADOR,YAZ,PSR 4X4-UHP-RFT,PSR UHP,11.0,0.0,110000.0,4981.0,0.0,0.0
SANAYI SUBE DEPO,MTD-1581133-25,205/55R16 91V HECTORRA5 C-B-71db,LASTIK TUKETICI,MATADOR,YAZ,PSR STANDART,PSR 16,6.0,0.0,60000.0,3864.0,0.0,0.0
COMPETUS DEPO,MTD-1581133-25,205/55R16 91V HECTORRA5 C-B-71db,LASTIK TUKETICI,MATADOR,YAZ,PSR STANDART,PSR 16,367.0,0.0,3670000.0,3864.0,0.0,0.0
IZMIT SUBE DEPO,MTD-1581133-25,205/55R16 91V HECTORRA5 C-B-71db,LASTIK TUKETICI,MATADOR,YAZ,PSR STANDART,PSR 16,19.0,0.0,190000.0,3864.0,0.0,0.0
COMPETUS DEPO,MTD-1581133-26,205/55R16 91V HECTORRA5 C-B-71db,LASTIK TUKETICI,MATADOR,YAZ,PSR STANDART,PSR 16,52.0,0.0,520000.0,3864.0,0.0,0.0
IZMIT SUBE DEPO,MTD-1581133-26,205/55R16 91V HECTORRA5 C-B-71db,LASTIK TUKETICI,MATADOR,YAZ,PSR STANDART,PSR 16,4.0,0.0,40000.0,3864.0,0.0,0.0
SANAYI SUBE DEPO,MTD-1581135-25,205/55R17 95V XL FR HECTORRA5 C-B-72db,LASTIK TUKETICI,MATADOR,YAZ,PSR 4X4-UHP-RFT,PSR UHP,3.0,0.0,30000.0,6266.0,0.0,0.0
IZMIT SUBE DEPO,MTD-1581135-25,205/55R17 95V XL FR HECTORRA5 C-B-72db,LASTIK TUKETICI,MATADOR,YAZ,PSR 4X4-UHP-RFT,PSR UHP,4.0,0.0,40000.0,6266.0,0.0,0.0
COMPETUS DEPO,MTD-1581136-25,205/60R16 92H HECTORRA5 C-B-71db,LASTIK TUKETICI,MATADOR,YAZ,PSR STANDART,PSR 16,1.0,0.0,10000.0,5173.0,0.0,0.0
IZMIT SUBE DEPO,MTD-1581137-26,205/60R16 92V HECTORRA5 C-B-71db,LASTIK TUKETICI,MATADOR,YAZ,PSR STANDART,PSR 16,4.0,0.0,40000.0,5622.0,0.0,0.0
COMPETUS DEPO,MTD-1581137-26,205/60R16 92V HECTORRA5 C-B-71db,LASTIK TUKETICI,MATADOR,YAZ,PSR STANDART,PSR 16,139.0,0.0,1390000.0,5622.0,0.0,0.0
IZMIT SUBE DEPO,MTD-1581138-25,205/60R16 96W XL HECTORRA5 C-B-72db,LASTIK TUKETICI,MATADOR,YAZ,PSR STANDART,PSR 16,4.0,0.0,40000.0,6172.0,0.0,0.0
COMPETUS DEPO,MTD-1581138-25,205/60R16 96W XL HECTORRA5 C-B-72db,LASTIK TUKETICI,MATADOR,YAZ,PSR STANDART,PSR 16,7.0,0.0,70000.0,6172.0,0.0,0.0
COMPETUS DEPO,MTD-1581138-26,205/60R16 96W XL HECTORRA5 C-B-72db,LASTIK TUKETICI,MATADOR,YAZ,PSR STANDART,PSR 16,61.0,0.0,610000.0,6172.0,0.0,0.0
SANAYI SUBE DEPO,MTD-1581138-26,205/60R16 96W XL HECTORRA5 C-B-72db,LASTIK TUKETICI,MATADOR,YAZ,PSR STANDART,PSR 16,4.0,0.0,40000.0,6172.0,0.0,0.0
COMPETUS DEPO,MTD-1581140-25,215/50R17 95W XL FR HECTORRA5 C-B-72db,LASTIK TUKETICI,MATADOR,YAZ,PSR 4X4-UHP-RFT,PSR UHP,52.0,0.0,520000.0,5494.0,0.0,0.0
COMPETUS DEPO,MTD-1581140-26,215/50R17 95W XL FR HECTORRA5 C-B-72db,LASTIK TUKETICI,MATADOR,YAZ,PSR 4X4-UHP-RFT,PSR UHP,4.0,0.0,40000.0,5494.0,0.0,0.0
COMPETUS DEPO,MTD-1581141-25,215/55R16 93V HECTORRA5 C-B-71db,LASTIK TUKETICI,MATADOR,YAZ,PSR STANDART,PSR 16,74.0,0.0,740000.0,5557.0,0.0,0.0
IZMIT SUBE DEPO,MTD-1581141-25,215/55R16 93V HECTORRA5 C-B-71db,LASTIK TUKETICI,MATADOR,YAZ,PSR STANDART,PSR 16,4.0,0.0,40000.0,5557.0,0.0,0.0
COMPETUS DEPO,MTD-1581141-26,215/55R16 93V HECTORRA5 C-B-71db,LASTIK TUKETICI,MATADOR,YAZ,PSR STANDART,PSR 16,206.0,0.0,2060000.0,5557.0,0.0,0.0
TICARI DEPO,MTD-1581143-25,215/55R17 98Y XL FR HECTORRA5 C-B-72db,LASTIK TUKETICI,MATADOR,YAZ,PSR 4X4-UHP-RFT,PSR UHP,2.0,2.0,0.0,5433.0,0.0,0.0
IZMIT SUBE DEPO,MTD-1581143-25,215/55R17 98Y XL FR HECTORRA5 C-B-72db,LASTIK TUKETICI,MATADOR,YAZ,PSR 4X4-UHP-RFT,PSR UHP,4.0,0.0,40000.0,5433.0,0.0,0.0
SANAYI SUBE DEPO,MTD-1581143-25,215/55R17 98Y XL FR HECTORRA5 C-B-72db,LASTIK TUKETICI,MATADOR,YAZ,PSR 4X4-UHP-RFT,PSR UHP,2.0,0.0,20000.0,5433.0,0.0,0.0
COMPETUS DEPO,MTD-1581143-25,215/55R17 98Y XL FR HECTORRA5 C-B-72db,LASTIK TUKETICI,MATADOR,YAZ,PSR 4X4-UHP-RFT,PSR UHP,36.0,0.0,360000.0,5433.0,0.0,0.0
COMPETUS DEPO,MTD-1581143-26,215/55R17 98Y XL FR HECTORRA5 C-B-72db,LASTIK TUKETICI,MATADOR,YAZ,PSR 4X4-UHP-RFT,PSR UHP,84.0,0.0,840000.0,5433.0,0.0,0.0
IZMIT SUBE DEPO,MTD-1581143-26,215/55R17 98Y XL FR HECTORRA5 C-B-72db,LASTIK TUKETICI,MATADOR,YAZ,PSR 4X4-UHP-RFT,PSR UHP,4.0,0.0,40000.0,5433.0,0.0,0.0
SANAYI SUBE DEPO,MTD-1581145-25,215/60R16 99H XL HECTORRA5 C-B-72db,LASTIK TUKETICI,MATADOR,YAZ,PSR STANDART,PSR 16,1.0,0.0,10000.0,6273.0,0.0,0.0
MERKEZ DEPO,MTD-1581145-25,215/60R16 99H XL HECTORRA5 C-B-72db,LASTIK TUKETICI,MATADOR,YAZ,PSR STANDART,PSR 16,4.0,0.0,40000.0,6273.0,0.0,0.0
COMPETUS DEPO,MTD-1581145-25,215/60R16 99H XL HECTORRA5 C-B-72db,LASTIK TUKETICI,MATADOR,YAZ,PSR STANDART,PSR 16,29.0,0.0,290000.0,6273.0,0.0,0.0
IZMIT SUBE DEPO,MTD-1581146-25,215/60R17 96H FR HECTORRA5 C-B-71db,LASTIK TUKETICI,MATADOR,YAZ,PSR 4X4-UHP-RFT,PSR UHP,4.0,0.0,40000.0,6176.0,0.0,0.0
COMPETUS DEPO,MTD-1581146-25,215/60R17 96H FR HECTORRA5 C-B-71db,LASTIK TUKETICI,MATADOR,YAZ,PSR 4X4-UHP-RFT,PSR UHP,54.0,0.0,540000.0,6176.0,0.0,0.0
SANAYI SUBE DEPO,MTD-1581146-25,215/60R17 96H FR HECTORRA5 C-B-71db,LASTIK TUKETICI,MATADOR,YAZ,PSR 4X4-UHP-RFT,PSR UHP,4.0,0.0,40000.0,6176.0,0.0,0.0
COMPETUS DEPO,MTD-1581147-26,215/65R16 98H HECTORRA5 C-B-71db,LASTIK TUKETICI,MATADOR,YAZ,PSR STANDART,PSR 16,44.0,0.0,440000.0,5624.0,0.0,0.0
IZMIT SUBE DEPO,MTD-1581147-26,215/65R16 98H HECTORRA5 C-B-71db,LASTIK TUKETICI,MATADOR,YAZ,PSR STANDART,PSR 16,4.0,0.0,40000.0,5624.0,0.0,0.0
COMPETUS DEPO,MTD-1581149,225/45R18 95Y XL FR HECTORRA5 C-B-72db,LASTIK TUKETICI,MATADOR,YAZ,PSR 4X4-UHP-RFT,PSR UHP,1.0,0.0,10000.0,3355.8,0.0,0.0
COMPETUS DEPO,MTD-1581149-26,225/45R18 95Y XL FR HECTORRA5 C-B-72db,LASTIK TUKETICI,MATADOR,YAZ,PSR 4X4-UHP-RFT,PSR UHP,12.0,0.0,120000.0,5964.0,0.0,0.0
IZMIT SUBE DEPO,MTD-1581149-26,225/45R18 95Y XL FR HECTORRA5 C-B-72db,LASTIK TUKETICI,MATADOR,YAZ,PSR 4X4-UHP-RFT,PSR UHP,4.0,0.0,40000.0,5964.0,0.0,0.0
COMPETUS DEPO,MTD-1581150-25,225/50R17 98V XL FR HECTORRA5 C-B-72db,LASTIK TUKETICI,MATADOR,YAZ,PSR 4X4-UHP-RFT,PSR UHP,31.0,0.0,310000.0,5397.0,0.0,0.0
IZMIT SUBE DEPO,MTD-1581152,225/55R17 101Y XL FR HECTORRA5 C-B-72db,LASTIK TUKETICI,MATADOR,YAZ,PSR 4X4-UHP-RFT,PSR UHP,2.0,0.0,20000.0,3115.8,0.0,0.0
COMPETUS DEPO,MTD-1581153-25,225/55R18 98V FR HECTORRA5 C-B-71db,LASTIK TUKETICI,MATADOR,YAZ,PSR 4X4-UHP-RFT,PSR UHP,4.0,0.0,40000.0,6847.0,0.0,0.0
SANAYI SUBE DEPO,MTD-1581153-25,225/55R18 98V FR HECTORRA5 C-B-71db,LASTIK TUKETICI,MATADOR,YAZ,PSR 4X4-UHP-RFT,PSR UHP,1.0,0.0,10000.0,6847.0,0.0,0.0
IZMIT SUBE DEPO,MTD-1581153-25,225/55R18 98V FR HECTORRA5 C-B-71db,LASTIK TUKETICI,MATADOR,YAZ,PSR 4X4-UHP-RFT,PSR UHP,4.0,0.0,40000.0,6847.0,0.0,0.0
COMPETUS DEPO,MTD-1581153-26,225/55R18 98V FR HECTORRA5 C-B-71db,LASTIK TUKETICI,MATADOR,YAZ,PSR 4X4-UHP-RFT,PSR UHP,20.0,0.0,200000.0,6847.0,0.0,0.0
COMPETUS DEPO,MTD-1581154-25,235/40R18 95Y XL FR HECTORRA5 C-B-72db,LASTIK TUKETICI,MATADOR,YAZ,PSR 4X4-UHP-RFT,PSR UHP,8.0,0.0,80000.0,5287.0,0.0,0.0
SANAYI SUBE DEPO,MTD-1581154-25,235/40R18 95Y XL FR HECTORRA5 C-B-72db,LASTIK TUKETICI,MATADOR,YAZ,PSR 4X4-UHP-RFT,PSR UHP,4.0,0.0,40000.0,5287.0,0.0,0.0
COMPETUS DEPO,MTD-1581155-25,235/40R19 96Y XL FR HECTORRA5 C-B-72db,LASTIK TUKETICI,MATADOR,YAZ,PSR 4X4-UHP-RFT,PSR UHP,3.0,0.0,30000.0,7903.0,0.0,0.0
MERKEZ DEPO,MTD-1581155-25,235/40R19 96Y XL FR HECTORRA5 C-B-72db,LASTIK TUKETICI,MATADOR,YAZ,PSR 4X4-UHP-RFT,PSR UHP,2.0,0.0,20000.0,7903.0,0.0,0.0
SANAYI SUBE DEPO,MTD-1581155-25,235/40R19 96Y XL FR HECTORRA5 C-B-72db,LASTIK TUKETICI,MATADOR,YAZ,PSR 4X4-UHP-RFT,PSR UHP,2.0,0.0,20000.0,7903.0,0.0,0.0
IZMIT SUBE DEPO,MTD-1581155-25,235/40R19 96Y XL FR HECTORRA5 C-B-72db,LASTIK TUKETICI,MATADOR,YAZ,PSR 4X4-UHP-RFT,PSR UHP,4.0,0.0,40000.0,7903.0,0.0,0.0
IZMIT SUBE DEPO,MTD-1581156-25,235/45R17 97Y XL FR HECTORRA5 C-B-72db,LASTIK TUKETICI,MATADOR,YAZ,PSR 4X4-UHP-RFT,PSR UHP,4.0,0.0,40000.0,5150.0,0.0,0.0
COMPETUS DEPO,MTD-1581156-25,235/45R17 97Y XL FR HECTORRA5 C-B-72db,LASTIK TUKETICI,MATADOR,YAZ,PSR 4X4-UHP-RFT,PSR UHP,14.0,0.0,140000.0,5150.0,0.0,0.0
COMPETUS DEPO,MTD-1581157-26,235/45R18 98Y XL FR HECTORRA5 C-B-72db,LASTIK TUKETICI,MATADOR,YAZ,PSR 4X4-UHP-RFT,PSR UHP,34.0,0.0,340000.0,6491.0,0.0,0.0
IZMIT SUBE DEPO,MTD-1581158-25,235/45R19 99W XL FR HECTORRA5 C-B-72db,LASTIK TUKETICI,MATADOR,YAZ,PSR 4X4-UHP-RFT,PSR UHP,4.0,0.0,40000.0,9229.0,0.0,0.0
COMPETUS DEPO,MTD-1581158-25,235/45R19 99W XL FR HECTORRA5 C-B-72db,LASTIK TUKETICI,MATADOR,YAZ,PSR 4X4-UHP-RFT,PSR UHP,1.0,0.0,10000.0,9229.0,0.0,0.0
SANAYI SUBE DEPO,MTD-1581159-25,235/50R18 97V FR HECTORRA5 C-B-71db,LASTIK TUKETICI,MATADOR,YAZ,PSR 4X4-UHP-RFT,PSR UHP,2.0,0.0,20000.0,6974.0,0.0,0.0
COMPETUS DEPO,MTD-1581159-26,235/50R18 97V FR HECTORRA5 C-B-71db,LASTIK TUKETICI,MATADOR,YAZ,PSR 4X4-UHP-RFT,PSR UHP,12.0,0.0,120000.0,6974.0,0.0,0.0
COMPETUS DEPO,MTD-1581160-26,235/55R17 103V XL FR HECTORRA5 C-B-72db,LASTIK TUKETICI,MATADOR,YAZ,PSR 4X4-UHP-RFT,PSR UHP,8.0,0.0,80000.0,6972.0,0.0,0.0
IZMIT SUBE DEPO,MTD-1581162-25,235/55R19 105V XL FR HECTORRA5 C-B-72db,LASTIK TUKETICI,MATADOR,YAZ,PSR 4X4-UHP-RFT,PSR UHP,4.0,0.0,40000.0,7173.0,0.0,0.0
MERKEZ DEPO,MTD-1581162-25,235/55R19 105V XL FR HECTORRA5 C-B-72db,LASTIK TUKETICI,MATADOR,YAZ,PSR 4X4-UHP-RFT,PSR UHP,4.0,0.0,40000.0,7173.0,0.0,0.0
SANAYI SUBE DEPO,MTD-1581162-25,235/55R19 105V XL FR HECTORRA5 C-B-72db,LASTIK TUKETICI,MATADOR,YAZ,PSR 4X4-UHP-RFT,PSR UHP,8.0,0.0,80000.0,7173.0,0.0,0.0
COMPETUS DEPO,MTD-1581163-25,235/65R17 108V XL FR HECTORRA5 C-B-72db,LASTIK TUKETICI,MATADOR,YAZ,PSR 4X4-UHP-RFT,PSR UHP,8.0,0.0,80000.0,6841.0,0.0,0.0
IZMIT SUBE DEPO,MTD-1581166-25,245/40R19 98Y XL FR HECTORRA5 C-B-72db,LASTIK TUKETICI,MATADOR,YAZ,PSR 4X4-UHP-RFT,PSR UHP,1.0,0.0,10000.0,7143.0,0.0,0.0
IZMIT SUBE DEPO,MTD-1581167-25,245/45R17 99Y XL FR HECTORRA5 C-B-72db,LASTIK TUKETICI,MATADOR,YAZ,PSR 4X4-UHP-RFT,PSR UHP,6.0,0.0,60000.0,5909.0,0.0,0.0
SANAYI SUBE DEPO,MTD-1581167-25,245/45R17 99Y XL FR HECTORRA5 C-B-72db,LASTIK TUKETICI,MATADOR,YAZ,PSR 4X4-UHP-RFT,PSR UHP,4.0,0.0,40000.0,5909.0,0.0,0.0
COMPETUS DEPO,MTD-1581167-25,245/45R17 99Y XL FR HECTORRA5 C-B-72db,LASTIK TUKETICI,MATADOR,YAZ,PSR 4X4-UHP-RFT,PSR UHP,20.0,0.0,200000.0,5909.0,0.0,0.0
IZMIT SUBE DEPO,MTD-1581168-25,245/45R18 100Y XL FR HECTORRA5 C-B-72db,LASTIK TUKETICI,MATADOR,YAZ,PSR 4X4-UHP-RFT,PSR UHP,2.0,0.0,20000.0,6349.0,0.0,0.0
COMPETUS DEPO,MTD-1581168-25,245/45R18 100Y XL FR HECTORRA5 C-B-72db,LASTIK TUKETICI,MATADOR,YAZ,PSR 4X4-UHP-RFT,PSR UHP,1.0,0.0,10000.0,6349.0,0.0,0.0
COMPETUS DEPO,MTD-1581168-26,245/45R18 100Y XL FR HECTORRA5 C-B-72db,LASTIK TUKETICI,MATADOR,YAZ,PSR 4X4-UHP-RFT,PSR UHP,12.0,0.0,120000.0,6349.0,0.0,0.0
MERKEZ DEPO,MTD-1581171-25,255/40R19 100Y XL FR HECTORRA5 C-B-73db,LASTIK TUKETICI,MATADOR,YAZ,PSR 4X4-UHP-RFT,PSR UHP,1.0,0.0,10000.0,7564.0,0.0,0.0
COMPETUS DEPO,MTD-1581171-25,255/40R19 100Y XL FR HECTORRA5 C-B-73db,LASTIK TUKETICI,MATADOR,YAZ,PSR 4X4-UHP-RFT,PSR UHP,5.0,0.0,50000.0,7564.0,0.0,0.0
IZMIT SUBE DEPO,MTD-1581171-25,255/40R19 100Y XL FR HECTORRA5 C-B-73db,LASTIK TUKETICI,MATADOR,YAZ,PSR 4X4-UHP-RFT,PSR UHP,2.0,0.0,20000.0,7564.0,0.0,0.0
SANAYI SUBE DEPO,MTD-1581182-25,185/65R15 88H HECTORRA5 C-B-70db,LASTIK TUKETICI,MATADOR,YAZ,PSR STANDART,PSR 15,8.0,0.0,80000.0,4193.0,0.0,0.0
COMPETUS DEPO,MTD-1581182-25,185/65R15 88H HECTORRA5 C-B-70db,LASTIK TUKETICI,MATADOR,YAZ,PSR STANDART,PSR 15,84.0,0.0,840000.0,4193.0,0.0,0.0
MERKEZ DEPO,MTD-1581183-25,195/45R16 84V XL FR HECTORRA5 B-B-72db,LASTIK TUKETICI,MATADOR,YAZ,PSR STANDART,PSR 16,8.0,0.0,80000.0,4616.0,0.0,0.0
IZMIT SUBE DEPO,MTD-1581189-25,195/60R15 88H HECTORRA5 C-B-71db,LASTIK TUKETICI,MATADOR,YAZ,PSR STANDART,PSR 15,8.0,0.0,80000.0,4473.0,0.0,0.0
COMPETUS DEPO,MTD-1581189-25,195/60R15 88H HECTORRA5 C-B-71db,LASTIK TUKETICI,MATADOR,YAZ,PSR STANDART,PSR 15,42.0,0.0,420000.0,4473.0,0.0,0.0
SANAYI SUBE DEPO,MTD-1581189-25,195/60R15 88H HECTORRA5 C-B-71db,LASTIK TUKETICI,MATADOR,YAZ,PSR STANDART,PSR 15,8.0,0.0,80000.0,4473.0,0.0,0.0
COMPETUS DEPO,MTD-1581190,195/65R15 95H XL HECTORRA5-2024 C-B-72db,LASTIK TUKETICI,MATADOR,YAZ,PSR STANDART,PSR 15,121.0,0.0,1210000.0,2397.6,0.0,0.0
IZMIT SUBE DEPO,MTD-1581190,195/65R15 95H XL HECTORRA5-2024 C-B-72db,LASTIK TUKETICI,MATADOR,YAZ,PSR STANDART,PSR 15,12.0,0.0,120000.0,2397.6,0.0,0.0
SANAYI SUBE DEPO,MTD-1581190-25,195/65R15 95H XL HECTORRA5 C-B-72db,LASTIK TUKETICI,MATADOR,YAZ,PSR STANDART,PSR 15,12.0,0.0,120000.0,4127.0,0.0,0.0
COMPETUS DEPO,MTD-1581190-25,195/65R15 95H XL HECTORRA5 C-B-72db,LASTIK TUKETICI,MATADOR,YAZ,PSR STANDART,PSR 15,186.0,0.0,1860000.0,4127.0,0.0,0.0
MERKEZ DEPO,MTD-1581190-25,195/65R15 95H XL HECTORRA5 C-B-72db,LASTIK TUKETICI,MATADOR,YAZ,PSR STANDART,PSR 15,143.0,0.0,1430000.0,4127.0,0.0,0.0
COMPETUS DEPO,MTD-1581191-25,195/65R15 91H HECTORRA5 C-B-71db,LASTIK TUKETICI,MATADOR,YAZ,PSR STANDART,PSR 15,2.0,0.0,20000.0,3838.0,0.0,0.0
COMPETUS DEPO,MTD-1581194-25,205/40R17 84Y XL FR HECTORRA5 C-B-72db,LASTIK TUKETICI,MATADOR,YAZ,PSR 4X4-UHP-RFT,PSR UHP,7.0,0.0,70000.0,4543.0,0.0,0.0
IZMIT SUBE DEPO,MTD-1581194-25,205/40R17 84Y XL FR HECTORRA5 C-B-72db,LASTIK TUKETICI,MATADOR,YAZ,PSR 4X4-UHP-RFT,PSR UHP,2.0,0.0,20000.0,4543.0,0.0,0.0
MERKEZ DEPO,MTD-1581199-26,215/45R16 90V XL FR HECTORRA5 C-B-72db,LASTIK TUKETICI,MATADOR,YAZ,PSR STANDART,PSR 16,8.0,0.0,80000.0,6120.0,0.0,0.0
COMPETUS DEPO,MTD-1581200-25,215/45R17 91Y XL FR HECTORRA5 C-B-72db,LASTIK TUKETICI,MATADOR,YAZ,PSR 4X4-UHP-RFT,PSR UHP,20.0,0.0,200000.0,4971.0,0.0,0.0
IZMIT SUBE DEPO,MTD-1581202-25,225/35R19 88Y XL FR HECTORRA5 C-B-72db,LASTIK TUKETICI,MATADOR,YAZ,PSR 4X4-UHP-RFT,PSR UHP,4.0,0.0,40000.0,7207.0,0.0,0.0
IZMIT SUBE DEPO,MTD-1581203-26,225/40R18 92Y XL FR HECTORRA5 C-B-72db,LASTIK TUKETICI,MATADOR,YAZ,PSR 4X4-UHP-RFT,PSR UHP,8.0,0.0,80000.0,4956.0,0.0,0.0
COMPETUS DEPO,MTD-1581203-26,225/40R18 92Y XL FR HECTORRA5 C-B-72db,LASTIK TUKETICI,MATADOR,YAZ,PSR 4X4-UHP-RFT,PSR UHP,107.0,0.0,1070000.0,4956.0,0.0,0.0
SANAYI SUBE DEPO,MTD-1581204-25,225/40R19 93Y XL FR HECTORRA5 C-B-72db,LASTIK TUKETICI,MATADOR,YAZ,PSR 4X4-UHP-RFT,PSR UHP,3.0,0.0,30000.0,8096.0,0.0,0.0
IZMIT SUBE DEPO,MTD-1581204-25,225/40R19 93Y XL FR HECTORRA5 C-B-72db,LASTIK TUKETICI,MATADOR,YAZ,PSR 4X4-UHP-RFT,PSR UHP,4.0,0.0,40000.0,8096.0,0.0,0.0
COMPETUS DEPO,MTD-1581211-25,235/55R18 104V XL FR HECTORRA5 C-B-72db,LASTIK TUKETICI,MATADOR,YAZ,PSR 4X4-UHP-RFT,PSR UHP,20.0,0.0,200000.0,7123.0,0.0,0.0
SANAYI SUBE DEPO,MTD-1581212-25,235/55R18 100V FR HECTORRA5 C-B-71db,LASTIK TUKETICI,MATADOR,YAZ,PSR 4X4-UHP-RFT,PSR UHP,2.0,0.0,20000.0,6750.0,0.0,0.0
COMPETUS DEPO,MTD-1581212-25,235/55R18 100V FR HECTORRA5 C-B-71db,LASTIK TUKETICI,MATADOR,YAZ,PSR 4X4-UHP-RFT,PSR UHP,20.0,0.0,200000.0,6750.0,0.0,0.0
MERKEZ DEPO,MTD-1581212-25,235/55R18 100V FR HECTORRA5 C-B-71db,LASTIK TUKETICI,MATADOR,YAZ,PSR 4X4-UHP-RFT,PSR UHP,3.0,0.0,30000.0,6750.0,0.0,0.0
IZMIT SUBE DEPO,MTD-1581212-25,235/55R18 100V FR HECTORRA5 C-B-71db,LASTIK TUKETICI,MATADOR,YAZ,PSR 4X4-UHP-RFT,PSR UHP,8.0,0.0,80000.0,6750.0,0.0,0.0
COMPETUS DEPO,MTD-1581213-25,235/60R18 107V XL FR HECTORRA5 B-B-72db,LASTIK TUKETICI,MATADOR,YAZ,PSR 4X4-UHP-RFT,PSR UHP,8.0,0.0,80000.0,7248.0,0.0,0.0
COMPETUS DEPO,MTD-1581213-26,235/60R18 107V XL FR HECTORRA5 B-B-72db,LASTIK TUKETICI,MATADOR,YAZ,PSR 4X4-UHP-RFT,PSR UHP,12.0,0.0,120000.0,7248.0,0.0,0.0
MERKEZ DEPO,MTD-1581216-25,245/45R20 103Y XL FR HECTORRA5 C-B-72db,LASTIK TUKETICI,MATADOR,YAZ,PSR 4X4-UHP-RFT,PSR UHP,12.0,0.0,120000.0,8693.0,0.0,0.0
MERKEZ DEPO,MTD-1581218-25,255/35R19 96Y XL FR HECTORRA5 C-B-73db,LASTIK TUKETICI,MATADOR,YAZ,PSR 4X4-UHP-RFT,PSR UHP,4.0,0.0,40000.0,6865.0,0.0,0.0
IZMIT SUBE DEPO,MTD-1581218-25,255/35R19 96Y XL FR HECTORRA5 C-B-73db,LASTIK TUKETICI,MATADOR,YAZ,PSR 4X4-UHP-RFT,PSR UHP,4.0,0.0,40000.0,6865.0,0.0,0.0
SANAYI SUBE DEPO,MTD-1581218-25,255/35R19 96Y XL FR HECTORRA5 C-B-73db,LASTIK TUKETICI,MATADOR,YAZ,PSR 4X4-UHP-RFT,PSR UHP,2.0,0.0,20000.0,6865.0,0.0,0.0
COMPETUS DEPO,MTD-1581219-25,265/35R18 93Y FR HECTORRA5 D-B-72db,LASTIK TUKETICI,MATADOR,YAZ,PSR 4X4-UHP-RFT,PSR UHP,2.0,0.0,20000.0,6803.0,0.0,0.0
IZMIT SUBE DEPO,MTD-1581221-25,215/50R18 96W XL FR HECTORRA5 C-B-72db,LASTIK TUKETICI,MATADOR,YAZ,PSR 4X4-UHP-RFT,PSR UHP,4.0,0.0,40000.0,6789.0,0.0,0.0
COMPETUS DEPO,MTD-1581221-25,215/50R18 96W XL FR HECTORRA5 C-B-72db,LASTIK TUKETICI,MATADOR,YAZ,PSR 4X4-UHP-RFT,PSR UHP,2.0,0.0,20000.0,6789.0,0.0,0.0
MERKEZ DEPO,MTD-1581222-25,225/45R19 96W XL FR HECTORRA5 C-B-72db,LASTIK TUKETICI,MATADOR,YAZ,PSR 4X4-UHP-RFT,PSR UHP,2.0,0.0,20000.0,8121.0,0.0,0.0
COMPETUS DEPO,MTD-1581222-26,225/45R19 96W XL FR HECTORRA5 C-B-72db,LASTIK TUKETICI,MATADOR,YAZ,PSR 4X4-UHP-RFT,PSR UHP,7.0,0.0,70000.0,8121.0,0.0,0.0
COMPETUS DEPO,MTD-1581223-25,225/50R18 99W XL FR HECTORRA5 C-B-72db,LASTIK TUKETICI,MATADOR,YAZ,PSR 4X4-UHP-RFT,PSR UHP,3.0,0.0,30000.0,7011.0,0.0,0.0
COMPETUS DEPO,MTD-1581223-26,225/50R18 99W XL FR HECTORRA5 C-B-72db,LASTIK TUKETICI,MATADOR,YAZ,PSR 4X4-UHP-RFT,PSR UHP,4.0,0.0,40000.0,7011.0,0.0,0.0
COMPETUS DEPO,MTD-1581224-25,225/55R19 99V FR HECTORRA5 C-B-71db,LASTIK TUKETICI,MATADOR,YAZ,PSR 4X4-UHP-RFT,PSR UHP,2.0,0.0,20000.0,6564.0,0.0,0.0
IZMIT SUBE DEPO,MTD-1581224-25,225/55R19 99V FR HECTORRA5 C-B-71db,LASTIK TUKETICI,MATADOR,YAZ,PSR 4X4-UHP-RFT,PSR UHP,4.0,0.0,40000.0,6564.0,0.0,0.0
COMPETUS DEPO,MTD-1581225-25,225/60R17 99V FR HECTORRA5 C-B-71db,LASTIK TUKETICI,MATADOR,YAZ,PSR 4X4-UHP-RFT,PSR UHP,8.0,0.0,80000.0,7088.0,0.0,0.0
IZMIT SUBE DEPO,MTD-1581225-25,225/60R17 99V FR HECTORRA5 C-B-71db,LASTIK TUKETICI,MATADOR,YAZ,PSR 4X4-UHP-RFT,PSR UHP,4.0,0.0,40000.0,7088.0,0.0,0.0
SANAYI SUBE DEPO,MTD-1581226-25,235/50R19 99V FR HECTORRA5 C-B-71db,LASTIK TUKETICI,MATADOR,YAZ,PSR 4X4-UHP-RFT,PSR UHP,8.0,0.0,80000.0,7219.0,0.0,0.0
MERKEZ DEPO,MTD-1581226-25,235/50R19 99V FR HECTORRA5 C-B-71db,LASTIK TUKETICI,MATADOR,YAZ,PSR 4X4-UHP-RFT,PSR UHP,49.0,0.0,490000.0,7219.0,0.0,0.0
COMPETUS DEPO,MTD-1581226-25,235/50R19 99V FR HECTORRA5 C-B-71db,LASTIK TUKETICI,MATADOR,YAZ,PSR 4X4-UHP-RFT,PSR UHP,28.0,0.0,280000.0,7219.0,0.0,0.0
IZMIT SUBE DEPO,MTD-1581226-25,235/50R19 99V FR HECTORRA5 C-B-71db,LASTIK TUKETICI,MATADOR,YAZ,PSR 4X4-UHP-RFT,PSR UHP,8.0,0.0,80000.0,7219.0,0.0,0.0
COMPETUS DEPO,MTD-1581228-25,205/45R16 83Y FR HECTORRA5 D-C-71db,LASTIK TUKETICI,MATADOR,YAZ,PSR STANDART,PSR 16,28.0,0.0,280000.0,5126.0,0.0,0.0
SANAYI SUBE DEPO,MTD-1581233-25,175/65R15 84T HECTORRA5 C-B-70db,LASTIK TUKETICI,MATADOR,YAZ,PSR STANDART,PSR 15,14.0,0.0,140000.0,4065.0,0.0,0.0
COMPETUS DEPO,MTD-1581234-25,175/70R14 84T HECTORRA5 C-C-70db,LASTIK TUKETICI,MATADOR,YAZ,PSR STANDART,PSR 13-14,18.0,0.0,180000.0,4104.0,0.0,0.0
COMPETUS DEPO,MTD-1581235-25,185/60R14 82T HECTORRA5 D-C-70db,LASTIK TUKETICI,MATADOR,YAZ,PSR STANDART,PSR 13-14,3.0,0.0,30000.0,3681.0,0.0,0.0
IZMIT SUBE DEPO,MTD-1581235-25,185/60R14 82T HECTORRA5 D-C-70db,LASTIK TUKETICI,MATADOR,YAZ,PSR STANDART,PSR 13-14,4.0,0.0,40000.0,3681.0,0.0,0.0
COMPETUS DEPO,MTD-1581235-26,185/60R14 82T HECTORRA5 D-C-70db,LASTIK TUKETICI,MATADOR,YAZ,PSR STANDART,PSR 13-14,44.0,0.0,440000.0,3681.0,0.0,0.0
COMPETUS DEPO,MTD-1581236-25,185/60R15 84H HECTORRA5 C-B-70db,LASTIK TUKETICI,MATADOR,YAZ,PSR STANDART,PSR 15,52.0,0.0,520000.0,4300.0,0.0,0.0
SANAYI SUBE DEPO,MTD-1581236-25,185/60R15 84H HECTORRA5 C-B-70db,LASTIK TUKETICI,MATADOR,YAZ,PSR STANDART,PSR 15,8.0,0.0,80000.0,4300.0,0.0,0.0
IZMIT SUBE DEPO,MTD-1581236-25,185/60R15 84H HECTORRA5 C-B-70db,LASTIK TUKETICI,MATADOR,YAZ,PSR STANDART,PSR 15,8.0,0.0,80000.0,4300.0,0.0,0.0
COMPETUS DEPO,MTD-1581242-25,255/55R19 111V XL FR HECTORRA5 B-B-73db,LASTIK TUKETICI,MATADOR,YAZ,PSR 4X4-UHP-RFT,PSR UHP,4.0,0.0,40000.0,7813.0,0.0,0.0
COMPETUS DEPO,MTD-1581245-25,215/65R17 99V FR HECTORRA5 C-B-71db,LASTIK TUKETICI,MATADOR,YAZ,PSR 4X4-UHP-RFT,PSR UHP,12.0,0.0,120000.0,5551.0,0.0,0.0
MERKEZ DEPO,MTD-1581248-26,245/40R17 95Y XL FR HECTORRA5 C-B-72db,LASTIK TUKETICI,MATADOR,YAZ,PSR 4X4-UHP-RFT,PSR UHP,4.0,0.0,40000.0,5946.0,0.0,0.0
COMPETUS DEPO,MTD-1581250-26,185/55R16 83V HECTORRA5 C-C-70db,LASTIK TUKETICI,MATADOR,YAZ,PSR 4X4-UHP-RFT,PSR UHP,36.0,0.0,360000.0,5208.0,0.0,0.0
COMPETUS DEPO,MTD-1581262-26,195/55R16 87H MP62 ALL WEATHER EVO D-C-72db,LASTIK TUKETICI,MATADOR,4 MEVSIM,PSR STANDART,PSR 16,72.0,0.0,720000.0,5062.0,0.0,0.0
IZMIT SUBE DEPO,MTD-1585529-25,205/50R17 93W XL MP62 ALL WEATHER EVO FR D-C-72db,LASTIK TUKETICI,MATADOR,4 MEVSIM,PSR 4X4-UHP-RFT,PSR UHP,4.0,0.0,40000.0,6638.0,0.0,0.0
COMPETUS DEPO,MTD-1585529-25,205/50R17 93W XL MP62 ALL WEATHER EVO FR D-C-72db,LASTIK TUKETICI,MATADOR,4 MEVSIM,PSR 4X4-UHP-RFT,PSR UHP,12.0,0.0,120000.0,6638.0,0.0,0.0
MERKEZ DEPO,MTD-1585530-26,235/55R17 103V XL MP62 ALL WEATHER EVO FR C-C-72db,LASTIK TUKETICI,MATADOR,4 MEVSIM,PSR 4X4-UHP-RFT,PSR 4X4,4.0,0.0,40000.0,7110.0,0.0,0.0
MERKEZ DEPO,MTD-1590140,205/70R15 96H FR MP82 CONQUERRA 2 D-C-71db,LASTIK TUKETICI,MATADOR,4 MEVSIM,PSR STANDART,PSR 15,4.0,0.0,40000.0,3537.6,0.0,0.0
COMPETUS DEPO,MTD-1590185,215/60R17 96H FR MP72 IZZARDA A/T 2 E-D-72db,LASTIK TUKETICI,MATADOR,4 MEVSIM,PSR 4X4-UHP-RFT,PSR 4X4,28.0,0.0,280000.0,5091.6,0.0,0.0
COMPETUS DEPO,MTD-1590200-25,265/70R16 112T FR MP72 IZZARDA A/T 2 D-D-73db,LASTIK TUKETICI,MATADOR,4 MEVSIM,PSR 4X4-UHP-RFT,PSR 4X4,4.0,0.0,40000.0,9807.58,0.0,0.0
COMPETUS DEPO,MTD-1590214-25,225/60R18 104H XL FR MP72 IZZARDA A/T 2 D-D-72db,LASTIK TUKETICI,MATADOR,4 MEVSIM,PSR 4X4-UHP-RFT,PSR 4X4,8.0,0.0,80000.0,8309.0,0.0,0.0
COMPETUS DEPO,MTD-424000-25,235/65R16C 121/119N MPS125 VARIANTAW (118R) 10PR D-C-72db,LASTIK TUKETICI,MATADOR,4 MEVSIM,MINIBUS / KAMYONET,LVR,6.0,0.0,60000.0,8780.0,0.0,0.0
COMPETUS DEPO,MTD-424003-25,205/75R16C 110/108R MPS125 VARIANTAW 8PR D-C-72db,LASTIK TUKETICI,MATADOR,4 MEVSIM,MINIBUS / KAMYONET,LVR,2.0,0.0,20000.0,6068.0,0.0,0.0
COMPETUS DEPO,MTD-424005-25,205/65R16C 107/105T MPS125 VARIANTAW (103T) 8PR D-C-72db,LASTIK TUKETICI,MATADOR,4 MEVSIM,MINIBUS / KAMYONET,LVR,2.0,0.0,20000.0,6064.0,0.0,0.0
COMPETUS DEPO,MTD-424008-25,195/75R16C 107/105R 8PR MPS125 VARIANTAW D-C-72db,LASTIK TUKETICI,MATADOR,4 MEVSIM,MINIBUS / KAMYONET,LVR,22.0,0.0,220000.0,5195.0,0.0,0.0
COMPETUS DEPO,MTD-424012-25,225/65R16C 112/110R MPS125 VARIANTAW 8PR D-C-72db,LASTIK TUKETICI,MATADOR,4 MEVSIM,MINIBUS / KAMYONET,LVR,10.0,0.0,100000.0,6805.0,0.0,0.0
IZMIT SUBE DEPO,MTD-424063-26,215/65R16C 109/107R 8PR MPS125 VARIANTAW D-C-72db,LASTIK TUKETICI,MATADOR,4 MEVSIM,MINIBUS / KAMYONET,LVR,4.0,0.0,40000.0,6296.0,0.0,0.0
COMPETUS DEPO,MTD-424063-26,215/65R16C 109/107R 8PR MPS125 VARIANTAW D-C-72db,LASTIK TUKETICI,MATADOR,4 MEVSIM,MINIBUS / KAMYONET,LVR,40.0,0.0,400000.0,6296.0,0.0,0.0
COMPETUS DEPO,MTD-424146-25,195/75R16C 107/105R MPS300 MAXILLA AP 8PR D-B-72db,LASTIK TUKETICI,MATADOR,YAZ,MINIBUS / KAMYONET,LVR,124.0,0.0,1240000.0,5575.0,0.0,0.0
MERKEZ DEPO,MTD-424170-25,205/65R16C 107/105T HECTORRA VAN (103T) 8PR C-B-71db,LASTIK TUKETICI,MATADOR,YAZ,MINIBUS / KAMYONET,LVR,15.0,0.0,150000.0,6316.0,0.0,0.0
SANAYI SUBE DEPO,MTD-424170-25,205/65R16C 107/105T HECTORRA VAN (103T) 8PR C-B-71db,LASTIK TUKETICI,MATADOR,YAZ,MINIBUS / KAMYONET,LVR,8.0,0.0,80000.0,6316.0,0.0,0.0
COMPETUS DEPO,MTD-424173-25,215/70R15C 109/107S HECTORRA VAN 8PR C-B-71db,LASTIK TUKETICI,MATADOR,YAZ,MINIBUS / KAMYONET,LVR,4.0,0.0,40000.0,6427.0,0.0,0.0
COMPETUS DEPO,MTD-424174-25,225/65R16C 112/110T HECTORRA VAN 8PR C-B-71db,LASTIK TUKETICI,MATADOR,YAZ,MINIBUS / KAMYONET,LVR,14.0,0.0,140000.0,6771.0,0.0,0.0
IZMIT SUBE DEPO,MTD-424174-25,225/65R16C 112/110T HECTORRA VAN 8PR C-B-71db,LASTIK TUKETICI,MATADOR,YAZ,MINIBUS / KAMYONET,LVR,9.0,0.0,90000.0,6771.0,0.0,0.0
SANAYI SUBE DEPO,MTD-424174-25,225/65R16C 112/110T HECTORRA VAN 8PR C-B-71db,LASTIK TUKETICI,MATADOR,YAZ,MINIBUS / KAMYONET,LVR,4.0,0.0,40000.0,6771.0,0.0,0.0
COMPETUS DEPO,MTD-424176-25,195/75R16C 110/108R HECTORRA VAN 10PR C-B-71db,LASTIK TUKETICI,MATADOR,YAZ,MINIBUS / KAMYONET,LVR,1.0,0.0,10000.0,5993.0,0.0,0.0
MERKEZ DEPO,MTD-424177-25,225/75R16C 121/120R HECTORRA VAN 10PR C-B-71db,LASTIK TUKETICI,MATADOR,YAZ,MINIBUS / KAMYONET,LVR,22.0,0.0,220000.0,8930.0,0.0,0.0
COMPETUS DEPO,MTD-424178-25,205/75R16C 113/111R HECTORRA VAN 10PR C-B-71db,LASTIK TUKETICI,MATADOR,YAZ,MINIBUS / KAMYONET,LVR,6.0,0.0,60000.0,6829.0,0.0,0.0
IZMIT SUBE DEPO,MTD-424178-25,205/75R16C 113/111R HECTORRA VAN 10PR C-B-71db,LASTIK TUKETICI,MATADOR,YAZ,MINIBUS / KAMYONET,LVR,1.0,0.0,10000.0,6829.0,0.0,0.0
COMPETUS DEPO,MTD-424179-25,215/75R16C 116/114R HECTORRA VAN 10PR C-B-71db,LASTIK TUKETICI,MATADOR,YAZ,MINIBUS / KAMYONET,LVR,22.0,0.0,220000.0,6833.0,0.0,0.0
IZMIT SUBE DEPO,MTD-424180,195/70R15C 104/102R HECTORRA VAN 8PR C-B-71db,LASTIK TUKETICI,MATADOR,YAZ,MINIBUS / KAMYONET,LVR,4.0,0.0,40000.0,2925.0,0.0,0.0
COMPETUS DEPO,MTD-424181-25,225/70R15C 112/110R HECTORRA VAN 8PR C-B-71db,LASTIK TUKETICI,MATADOR,YAZ,MINIBUS / KAMYONET,LVR,42.0,0.0,420000.0,6363.0,0.0,0.0
MERKEZ DEPO,MTD-424181-25,225/70R15C 112/110R HECTORRA VAN 8PR C-B-71db,LASTIK TUKETICI,MATADOR,YAZ,MINIBUS / KAMYONET,LVR,3.0,0.0,30000.0,6363.0,0.0,0.0
MERKEZ DEPO,MTD-424182-25,215/60R17C 109/107T HECTORRA VAN (104H) 8PR C-B-71db,LASTIK TUKETICI,MATADOR,YAZ,MINIBUS / KAMYONET,LVR,6.0,0.0,60000.0,8318.0,0.0,0.0
COMPETUS DEPO,MTD-424182-25,215/60R17C 109/107T HECTORRA VAN (104H) 8PR C-B-71db,LASTIK TUKETICI,MATADOR,YAZ,MINIBUS / KAMYONET,LVR,6.0,4.0,20000.0,8318.0,0.0,0.0
MERKEZ DEPO,MTD-424186-25,195/60R16C 99/97H HECTORRA VAN 6PR C-B-71db,LASTIK TUKETICI,MATADOR,YAZ,MINIBUS / KAMYONET,LVR,16.0,0.0,160000.0,6214.0,0.0,0.0
IZMIT SUBE DEPO,MTD-424189-25,205/70R15C 106/104R HECTORRA VAN 8PR C-B-71db,LASTIK TUKETICI,MATADOR,YAZ,MINIBUS / KAMYONET,LVR,2.0,0.0,20000.0,5963.0,0.0,0.0
COMPETUS DEPO,MTD-424191-25,185/75R16C 104/102R HECTORRA VAN 8PR C-B-71db,LASTIK TUKETICI,MATADOR,YAZ,MINIBUS / KAMYONET,LVR,1.0,0.0,10000.0,5909.0,0.0,0.0
COMPETUS DEPO,MTD-452040-25,225/75R16C 121/120R MPS125 VARIANTAW 10PR D-C-72db,LASTIK TUKETICI,MATADOR,4 MEVSIM,MINIBUS / KAMYONET,LVR,8.0,0.0,80000.0,8340.31,0.0,0.0
MERKEZ DEPO,MTD-492071,215/75R17.5 135/133K T HR 5 EU LRH 16PR M+S 3PMSF,LASTIK TICARI,MATADOR,TBR,BOLGESEL TASIMACILIK,TREYLER,30.0,0.0,300000.0,15236.0,0.0,0.0
MERKEZ DEPO,MTD-512847,315/70R22.5 156/150L (154/150M) F HR 4 EU LRL 20PR M+S 3PMSF,LASTIK TICARI,MATADOR,TBR,BOLGESEL TASIMACILIK,DUZ,1.0,0.0,10000.0,29816.0,0.0,0.0
MERKEZ DEPO,MTD-512848,315/80R22.5 156/150L (154/150M) F HR 4 EU LRJ 18PR M+S 3PMSF,LASTIK TICARI,MATADOR,TBR,BOLGESEL TASIMACILIK,DUZ,4.0,2.0,20000.0,30443.0,0.0,0.0
TICARI DEPO,MTD-532245,385/65R22.5 164K TL T HR 5 HL EU LRL 20PR M+S 3PMSF,LASTIK TICARI,MATADOR,TBR,BOLGESEL TASIMACILIK,TREYLER,2.0,2.0,0.0,30051.0,0.0,0.0
REYON,MTD-532245,385/65R22.5 164K TL T HR 5 HL EU LRL 20PR M+S 3PMSF,LASTIK TICARI,MATADOR,TBR,BOLGESEL TASIMACILIK,TREYLER,1.0,0.0,10000.0,30051.0,0.0,0.0
MERKEZ DEPO,MTD-532245,385/65R22.5 164K TL T HR 5 HL EU LRL 20PR M+S 3PMSF,LASTIK TICARI,MATADOR,TBR,BOLGESEL TASIMACILIK,TREYLER,60.0,0.0,600000.0,30051.0,0.0,0.0
MERKEZ DEPO,MTD-532250,385/55R22.5 160K T HR 5 EU LRL 20PR M+S 3PMSF,LASTIK TICARI,MATADOR,TBR,UZUN YOL,TREYLER,31.0,0.0,310000.0,31326.0,0.0,0.0
MERKEZ DEPO,YOK-3370,23.5R25 L*1 RL51 S L CP,LASTIK TICARI,YOKOHAMA,OTR,ORR,L5,2.0,0.0,20000.0,179112.5,0.0,0.0
MERKEZ DEPO,YOK-3372,26.5R25 L*1 RL52 S L CP,LASTIK TICARI,YOKOHAMA,OTR,ORR,L5,10.0,0.0,100000.0,236708.33,0.0,0.0
MERKEZ DEPO,YOK-3392,29.5R25 E*2 RT41 S L CPUG,LASTIK TICARI,YOKOHAMA,OTR,ORR,E4,2.0,0.0,20000.0,236325.0,0.0,0.0
MERKEZ DEPO,YOK-3428,26.5R25 E*2 RT41 S L KSCU (CPUG),LASTIK TICARI,YOKOHAMA,OTR,ORR,E4,2.0,0.0,20000.0,179016.67,0.0,0.0
MERKEZ DEPO,YOK-3468,20.5R25 L*1 RB31 S L CP,LASTIK TICARI,YOKOHAMA,OTR,ORR,L3,4.0,0.0,40000.0,102985.17,0.0,0.0
MERKEZ DEPO,YOK-3472,23.5R25 L*1 RB31 S L KSCO,LASTIK TICARI,YOKOHAMA,OTR,ORR,L3,6.0,0.0,60000.0,136283.0,0.0,0.0
MERKEZ DEPO,YOK-3478,26.5R25 E2L1RL45 S L CP,LASTIK TICARI,YOKOHAMA,OTR,ORR,L4,8.0,0.0,80000.0,189941.67,0.0,0.0
MERKEZ DEPO,YOK-3479,29.5R25 L*1 RB31 S L CP,LASTIK TICARI,YOKOHAMA,OTR,ORR,L3,4.0,0.0,40000.0,216391.67,0.0,0.0
MERKEZ DEPO,YOK-3480,29.5R25 L*1 RT41 S L CP,LASTIK TICARI,YOKOHAMA,OTR,ORR,E4,1.0,0.0,10000.0,233737.5,0.0,0.0
MERKEZ DEPO,YOK-3496,26.5R25 L*1 RB31 S L CP,LASTIK TICARI,YOKOHAMA,OTR,ORR,L3,6.0,0.0,60000.0,183197.81,0.0,0.0
MERKEZ DEPO,YOK-3585,29.5R25 L*1 RL52 S L CP,LASTIK TICARI,YOKOHAMA,OTR,ORR,L5,2.0,0.0,20000.0,301012.5,0.0,0.0
MERKEZ DEPO,YOK-3681,23.5R25 L*2 RL51 S L CP,LASTIK TICARI,YOKOHAMA,OTR,ORR,L5,2.0,0.0,20000.0,185153.5,0.0,0.0
MERKEZ DEPO,YOK-3694,23.5R25 L*2 RT41 S L CP,LASTIK TICARI,YOKOHAMA,OTR,ORR,E4,8.0,0.0,80000.0,153632.23,0.0,0.0
MERKEZ DEPO,YOK-3696,29.5R25 L*2 RT41 S L CP,LASTIK TICARI,YOKOHAMA,OTR,ORR,E4,1.0,0.0,10000.0,235137.19,0.0,0.0
IZMIT SUBE DEPO,YOK-F2058,275/45R20 110Y ADVAN SPORT V103 AUDI-2024,LASTIK TUKETICI,YOKOHAMA,YAZ,PSR 4X4-UHP-RFT,PSR UHP,4.0,0.0,40000.0,10333.33,0.0,0.0
COMPETUS DEPO,YOK-F2058,275/45R20 110Y ADVAN SPORT V103 AUDI-2024,LASTIK TUKETICI,YOKOHAMA,YAZ,PSR 4X4-UHP-RFT,PSR UHP,4.0,0.0,40000.0,10333.33,0.0,0.0
COMPETUS DEPO,YOK-F3863,295/35R21 107Y XL ADVAN SPORT V103-2024,LASTIK TUKETICI,YOKOHAMA,YAZ,PSR 4X4-UHP-RFT,PSR UHP,1.0,0.0,10000.0,9666.67,0.0,0.0
COMPETUS DEPO,YOK-F4769,225/45R17 91W ADVAN SPORT V105-2024,LASTIK TUKETICI,YOKOHAMA,YAZ,PSR 4X4-UHP-RFT,PSR UHP,2.0,0.0,20000.0,4083.33,0.0,0.0
SANAYI SUBE DEPO,YOK-F4923,205/55R16 91V ADVAN SPORT V105 MERCEDES-BENZ-2024,LASTIK TUKETICI,YOKOHAMA,YAZ,PSR STANDART,PSR 16,2.0,0.0,20000.0,3416.67,0.0,0.0
IZMIT SUBE DEPO,YOK-F4923,205/55R16 91V ADVAN SPORT V105 MERCEDES-BENZ-2024,LASTIK TUKETICI,YOKOHAMA,YAZ,PSR STANDART,PSR 16,1.0,0.0,10000.0,3416.67,0.0,0.0
COMPETUS DEPO,YOK-R0399,195/50R16 84V ADVAN FLEVA V701-2024,LASTIK TUKETICI,YOKOHAMA,YAZ,PSR STANDART,PSR 16,2.0,0.0,20000.0,4833.33,0.0,0.0
COMPETUS DEPO,YOK-R2437,195/50R16 84V BLUEARTH-ES ES32-2024,LASTIK TUKETICI,YOKOHAMA,YAZ,PSR STANDART,PSR 16,7.0,0.0,70000.0,4750.0,0.0,0.0
SANAYI SUBE DEPO,YOK-R2437,195/50R16 84V BLUEARTH-ES ES32-2024,LASTIK TUKETICI,YOKOHAMA,YAZ,PSR STANDART,PSR 16,4.0,0.0,40000.0,4750.0,0.0,0.0
IZMIT SUBE DEPO,YOK-R2443,195/60R16 89H BLUEARTH-ES ES32-2024,LASTIK TUKETICI,YOKOHAMA,YAZ,PSR STANDART,PSR 16,4.0,0.0,40000.0,4500.0,0.0,0.0
COMPETUS DEPO,YOK-R2443,195/60R16 89H BLUEARTH-ES ES32-2024,LASTIK TUKETICI,YOKOHAMA,YAZ,PSR STANDART,PSR 16,4.0,0.0,40000.0,4500.0,0.0,0.0
SANAYI SUBE DEPO,YOK-R2597,195/55R16 87V ADVAN DB V552-2024,LASTIK TUKETICI,YOKOHAMA,YAZ,PSR STANDART,PSR 16,4.0,0.0,40000.0,4166.67,0.0,0.0
IZMIT SUBE DEPO,YOK-R2597,195/55R16 87V ADVAN DB V552-2024,LASTIK TUKETICI,YOKOHAMA,YAZ,PSR STANDART,PSR 16,8.0,0.0,80000.0,4166.67,0.0,0.0
COMPETUS DEPO,YOK-R2597,195/55R16 87V ADVAN DB V552-2024,LASTIK TUKETICI,YOKOHAMA,YAZ,PSR STANDART,PSR 16,36.0,0.0,360000.0,4166.67,0.0,0.0
COMPETUS DEPO,YOK-R4575,205/55R16 91V BLUEARTH-GT AE51-2024,LASTIK TUKETICI,YOKOHAMA,YAZ,PSR STANDART,PSR 16,1.0,0.0,10000.0,2916.67,0.0,0.0
COMPETUS DEPO,YOK-R4614,205/45R17 88W XL BLUEARTH-GT AE51-2024,LASTIK TUKETICI,YOKOHAMA,YAZ,PSR 4X4-UHP-RFT,PSR UHP,4.0,0.0,40000.0,5000.0,0.0,0.0
IZMIT SUBE DEPO,YOK-R4628,245/45R19 98W BLUEARTH-GT AE51-2024,LASTIK TUKETICI,YOKOHAMA,YAZ,PSR 4X4-UHP-RFT,PSR UHP,4.0,0.0,40000.0,8333.33,0.0,0.0
COMPETUS DEPO,YOK-R4628,245/45R19 98W BLUEARTH-GT AE51-2024,LASTIK TUKETICI,YOKOHAMA,YAZ,PSR 4X4-UHP-RFT,PSR UHP,2.0,0.0,20000.0,8333.33,0.0,0.0
COMPETUS DEPO,YOK-R5107,215/65R16 98H BLUEARTH-GT AE51-2024,LASTIK TUKETICI,YOKOHAMA,YAZ,PSR STANDART,PSR 16,1.0,0.0,10000.0,3833.33,0.0,0.0
IZMIT SUBE DEPO,YOK-R5107,215/65R16 98H BLUEARTH-GT AE51-2024,LASTIK TUKETICI,YOKOHAMA,YAZ,PSR STANDART,PSR 16,1.0,0.0,10000.0,3833.33,0.0,0.0
IZMIT SUBE DEPO,YOK-R5775,215/50R18 92V BLUEARTH-XT AE61-2024,LASTIK TUKETICI,YOKOHAMA,YAZ,PSR 4X4-UHP-RFT,PSR UHP,4.0,0.0,40000.0,7416.67,0.0,0.0
SANAYI SUBE DEPO,YOK-R5777,235/55R19 101V BLUEARTH-XT AE61-2024,LASTIK TUKETICI,YOKOHAMA,YAZ,PSR 4X4-UHP-RFT,PSR UHP,2.0,0.0,20000.0,6250.0,0.0,0.0
COMPETUS DEPO,YOK-R5780,225/60R17 99V BLUEARTH-XT AE61-2024,LASTIK TUKETICI,YOKOHAMA,YAZ,PSR 4X4-UHP-RFT,PSR UHP,3.0,0.0,30000.0,5500.0,0.0,0.0
COMPETUS DEPO,YOK-R7029,235/60R18 103H BLUEARTH-XT AE61 Z.P.S-2024,LASTIK TUKETICI,YOKOHAMA,YAZ,PSR 4X4-UHP-RFT,PSR RFT,4.0,0.0,40000.0,6250.0,0.0,0.0
COMPETUS DEPO,YOK-R7371,275/40R20 106Y ADVAN SPORT V105 Z.P.S-2024,LASTIK TUKETICI,YOKOHAMA,YAZ,PSR 4X4-UHP-RFT,PSR RFT,4.0,0.0,40000.0,9833.33,0.0,0.0
COMPETUS DEPO,YOK-R8510,235/35R19 91Y XL BLUEARTH-4S AW21-2024,LASTIK TUKETICI,YOKOHAMA,4 MEVSIM,PSR 4X4-UHP-RFT,PSR UHP,12.0,0.0,120000.0,6333.33,0.0,0.0
COMPETUS DEPO,YOK-R8537,225/60R18 100V BLUEARTH-XT AE61-2024,LASTIK TUKETICI,YOKOHAMA,YAZ,PSR 4X4-UHP-RFT,PSR UHP,2.0,0.0,20000.0,6333.33,0.0,0.0
